Elapsed_Time_s,UTC_Time,UTC_Time_ms,GPS_Speed_kmh,GPS_Latitude,GPS_Longitude,GPS_Accuracy_m,GPS_Measurement_UTC_ms,GPS_Data_Age_s,IMU_Accel_X_Raw,IMU_Accel_Y_Raw,IMU_Accel_Z_Raw,IMU_Data_Age_s,Longitudinal_Acceleration_Raw,Longitudinal_Acceleration_Filtered,Acceleration_Source,Actual_Speed_kmh,Actual_Acceleration,Reference_Speed_kmh,Reference_Acceleration,Speed_Error_kmh,Acceleration_Error,Reference_Time_s,Reference_Distance_m,Actual_Distance_m,Distance_Error_m,Cycle_ID,Lap,Segment_ID,Phase,Driver_Command,Next_Phase,Time_To_Next_Phase_s,Within_Speed_Tolerance,Within_Acceleration_Tolerance,Quality_Flags,Simulated
0.01,2026-09-24T13:06:23.916Z,1790255183916,,,,,,,,,,,,,,,,0,0,,,-4.99,0,0,,47DE-BDC2,,,PRE,READY,ACCEL,4.99,,,GPS_LOST|IMU_CAL|SIM,1
0.2,2026-09-24T13:06:24.106Z,1790255184106,,,,,,,0.022973,-0.058686,9.766336,0,,,,,,0,0,,,-4.8,0,0,,47DE-BDC2,,,PRE,READY,ACCEL,4.8,,,GPS_LOST|IMU_CAL|SIM,1
0.3,2026-09-24T13:06:24.206Z,1790255184206,,,,,,,-0.000327,0.041264,9.802795,0,,,,,,0,0,,,-4.7,0,0,,47DE-BDC2,,,PRE,READY,ACCEL,4.7,,,GPS_LOST|IMU_CAL|SIM,1
0.4,2026-09-24T13:06:24.306Z,1790255184306,,,,,,,-0.030629,0.047882,9.763314,0,,,,,,0,0,,,-4.6,0,0,,47DE-BDC2,,,PRE,READY,ACCEL,4.6,,,GPS_LOST|IMU_CAL|SIM,1
0.5,2026-09-24T13:06:24.406Z,1790255184406,,,,,,,-0.045617,-0.013995,9.820757,0,,,,,,0,0,,,-4.5,0,0,,47DE-BDC2,,,PRE,READY,ACCEL,4.5,,,GPS_LOST|IMU_CAL|SIM,1
0.6,2026-09-24T13:06:24.506Z,1790255184506,,,,,,,0.012877,-0.004845,9.795253,0,,,,,,0,0,,,-4.4,0,0,,47DE-BDC2,,,PRE,READY,ACCEL,4.4,,,GPS_LOST|IMU_CAL|SIM,1
0.7,2026-09-24T13:06:24.606Z,1790255184606,,,,,,,-0.014522,0.016397,9.804623,0,,,,,,0,0,,,-4.3,0,0,,47DE-BDC2,,,PRE,READY,ACCEL,4.3,,,GPS_LOST|IMU_CAL|SIM,1
0.8,2026-09-24T13:06:24.706Z,1790255184706,,,,,,,0.000112,-0.005415,9.822697,0,,,,,,0,0,,,-4.2,0,0,,47DE-BDC2,,,PRE,READY,ACCEL,4.2,,,GPS_LOST|IMU_CAL|SIM,1
0.9,2026-09-24T13:06:24.806Z,1790255184806,,,,,,,-0.004454,-0.003155,9.812202,0,,,,,,0,0,,,-4.1,0,0,,47DE-BDC2,,,PRE,READY,ACCEL,4.1,,,GPS_LOST|IMU_CAL|SIM,1
1,2026-09-24T13:06:24.906Z,1790255184906,0,57.708916,11.974583,4,1790255184906,0,0.029469,0.035066,9.809892,0,,,,0,,0,0,,,-4,0,0,,47DE-BDC2,,,PRE,READY,ACCEL,4,,,IMU_CAL|SIM,1
1.1,2026-09-24T13:06:25.006Z,1790255185006,0,57.708916,11.974583,4,1790255184906,0.1,-0.006611,0.007363,9.824418,0,,,,0,,0,0,,,-3.9,0,0,,47DE-BDC2,,,PRE,READY,ACCEL,3.9,,,IMU_CAL|SIM,1
1.2,2026-09-24T13:06:25.106Z,1790255185106,0,57.708916,11.974583,4,1790255184906,0.2,-0.013057,-0.047147,9.851483,0,,,,0,,0,0,,,-3.8,0,0,,47DE-BDC2,,,PRE,READY,ACCEL,3.8,,,IMU_CAL|SIM,1
1.3,2026-09-24T13:06:25.206Z,1790255185206,0,57.708916,11.974583,4,1790255184906,0.3,0.039584,0.035315,9.826378,0,,,,0,,0,0,,,-3.7,0,0,,47DE-BDC2,,,PRE,READY,ACCEL,3.7,,,IMU_CAL|SIM,1
1.4,2026-09-24T13:06:25.306Z,1790255185306,0,57.708916,11.974583,4,1790255184906,0.4,0.016097,0.005336,9.743399,0,,,,0,,0,0,,,-3.6,0,0,,47DE-BDC2,,,PRE,READY,ACCEL,3.6,,,IMU_CAL|SIM,1
1.5,2026-09-24T13:06:25.406Z,1790255185406,0,57.708916,11.974583,4,1790255184906,0.5,0.026055,-0.011221,9.805434,0,,,,0,,0,0,,,-3.5,0,0,,47DE-BDC2,,,PRE,READY,ACCEL,3.5,,,IMU_CAL|SIM,1
1.6,2026-09-24T13:06:25.506Z,1790255185506,0,57.708916,11.974583,4,1790255184906,0.6,-0.024625,-0.005775,9.808691,0,,,,0,,0,0,,,-3.4,0,0,,47DE-BDC2,,,PRE,READY,ACCEL,3.4,,,IMU_CAL|SIM,1
1.7,2026-09-24T13:06:25.606Z,1790255185606,0,57.708916,11.974583,4,1790255184906,0.7,-0.012281,-0.028583,9.814451,0,,,,0,,0,0,,,-3.3,0,0,,47DE-BDC2,,,PRE,READY,ACCEL,3.3,,,IMU_CAL|SIM,1
1.8,2026-09-24T13:06:25.706Z,1790255185706,0,57.708916,11.974583,4,1790255184906,0.8,0.030486,0.039177,9.811746,0,,,,0,,0,0,,,-3.2,0,0,,47DE-BDC2,,,PRE,READY,ACCEL,3.2,,,IMU_CAL|SIM,1
1.9,2026-09-24T13:06:25.806Z,1790255185806,0,57.708916,11.974583,4,1790255184906,0.9,0.020058,0.033728,9.797333,0,,,,0,,0,0,,,-3.1,0,0,,47DE-BDC2,,,PRE,READY,ACCEL,3.1,,,IMU_CAL|SIM,1
2,2026-09-24T13:06:25.906Z,1790255185906,0,57.708916,11.974583,4,1790255185906,0,0.025541,0.045277,9.815584,0,,,GPS,0,0,0,0,,,-3,0,0,,47DE-BDC2,,,PRE,READY,ACCEL,3,,,IMU_CAL|SIM,1
2.1,2026-09-24T13:06:26.006Z,1790255186006,0,57.708916,11.974583,4,1790255185906,0.1,-0.04254,0.016513,9.793027,0,,,GPS,0,0,0,0,,,-2.9,0,0,,47DE-BDC2,,,PRE,READY,ACCEL,2.9,,,IMU_CAL|SIM,1
2.2,2026-09-24T13:06:26.106Z,1790255186106,0,57.708916,11.974583,4,1790255185906,0.2,-0.073824,0.000045,9.785636,0,,,GPS,0,0,0,0,,,-2.8,0,0,,47DE-BDC2,,,PRE,READY,ACCEL,2.8,,,IMU_CAL|SIM,1
2.3,2026-09-24T13:06:26.206Z,1790255186206,0,57.708916,11.974583,4,1790255185906,0.3,0.02533,0.007015,9.777581,0,,,GPS,0,0,0,0,,,-2.7,0,0,,47DE-BDC2,,,PRE,READY,ACCEL,2.7,,,IMU_CAL|SIM,1
2.4,2026-09-24T13:06:26.306Z,1790255186306,0,57.708916,11.974583,4,1790255185906,0.4,0.013361,0.007743,9.875359,0,,,GPS,0,0,0,0,,,-2.6,0,0,,47DE-BDC2,,,PRE,READY,ACCEL,2.6,,,IMU_CAL|SIM,1
2.5,2026-09-24T13:06:26.406Z,1790255186406,0,57.708916,11.974583,4,1790255185906,0.5,-0.012089,0.019404,9.835127,0,,,GPS,0,0,0,0,,,-2.5,0,0,,47DE-BDC2,,,PRE,READY,ACCEL,2.5,,,IMU_CAL|SIM,1
2.6,2026-09-24T13:06:26.506Z,1790255186506,0,57.708916,11.974583,4,1790255185906,0.6,-0.002526,-0.003218,9.818095,0,,,GPS,0,0,0,0,,,-2.4,0,0,,47DE-BDC2,,,PRE,READY,ACCEL,2.4,,,IMU_CAL|SIM,1
2.7,2026-09-24T13:06:26.606Z,1790255186606,0,57.708916,11.974583,4,1790255185906,0.7,0.023557,-0.045032,9.844365,0,,,GPS,0,0,0,0,,,-2.3,0,0,,47DE-BDC2,,,PRE,READY,ACCEL,2.3,,,IMU_CAL|SIM,1
2.8,2026-09-24T13:06:26.706Z,1790255186706,0,57.708916,11.974583,4,1790255185906,0.8,0.019846,0.015899,9.805792,0,,,GPS,0,0,0,0,,,-2.2,0,0,,47DE-BDC2,,,PRE,READY,ACCEL,2.2,,,IMU_CAL|SIM,1
2.9,2026-09-24T13:06:26.806Z,1790255186806,0,57.708916,11.974583,4,1790255185906,0.9,0.002854,0.041529,9.742864,0,,,GPS,0,0,0,0,,,-2.1,0,0,,47DE-BDC2,,,PRE,READY,ACCEL,2.1,,,IMU_CAL|SIM,1
3,2026-09-24T13:06:26.906Z,1790255186906,0,57.708916,11.974583,4,1790255186906,0,-0.004588,-0.031708,9.810771,0,,,GPS,0,0,0,0,,,-2,0,0,,47DE-BDC2,,,PRE,READY,ACCEL,2,,,IMU_CAL|SIM,1
3.1,2026-09-24T13:06:27.006Z,1790255187006,0,57.708916,11.974583,4,1790255186906,0.1,0.04482,0.001203,9.794433,0,,,GPS,0,0,0,0,,,-1.9,0,0,,47DE-BDC2,,,PRE,READY,ACCEL,1.9,,,IMU_CAL|SIM,1
3.2,2026-09-24T13:06:27.106Z,1790255187106,0,57.708916,11.974583,4,1790255186906,0.2,0.0031,0.004813,9.757478,0,,,GPS,0,0,0,0,,,-1.8,0,0,,47DE-BDC2,,,PRE,READY,ACCEL,1.8,,,IMU_CAL|SIM,1
3.3,2026-09-24T13:06:27.206Z,1790255187206,0,57.708916,11.974583,4,1790255186906,0.3,0.066134,-0.00641,9.84913,0,,,GPS,0,0,0,0,,,-1.7,0,0,,47DE-BDC2,,,PRE,READY,ACCEL,1.7,,,IMU_CAL|SIM,1
3.4,2026-09-24T13:06:27.306Z,1790255187306,0,57.708916,11.974583,4,1790255186906,0.4,0.013427,-0.048946,9.770621,0,,,GPS,0,0,0,0,,,-1.6,0,0,,47DE-BDC2,,,PRE,READY,ACCEL,1.6,,,IMU_CAL|SIM,1
3.5,2026-09-24T13:06:27.406Z,1790255187406,0,57.708916,11.974583,4,1790255186906,0.5,0.06125,-0.036192,9.810806,0,,,GPS,0,0,0,0,,,-1.5,0,0,,47DE-BDC2,,,PRE,READY,ACCEL,1.5,,,IMU_CAL|SIM,1
3.6,2026-09-24T13:06:27.506Z,1790255187506,0,57.708916,11.974583,4,1790255186906,0.6,-0.031429,-0.075664,9.786468,0,,,GPS,0,0,0,0,,,-1.4,0,0,,47DE-BDC2,,,PRE,READY,ACCEL,1.4,,,IMU_CAL|SIM,1
3.7,2026-09-24T13:06:27.606Z,1790255187606,0,57.708916,11.974583,4,1790255186906,0.7,0.018741,0.016843,9.795579,0,,,GPS,0,0,0,0,,,-1.3,0,0,,47DE-BDC2,,,PRE,READY,ACCEL,1.3,,,IMU_CAL|SIM,1
3.8,2026-09-24T13:06:27.706Z,1790255187706,0,57.708916,11.974583,4,1790255186906,0.8,0.040988,-0.035768,9.808715,0,,,GPS,0,0,0,0,,,-1.2,0,0,,47DE-BDC2,,,PRE,READY,ACCEL,1.2,,,IMU_CAL|SIM,1
3.9,2026-09-24T13:06:27.806Z,1790255187806,0,57.708916,11.974583,4,1790255186906,0.9,-0.07972,0.002884,9.819028,0,,,GPS,0,0,0,0,,,-1.1,0,0,,47DE-BDC2,,,PRE,READY,ACCEL,1.1,,,IMU_CAL|SIM,1
4,2026-09-24T13:06:27.906Z,1790255187906,0,57.708916,11.974583,4,1790255187906,0,-0.057239,0.033993,9.899838,0,,,GPS,0,0,0,0,,,-1,0,0,,47DE-BDC2,,,PRE,READY,ACCEL,1,,,IMU_CAL|SIM,1
4.1,2026-09-24T13:06:28.006Z,1790255188006,0,57.708916,11.974583,4,1790255187906,0.1,-0.020537,-0.00159,9.799501,0,,,GPS,0,0,0,0,,,-0.9,0,0,,47DE-BDC2,,,PRE,READY,ACCEL,0.9,,,IMU_CAL|SIM,1
4.2,2026-09-24T13:06:28.106Z,1790255188106,0,57.708916,11.974583,4,1790255187906,0.2,0.033667,0.010482,9.889235,0,,,GPS,0,0,0,0,,,-0.8,0,0,,47DE-BDC2,,,PRE,READY,ACCEL,0.8,,,IMU_CAL|SIM,1
4.3,2026-09-24T13:06:28.206Z,1790255188206,0,57.708916,11.974583,4,1790255187906,0.3,0.031317,-0.021933,9.811283,0,,,GPS,0,0,0,0,,,-0.7,0,0,,47DE-BDC2,,,PRE,READY,ACCEL,0.7,,,IMU_CAL|SIM,1
4.4,2026-09-24T13:06:28.306Z,1790255188306,0,57.708916,11.974583,4,1790255187906,0.4,0.011955,0.015616,9.832921,0,,,GPS,0,0,0,0,,,-0.6,0,0,,47DE-BDC2,,,PRE,READY,ACCEL,0.6,,,IMU_CAL|SIM,1
4.5,2026-09-24T13:06:28.406Z,1790255188406,0,57.708916,11.974583,4,1790255187906,0.5,-0.030441,0.030776,9.786072,0,,,GPS,0,0,0,0,,,-0.5,0,0,,47DE-BDC2,,,PRE,READY,ACCEL,0.5,,,IMU_CAL|SIM,1
4.6,2026-09-24T13:06:28.506Z,1790255188506,0,57.708916,11.974583,4,1790255187906,0.6,-0.026485,0.031803,9.78072,0,,,GPS,0,0,0,0,,,-0.4,0,0,,47DE-BDC2,,,PRE,READY,ACCEL,0.4,,,IMU_CAL|SIM,1
4.7,2026-09-24T13:06:28.606Z,1790255188606,0,57.708916,11.974583,4,1790255187906,0.7,-0.029976,-0.061903,9.853249,0,,,GPS,0,0,0,0,,,-0.3,0,0,,47DE-BDC2,,,PRE,READY,ACCEL,0.3,,,IMU_CAL|SIM,1
4.8,2026-09-24T13:06:28.706Z,1790255188706,0,57.708916,11.974583,4,1790255187906,0.8,0.007722,0.05962,9.789978,0,,,GPS,0,0,0,0,,,-0.2,0,0,,47DE-BDC2,,,PRE,READY,ACCEL,0.2,,,IMU_CAL|SIM,1
4.9,2026-09-24T13:06:28.806Z,1790255188806,0,57.708916,11.974583,4,1790255187906,0.9,0.003871,0.018874,9.798091,0,,,GPS,0,0,0,0,,,-0.1,0,0,,47DE-BDC2,,,PRE,READY,ACCEL,0.1,,,IMU_CAL|SIM,1
5,2026-09-24T13:06:28.906Z,1790255188906,0,57.708916,11.974583,4,1790255188906,0,-0.021731,-0.018076,9.761122,0,,,GPS,0,0,0,0.5,0,0.5,0,0,0,0,47DE-BDC2,1,1,ACCEL,ACC,CONST,16.67,1,0,IMU_CAL|SIM,1
5.1,2026-09-24T13:06:29.006Z,1790255189006,0,57.708916,11.974583,4,1790255188906,0.1,-0.003821,0.134928,9.800816,0,,,GPS,0,0,0.18,0.5,0.18,0.5,0.1,0,0,0,47DE-BDC2,1,1,ACCEL,ACC,CONST,16.57,1,0,IMU_CAL|SIM,1
5.2,2026-09-24T13:06:29.106Z,1790255189106,0,57.708916,11.974583,4,1790255188906,0.2,0.023724,0.147594,9.745156,0,,,GPS,0,0,0.36,0.5,0.36,0.5,0.2,0.01,0,-0.01,47DE-BDC2,1,1,ACCEL,ACC,CONST,16.47,1,0,IMU_CAL|SIM,1
5.3,2026-09-24T13:06:29.206Z,1790255189206,0,57.708916,11.974583,4,1790255188906,0.3,0.090607,0.208124,9.835174,0,,,GPS,0,0,0.54,0.5,0.54,0.5,0.3,0.02,0,-0.02,47DE-BDC2,1,1,ACCEL,ACC,CONST,16.37,1,0,IMU_CAL|SIM,1
5.4,2026-09-24T13:06:29.306Z,1790255189306,0,57.708916,11.974583,4,1790255188906,0.4,0.03731,0.282991,9.82447,0,,,GPS,0,0,0.72,0.5,0.72,0.5,0.4,0.04,0,-0.04,47DE-BDC2,1,1,ACCEL,ACC,CONST,16.27,1,0,IMU_CAL|SIM,1
5.5,2026-09-24T13:06:29.406Z,1790255189406,0,57.708916,11.974583,4,1790255188906,0.5,0.017044,0.273956,9.85138,0,,,GPS,0,0,0.9,0.5,0.9,0.5,0.5,0.06,0,-0.06,47DE-BDC2,1,1,ACCEL,ACC,CONST,16.17,1,0,IMU_CAL|SIM,1
5.6,2026-09-24T13:06:29.506Z,1790255189506,0,57.708916,11.974583,4,1790255188906,0.6,0.099505,0.369718,9.823362,0,,,GPS,0,0,1.08,0.5,1.08,0.5,0.6,0.09,0,-0.09,47DE-BDC2,1,1,ACCEL,ACC,CONST,16.07,0,0,IMU_CAL|SIM,1
5.7,2026-09-24T13:06:29.606Z,1790255189606,0,57.708916,11.974583,4,1790255188906,0.7,0.036601,0.403892,9.747309,0,,,GPS,0,0,1.26,0.5,1.26,0.5,0.7,0.12,0,-0.12,47DE-BDC2,1,1,ACCEL,ACC,CONST,15.97,0,0,IMU_CAL|SIM,1
5.8,2026-09-24T13:06:29.706Z,1790255189706,0,57.708916,11.974583,4,1790255188906,0.8,0.088088,0.414729,9.86187,0,,,GPS,0,0,1.44,0.5,1.44,0.5,0.8,0.16,0,-0.16,47DE-BDC2,1,1,ACCEL,ACC,CONST,15.87,0,0,IMU_CAL|SIM,1
5.9,2026-09-24T13:06:29.806Z,1790255189806,0,57.708916,11.974583,4,1790255188906,0.9,0.070252,0.46988,9.796687,0,,,GPS,0,0,1.62,0.5,1.62,0.5,0.9,0.2,0,-0.2,47DE-BDC2,1,1,ACCEL,ACC,CONST,15.77,0,0,IMU_CAL|SIM,1
6,2026-09-24T13:06:29.906Z,1790255189906,0,57.708916,11.974585,4,1790255189906,0,0.088257,0.511811,9.784315,0,,,GPS,0,0,1.8,0.5,1.8,0.5,1,0.25,0,-0.25,47DE-BDC2,1,1,ACCEL,ACC_MORE,CONST,15.67,0,0,IMU_CAL|SIM,1
6.1,2026-09-24T13:06:30.006Z,1790255190006,0,57.708916,11.974585,4,1790255189906,0.1,0.084827,0.515686,9.797666,0,,,GPS,0,0,1.98,0.5,1.98,0.5,1.1,0.3,0,-0.3,47DE-BDC2,1,1,ACCEL,ACC_MORE,CONST,15.57,0,0,IMU_CAL|SIM,1
6.2,2026-09-24T13:06:30.106Z,1790255190106,0,57.708916,11.974585,4,1790255189906,0.2,0.091947,0.530658,9.830096,0,,,GPS,0,0,2.16,0.5,2.16,0.5,1.2,0.36,0,-0.36,47DE-BDC2,1,1,ACCEL,ACC_MORE,CONST,15.47,0,0,IMU_CAL|SIM,1
6.3,2026-09-24T13:06:30.206Z,1790255190206,0,57.708916,11.974585,4,1790255189906,0.3,0.148564,0.575878,9.833007,0,,,GPS,0,0,2.34,0.5,2.34,0.5,1.3,0.42,0,-0.42,47DE-BDC2,1,1,ACCEL,ACC_MORE,CONST,15.37,0,0,IMU_CAL|SIM,1
6.4,2026-09-24T13:06:30.306Z,1790255190306,0,57.708916,11.974585,4,1790255189906,0.4,0.111788,0.568235,9.847573,0,,,GPS,0,0,2.52,0.5,2.52,0.5,1.4,0.49,0,-0.49,47DE-BDC2,1,1,ACCEL,ACC_MORE,CONST,15.27,0,0,IMU_CAL|SIM,1
6.5,2026-09-24T13:06:30.406Z,1790255190406,0,57.708916,11.974585,4,1790255189906,0.5,0.135684,0.566582,9.875651,0,,,GPS,0,0,2.7,0.5,2.7,0.5,1.5,0.56,0,-0.56,47DE-BDC2,1,1,ACCEL,ACC_MORE,CONST,15.17,0,0,IMU_CAL|SIM,1
6.6,2026-09-24T13:06:30.506Z,1790255190506,0,57.708916,11.974585,4,1790255189906,0.6,0.099631,0.528812,9.818896,0,,,GPS,0,0,2.88,0.5,2.88,0.5,1.6,0.64,0,-0.64,47DE-BDC2,1,1,ACCEL,ACC_MORE,CONST,15.07,0,0,IMU_CAL|SIM,1
6.7,2026-09-24T13:06:30.606Z,1790255190606,0,57.708916,11.974585,4,1790255189906,0.7,0.089291,0.62087,9.796257,0,,,GPS,0,0,3.06,0.5,3.06,0.5,1.7,0.72,0,-0.72,47DE-BDC2,1,1,ACCEL,ACC_MORE,CONST,14.97,0,0,IMU_CAL|SIM,1
6.8,2026-09-24T13:06:30.706Z,1790255190706,0,57.708916,11.974585,4,1790255189906,0.8,0.107296,0.550731,9.80145,0,,,GPS,0,0,3.24,0.5,3.24,0.5,1.8,0.81,0,-0.81,47DE-BDC2,1,1,ACCEL,ACC_MORE,CONST,14.87,0,0,IMU_CAL|SIM,1
6.9,2026-09-24T13:06:30.806Z,1790255190806,0,57.708916,11.974585,4,1790255189906,0.9,0.118941,0.596481,9.817389,0,,,GPS,0,0,3.42,0.5,3.42,0.5,1.9,0.9,0,-0.9,47DE-BDC2,1,1,ACCEL,ACC_MORE,CONST,14.77,0,0,IMU_CAL|SIM,1
7,2026-09-24T13:06:30.906Z,1790255190906,2.711,57.708916,11.974594,4,1790255190906,0,0.066924,0.60393,9.860069,0,,,GPS,2.711,0.753,3.6,0.5,0.889,-0.253,2,1,0.38,-0.62,47DE-BDC2,1,1,ACCEL,ACC_MORE,CONST,14.67,1,0,IMU_CAL|SIM,1
7.1,2026-09-24T13:06:31.006Z,1790255191006,2.711,57.708916,11.974594,4,1790255190906,0.1,0.102836,0.576497,9.817562,0,,,GPS,2.982,0.753,3.78,0.5,0.798,-0.253,2.1,1.1,0.38,-0.73,47DE-BDC2,1,1,ACCEL,ACC_MORE,CONST,14.57,1,0,IMU_CAL|SIM,1
7.2,2026-09-24T13:06:31.106Z,1790255191106,2.711,57.708916,11.974594,4,1790255190906,0.2,0.1424,0.573848,9.77713,0,,,GPS,3.253,0.753,3.96,0.5,0.707,-0.253,2.2,1.21,0.38,-0.83,47DE-BDC2,1,1,ACCEL,ACC_MORE,CONST,14.47,1,0,IMU_CAL|SIM,1
7.3,2026-09-24T13:06:31.206Z,1790255191206,2.711,57.708916,11.974594,4,1790255190906,0.3,0.136465,0.563284,9.780593,0,,,GPS,3.524,0.753,4.14,0.5,0.616,-0.253,2.3,1.32,0.38,-0.95,47DE-BDC2,1,1,ACCEL,ACC_MORE,CONST,14.37,1,0,IMU_CAL|SIM,1
7.4,2026-09-24T13:06:31.306Z,1790255191306,2.711,57.708916,11.974594,4,1790255190906,0.4,0.121509,0.61658,9.824146,0,,,GPS,3.795,0.753,4.32,0.5,0.525,-0.253,2.4,1.44,0.38,-1.06,47DE-BDC2,1,1,ACCEL,ACC_MORE,CONST,14.27,1,0,IMU_CAL|SIM,1
7.5,2026-09-24T13:06:31.406Z,1790255191406,2.711,57.708916,11.974594,4,1790255190906,0.5,0.16739,0.628364,9.8585,0,,,GPS,4.066,0.753,4.5,0.5,0.434,-0.253,2.5,1.56,0.38,-1.19,47DE-BDC2,1,1,ACCEL,ACC_MORE,CONST,14.17,1,0,IMU_CAL|SIM,1
7.6,2026-09-24T13:06:31.506Z,1790255191506,2.711,57.708916,11.974594,4,1790255190906,0.6,0.119187,0.548129,9.808414,0,,,GPS,4.337,0.753,4.68,0.5,0.343,-0.253,2.6,1.69,0.38,-1.31,47DE-BDC2,1,1,ACCEL,RELEASE,CONST,14.07,1,0,IMU_CAL|SIM,1
7.7,2026-09-24T13:06:31.606Z,1790255191606,2.711,57.708916,11.974594,4,1790255190906,0.7,0.110713,0.586399,9.821979,0,,,GPS,4.608,0.753,4.86,0.5,0.252,-0.253,2.7,1.82,0.38,-1.45,47DE-BDC2,1,1,ACCEL,RELEASE,CONST,13.97,1,0,IMU_CAL|SIM,1
7.8,2026-09-24T13:06:31.706Z,1790255191706,2.711,57.708916,11.974594,4,1790255190906,0.8,0.117223,0.561793,9.785142,0,,,GPS,4.879,0.753,5.04,0.5,0.161,-0.253,2.8,1.96,0.38,-1.58,47DE-BDC2,1,1,ACCEL,RELEASE,CONST,13.87,1,0,IMU_CAL|SIM,1
7.9,2026-09-24T13:06:31.806Z,1790255191806,2.711,57.708916,11.974594,4,1790255190906,0.9,0.130578,0.534094,9.826008,0,,,GPS,5.15,0.753,5.22,0.5,0.07,-0.253,2.9,2.1,0.38,-1.73,47DE-BDC2,1,1,ACCEL,RELEASE,CONST,13.77,1,0,IMU_CAL|SIM,1
8,2026-09-24T13:06:31.906Z,1790255191906,5.14,57.708916,11.974614,4,1790255191906,0,0.074809,0.521493,9.837184,0,,,GPS,5.14,0.6748,5.4,0.5,0.26,-0.1748,3,2.25,1.47,-0.78,47DE-BDC2,1,1,ACCEL,RELEASE,CONST,13.67,1,0,IMU_CAL|SIM,1
8.1,2026-09-24T13:06:32.006Z,1790255192006,5.14,57.708916,11.974614,4,1790255191906,0.1,0.122568,0.562127,9.826792,0,,,GPS,5.383,0.6748,5.58,0.5,0.197,-0.1748,3.1,2.4,1.47,-0.94,47DE-BDC2,1,1,ACCEL,RELEASE,CONST,13.57,1,0,IMU_CAL|SIM,1
8.2,2026-09-24T13:06:32.106Z,1790255192106,5.14,57.708916,11.974614,4,1790255191906,0.2,0.085685,0.536875,9.82639,0,,,GPS,5.626,0.6748,5.76,0.5,0.134,-0.1748,3.2,2.56,1.47,-1.09,47DE-BDC2,1,1,ACCEL,RELEASE,CONST,13.47,1,0,IMU_CAL|SIM,1
8.3,2026-09-24T13:06:32.206Z,1790255192206,5.14,57.708916,11.974614,4,1790255191906,0.3,0.118936,0.492435,9.805676,0,,,GPS,5.869,0.6748,5.94,0.5,0.071,-0.1748,3.3,2.72,1.47,-1.26,47DE-BDC2,1,1,ACCEL,RELEASE,CONST,13.37,1,0,IMU_CAL|SIM,1
8.4,2026-09-24T13:06:32.306Z,1790255192306,5.14,57.708916,11.974614,4,1790255191906,0.4,0.087071,0.556416,9.728484,0,,,GPS,6.112,0.6748,6.12,0.5,0.008,-0.1748,3.4,2.89,1.47,-1.42,47DE-BDC2,1,1,ACCEL,RELEASE,CONST,13.27,1,0,IMU_CAL|SIM,1
8.5,2026-09-24T13:06:32.406Z,1790255192406,5.14,57.708916,11.974614,4,1790255191906,0.5,0.066043,0.539606,9.783523,0,,,GPS,6.355,0.6748,6.3,0.5,-0.055,-0.1748,3.5,3.06,1.47,-1.6,47DE-BDC2,1,1,ACCEL,RELEASE,CONST,13.17,1,0,IMU_CAL|SIM,1
8.6,2026-09-24T13:06:32.506Z,1790255192506,5.14,57.708916,11.974614,4,1790255191906,0.6,0.130934,0.491682,9.822053,0,,,GPS,6.598,0.6748,6.48,0.5,-0.118,-0.1748,3.6,3.24,1.47,-1.77,47DE-BDC2,1,1,ACCEL,RELEASE,CONST,13.07,1,0,IMU_CAL|SIM,1
8.7,2026-09-24T13:06:32.606Z,1790255192606,5.14,57.708916,11.974614,4,1790255191906,0.7,0.091649,0.533859,9.835453,0,,,GPS,6.841,0.6748,6.66,0.5,-0.181,-0.1748,3.7,3.42,1.47,-1.96,47DE-BDC2,1,1,ACCEL,RELEASE,CONST,12.97,1,0,IMU_CAL|SIM,1
8.8,2026-09-24T13:06:32.706Z,1790255192706,5.14,57.708916,11.974614,4,1790255191906,0.8,0.120574,0.581942,9.828505,0,,,GPS,7.083,0.6748,6.84,0.5,-0.243,-0.1748,3.8,3.61,1.47,-2.14,47DE-BDC2,1,1,ACCEL,RELEASE,CONST,12.87,1,0,IMU_CAL|SIM,1
8.9,2026-09-24T13:06:32.806Z,1790255192806,5.14,57.708916,11.974614,4,1790255191906,0.9,0.115334,0.521363,9.827331,0,,,GPS,7.326,0.6748,7.02,0.5,-0.306,-0.1748,3.9,3.8,1.47,-2.34,47DE-BDC2,1,1,ACCEL,RELEASE,CONST,12.77,1,0,IMU_CAL|SIM,1
9,2026-09-24T13:06:32.906Z,1790255192906,6.683,57.708915,11.974643,4,1790255192906,0,0.040242,0.448581,9.782682,0,,,GPS,6.683,0.4285,7.2,0.5,0.517,0.0715,4,4,3.11,-0.89,47DE-BDC2,1,1,ACCEL,RELEASE,CONST,12.67,1,1,IMU_CAL|SIM,1
9.1,2026-09-24T13:06:33.006Z,1790255193006,6.683,57.708915,11.974643,4,1790255192906,0.1,0.077984,0.542819,9.839002,0,,,GPS,6.837,0.4285,7.38,0.5,0.543,0.0715,4.1,4.2,3.11,-1.09,47DE-BDC2,1,1,ACCEL,RELEASE,CONST,12.57,1,1,IMU_CAL|SIM,1
9.2,2026-09-24T13:06:33.106Z,1790255193106,6.683,57.708915,11.974643,4,1790255192906,0.2,0.055607,0.508414,9.779064,0,,,GPS,6.991,0.4285,7.56,0.5,0.569,0.0715,4.2,4.41,3.11,-1.3,47DE-BDC2,1,1,ACCEL,RELEASE,CONST,12.47,1,1,IMU_CAL|SIM,1
9.3,2026-09-24T13:06:33.206Z,1790255193206,6.683,57.708915,11.974643,4,1790255192906,0.3,0.075737,0.510079,9.865942,0,,,GPS,7.145,0.4285,7.74,0.5,0.595,0.0715,4.3,4.62,3.11,-1.51,47DE-BDC2,1,1,ACCEL,RELEASE,CONST,12.37,1,1,IMU_CAL|SIM,1
9.4,2026-09-24T13:06:33.306Z,1790255193306,6.683,57.708915,11.974643,4,1790255192906,0.4,0.108803,0.469148,9.768509,0,,,GPS,7.3,0.4285,7.92,0.5,0.62,0.0715,4.4,4.84,3.11,-1.73,47DE-BDC2,1,1,ACCEL,ACC,CONST,12.27,1,1,IMU_CAL|SIM,1
9.5,2026-09-24T13:06:33.406Z,1790255193406,6.683,57.708915,11.974643,4,1790255192906,0.5,0.117993,0.498739,9.825154,0,,,GPS,7.454,0.4285,8.1,0.5,0.646,0.0715,4.5,5.06,3.11,-1.95,47DE-BDC2,1,1,ACCEL,ACC,CONST,12.17,1,1,IMU_CAL|SIM,1
9.6,2026-09-24T13:06:33.506Z,1790255193506,6.683,57.708915,11.974643,4,1790255192906,0.6,0.096131,0.491981,9.833591,0,,,GPS,7.608,0.4285,8.28,0.5,0.672,0.0715,4.6,5.29,3.11,-2.18,47DE-BDC2,1,1,ACCEL,ACC,CONST,12.07,1,1,IMU_CAL|SIM,1
9.7,2026-09-24T13:06:33.606Z,1790255193606,6.683,57.708915,11.974643,4,1790255192906,0.7,0.052973,0.49746,9.796481,0,,,GPS,7.762,0.4285,8.46,0.5,0.698,0.0715,4.7,5.52,3.11,-2.41,47DE-BDC2,1,1,ACCEL,ACC,CONST,11.97,1,1,IMU_CAL|SIM,1
9.8,2026-09-24T13:06:33.706Z,1790255193706,6.683,57.708915,11.974643,4,1790255192906,0.8,0.102408,0.484009,9.801172,0,,,GPS,7.917,0.4285,8.64,0.5,0.723,0.0715,4.8,5.76,3.11,-2.65,47DE-BDC2,1,1,ACCEL,ACC,CONST,11.87,1,1,IMU_CAL|SIM,1
9.9,2026-09-24T13:06:33.806Z,1790255193806,6.683,57.708915,11.974643,4,1790255192906,0.9,0.10018,0.471568,9.880294,0,,,GPS,8.071,0.4285,8.82,0.5,0.749,0.0715,4.9,6,3.11,-2.89,47DE-BDC2,1,1,ACCEL,ACC,CONST,11.77,1,1,IMU_CAL|SIM,1
10,2026-09-24T13:06:33.906Z,1790255193906,8.638,57.708915,11.97468,4,1790255193906,0,0.119216,0.514539,9.791033,0,,,GPS,8.638,0.5431,9,0.5,0.362,-0.0431,5,6.25,5.24,-1.01,47DE-BDC2,1,1,ACCEL,ACC,CONST,11.67,1,1,IMU_CAL|SIM,1
10.1,2026-09-24T13:06:34.006Z,1790255194006,8.638,57.708915,11.97468,4,1790255193906,0.1,0.041317,0.505252,9.833463,0,,,GPS,8.833,0.5431,9.18,0.5,0.347,-0.0431,5.1,6.5,5.24,-1.27,47DE-BDC2,1,1,ACCEL,ACC,CONST,11.57,1,1,IMU_CAL|SIM,1
10.2,2026-09-24T13:06:34.106Z,1790255194106,8.638,57.708915,11.97468,4,1790255193906,0.2,0.059543,0.591474,9.794446,0,,,GPS,9.029,0.5431,9.36,0.5,0.331,-0.0431,5.2,6.76,5.24,-1.52,47DE-BDC2,1,1,ACCEL,ACC,CONST,11.47,1,1,IMU_CAL|SIM,1
10.3,2026-09-24T13:06:34.206Z,1790255194206,8.638,57.708915,11.97468,4,1790255193906,0.3,0.063225,0.467636,9.793242,0,,,GPS,9.224,0.5431,9.54,0.5,0.316,-0.0431,5.3,7.02,5.24,-1.79,47DE-BDC2,1,1,ACCEL,ACC,CONST,11.37,1,1,IMU_CAL|SIM,1
10.4,2026-09-24T13:06:34.306Z,1790255194306,8.638,57.708915,11.97468,4,1790255193906,0.4,0.156353,0.491842,9.844296,0,,,GPS,9.42,0.5431,9.72,0.5,0.3,-0.0431,5.4,7.29,5.24,-2.05,47DE-BDC2,1,1,ACCEL,ACC,CONST,11.27,1,1,IMU_CAL|SIM,1
10.5,2026-09-24T13:06:34.406Z,1790255194406,8.638,57.708915,11.97468,4,1790255193906,0.5,0.100438,0.551341,9.821113,0,,,GPS,9.615,0.5431,9.9,0.5,0.285,-0.0431,5.5,7.56,5.24,-2.33,47DE-BDC2,1,1,ACCEL,ACC,CONST,11.17,1,1,IMU_CAL|SIM,1
10.6,2026-09-24T13:06:34.506Z,1790255194506,8.638,57.708915,11.97468,4,1790255193906,0.6,0.049691,0.510468,9.813697,0,,,GPS,9.811,0.5431,10.08,0.5,0.269,-0.0431,5.6,7.84,5.24,-2.6,47DE-BDC2,1,1,ACCEL,ACC,CONST,11.07,1,1,IMU_CAL|SIM,1
10.7,2026-09-24T13:06:34.606Z,1790255194606,8.638,57.708915,11.97468,4,1790255193906,0.7,0.129182,0.497911,9.814695,0,,,GPS,10.006,0.5431,10.26,0.5,0.254,-0.0431,5.7,8.12,5.24,-2.89,47DE-BDC2,1,1,ACCEL,ACC,CONST,10.97,1,1,IMU_CAL|SIM,1
10.8,2026-09-24T13:06:34.706Z,1790255194706,8.638,57.708915,11.97468,4,1790255193906,0.8,0.098575,0.471145,9.84648,0,,,GPS,10.202,0.5431,10.44,0.5,0.238,-0.0431,5.8,8.41,5.24,-3.17,47DE-BDC2,1,1,ACCEL,ACC,CONST,10.87,1,1,IMU_CAL|SIM,1
10.9,2026-09-24T13:06:34.806Z,1790255194806,8.638,57.708915,11.97468,4,1790255193906,0.9,0.097068,0.479637,9.770655,0,,,GPS,10.397,0.5431,10.62,0.5,0.223,-0.0431,5.9,8.7,5.24,-3.47,47DE-BDC2,1,1,ACCEL,ACC,CONST,10.77,1,1,IMU_CAL|SIM,1
11,2026-09-24T13:06:34.906Z,1790255194906,10.434,57.708914,11.974726,4,1790255194906,0,0.097058,0.437803,9.781022,0,,,GPS,10.434,0.4989,10.8,0.5,0.366,0.0011,6,9,7.89,-1.11,47DE-BDC2,1,1,ACCEL,ACC,CONST,10.67,1,1,IMU_CAL|SIM,1
11.1,2026-09-24T13:06:35.006Z,1790255195006,10.434,57.708914,11.974726,4,1790255194906,0.1,0.112928,0.522695,9.834961,0,,,GPS,10.614,0.4989,10.98,0.5,0.366,0.0011,6.1,9.3,7.89,-1.42,47DE-BDC2,1,1,ACCEL,ACC,CONST,10.57,1,1,IMU_CAL|SIM,1
11.2,2026-09-24T13:06:35.106Z,1790255195106,10.434,57.708914,11.974726,4,1790255194906,0.2,0.078247,0.477268,9.806304,0,,,GPS,10.793,0.4989,11.16,0.5,0.367,0.0011,6.2,9.61,7.89,-1.72,47DE-BDC2,1,1,ACCEL,ACC,CONST,10.47,1,1,IMU_CAL|SIM,1
11.3,2026-09-24T13:06:35.206Z,1790255195206,10.434,57.708914,11.974726,4,1790255194906,0.3,0.095917,0.436679,9.792969,0,,,GPS,10.973,0.4989,11.34,0.5,0.367,0.0011,6.3,9.92,7.89,-2.04,47DE-BDC2,1,1,ACCEL,ACC,CONST,10.37,1,1,IMU_CAL|SIM,1
11.4,2026-09-24T13:06:35.306Z,1790255195306,10.434,57.708914,11.974726,4,1790255194906,0.4,0.095945,0.468935,9.824113,0,,,GPS,11.152,0.4989,11.52,0.5,0.368,0.0011,6.4,10.24,7.89,-2.35,47DE-BDC2,1,1,ACCEL,ACC,CONST,10.27,1,1,IMU_CAL|SIM,1
11.5,2026-09-24T13:06:35.406Z,1790255195406,10.434,57.708914,11.974726,4,1790255194906,0.5,0.096074,0.507429,9.80473,0,,,GPS,11.332,0.4989,11.7,0.5,0.368,0.0011,6.5,10.56,7.89,-2.68,47DE-BDC2,1,1,ACCEL,ACC,CONST,10.17,1,1,IMU_CAL|SIM,1
11.6,2026-09-24T13:06:35.506Z,1790255195506,10.434,57.708914,11.974726,4,1790255194906,0.6,0.052558,0.470272,9.817547,0,,,GPS,11.512,0.4989,11.88,0.5,0.368,0.0011,6.6,10.89,7.89,-3,47DE-BDC2,1,1,ACCEL,ACC,CONST,10.07,1,1,IMU_CAL|SIM,1
11.7,2026-09-24T13:06:35.606Z,1790255195606,10.434,57.708914,11.974726,4,1790255194906,0.7,0.114629,0.480734,9.80386,0,,,GPS,11.691,0.4989,12.06,0.5,0.369,0.0011,6.7,11.22,7.89,-3.34,47DE-BDC2,1,1,ACCEL,ACC,CONST,9.97,1,1,IMU_CAL|SIM,1
11.8,2026-09-24T13:06:35.706Z,1790255195706,10.434,57.708914,11.974726,4,1790255194906,0.8,0.108078,0.479949,9.809174,0,,,GPS,11.871,0.4989,12.24,0.5,0.369,0.0011,6.8,11.56,7.89,-3.67,47DE-BDC2,1,1,ACCEL,ACC,CONST,9.87,1,1,IMU_CAL|SIM,1
11.9,2026-09-24T13:06:35.806Z,1790255195806,10.434,57.708914,11.974726,4,1790255194906,0.9,0.065926,0.507331,9.808268,0,,,GPS,12.051,0.4989,12.42,0.5,0.369,0.0011,6.9,11.9,7.89,-4.02,47DE-BDC2,1,1,ACCEL,ACC,CONST,9.77,1,1,IMU_CAL|SIM,1
12,2026-09-24T13:06:35.906Z,1790255195906,12.13,57.708913,11.97478,4,1790255195906,0,0.141274,0.462329,9.808108,0,,,GPS,12.13,0.4711,12.6,0.5,0.47,0.0289,7,12.25,11.02,-1.23,47DE-BDC2,1,1,ACCEL,ACC,CONST,9.67,1,1,IMU_CAL|SIM,1
12.1,2026-09-24T13:06:36.006Z,1790255196006,12.13,57.708913,11.97478,4,1790255195906,0.1,0.092412,0.498639,9.775543,0,,,GPS,12.299,0.4711,12.78,0.5,0.481,0.0289,7.1,12.6,11.02,-1.58,47DE-BDC2,1,1,ACCEL,ACC,CONST,9.57,1,1,IMU_CAL|SIM,1
12.2,2026-09-24T13:06:36.106Z,1790255196106,12.13,57.708913,11.97478,4,1790255195906,0.2,0.0725,0.525919,9.762217,0,,,GPS,12.469,0.4711,12.96,0.5,0.491,0.0289,7.2,12.96,11.02,-1.94,47DE-BDC2,1,1,ACCEL,ACC,CONST,9.47,1,1,IMU_CAL|SIM,1
12.3,2026-09-24T13:06:36.206Z,1790255196206,12.13,57.708913,11.97478,4,1790255195906,0.3,0.133401,0.535353,9.842718,0,0.5221,0.1288,IMU,12.158,0.1288,13.14,0.5,0.982,0.3712,7.3,13.32,11.02,-2.3,47DE-BDC2,1,1,ACCEL,ACC,CONST,9.37,1,0,SIM,1
12.4,2026-09-24T13:06:36.306Z,1790255196306,12.13,57.708913,11.97478,4,1790255195906,0.4,0.085816,0.52426,9.873868,0,0.5027,0.2315,IMU,12.228,0.2315,13.32,0.5,1.092,0.2685,7.4,13.69,11.02,-2.67,47DE-BDC2,1,1,ACCEL,ACC,CONST,9.27,0,0,SIM,1
12.5,2026-09-24T13:06:36.406Z,1790255196406,12.13,57.708913,11.97478,4,1790255195906,0.5,0.115207,0.475782,9.790679,0,0.4604,0.2969,IMU,12.327,0.2969,13.5,0.5,1.173,0.2031,7.5,14.06,11.02,-3.04,47DE-BDC2,1,1,ACCEL,ACC,CONST,9.17,0,0,SIM,1
12.6,2026-09-24T13:06:36.506Z,1790255196506,12.13,57.708913,11.97478,4,1790255195906,0.6,0.091313,0.563894,9.779861,0,0.5429,0.3496,IMU,12.445,0.3496,13.68,0.5,1.235,0.1504,7.6,14.44,11.02,-3.42,47DE-BDC2,1,1,ACCEL,ACC,CONST,9.07,0,0,SIM,1
12.7,2026-09-24T13:06:36.606Z,1790255196606,12.13,57.708913,11.97478,4,1790255195906,0.7,0.093982,0.529145,9.802626,0,0.5092,0.3793,IMU,12.577,0.3793,13.86,0.5,1.283,0.1207,7.7,14.82,11.02,-3.8,47DE-BDC2,1,1,ACCEL,ACC_MORE,CONST,8.97,0,0,SIM,1
12.8,2026-09-24T13:06:36.706Z,1790255196706,12.13,57.708913,11.97478,4,1790255195906,0.8,0.144729,0.494594,9.828775,0,0.4841,0.4079,IMU,12.72,0.4079,14.04,0.5,1.32,0.0921,7.8,15.21,11.02,-4.19,47DE-BDC2,1,1,ACCEL,ACC_MORE,CONST,8.87,0,1,SIM,1
12.9,2026-09-24T13:06:36.806Z,1790255196806,12.13,57.708913,11.97478,4,1790255195906,0.9,0.087839,0.470787,9.782629,0,0.4507,0.4256,IMU,12.871,0.4256,14.22,0.5,1.349,0.0744,7.9,15.6,11.02,-4.58,47DE-BDC2,1,1,ACCEL,ACC_MORE,CONST,8.77,0,1,SIM,1
13,2026-09-24T13:06:36.906Z,1790255196906,13.897,57.708911,11.974843,4,1790255196906,0,0.064274,0.469723,9.816886,0,0.4454,0.4322,IMU,13.897,0.4322,14.4,0.5,0.503,0.0678,8,16,14.63,-1.37,47DE-BDC2,1,1,ACCEL,ACC_MORE,CONST,8.67,1,1,SIM,1
13.1,2026-09-24T13:06:37.006Z,1790255197006,13.897,57.708911,11.974843,4,1790255196906,0.1,0.113833,0.467947,9.803887,0,0.4525,0.4375,IMU,14.054,0.4375,14.58,0.5,0.526,0.0625,8.1,16.4,14.63,-1.77,47DE-BDC2,1,1,ACCEL,ACC_MORE,CONST,8.57,1,1,SIM,1
13.2,2026-09-24T13:06:37.106Z,1790255197106,13.897,57.708911,11.974843,4,1790255196906,0.2,0.137836,0.46513,9.80684,0,0.454,0.4462,IMU,14.213,0.4462,14.76,0.5,0.547,0.0538,8.2,16.81,14.63,-2.18,47DE-BDC2,1,1,ACCEL,ACC_MORE,CONST,8.47,1,1,SIM,1
13.3,2026-09-24T13:06:37.206Z,1790255197206,13.897,57.708911,11.974843,4,1790255196906,0.3,0.057157,0.559268,9.818879,0,0.5322,0.4549,IMU,14.375,0.4549,14.94,0.5,0.565,0.0451,8.3,17.22,14.63,-2.59,47DE-BDC2,1,1,ACCEL,ACC_MORE,CONST,8.37,1,1,SIM,1
13.4,2026-09-24T13:06:37.306Z,1790255197306,13.897,57.708911,11.974843,4,1790255196906,0.4,0.096656,0.495833,9.806555,0,0.4769,0.457,IMU,14.539,0.457,15.12,0.5,0.581,0.043,8.4,17.64,14.63,-3.01,47DE-BDC2,1,1,ACCEL,ACC,CONST,8.27,1,1,SIM,1
13.5,2026-09-24T13:06:37.406Z,1790255197406,13.897,57.708911,11.974843,4,1790255196906,0.5,0.076459,0.511544,9.799353,0,0.4887,0.4594,IMU,14.704,0.4594,15.3,0.5,0.596,0.0406,8.5,18.06,14.63,-3.43,47DE-BDC2,1,1,ACCEL,ACC,CONST,8.17,1,1,SIM,1
13.6,2026-09-24T13:06:37.506Z,1790255197506,13.897,57.708911,11.974843,4,1790255196906,0.6,0.072083,0.50633,9.816402,0,0.4827,0.4652,IMU,14.87,0.4652,15.48,0.5,0.61,0.0348,8.6,18.49,14.63,-3.86,47DE-BDC2,1,1,ACCEL,ACC,CONST,8.07,1,1,SIM,1
13.7,2026-09-24T13:06:37.606Z,1790255197606,13.897,57.708911,11.974843,4,1790255196906,0.7,0.09242,0.484074,9.791457,0,0.4646,0.4692,IMU,15.039,0.4692,15.66,0.5,0.621,0.0308,8.7,18.92,14.63,-4.29,47DE-BDC2,1,1,ACCEL,ACC,CONST,7.97,1,1,SIM,1
13.8,2026-09-24T13:06:37.706Z,1790255197706,13.897,57.708911,11.974843,4,1790255196906,0.8,0.080476,0.527164,9.828684,0,0.5047,0.47,IMU,15.208,0.47,15.84,0.5,0.632,0.03,8.8,19.36,14.63,-4.73,47DE-BDC2,1,1,ACCEL,ACC,CONST,7.87,1,1,SIM,1
13.9,2026-09-24T13:06:37.806Z,1790255197806,13.897,57.708911,11.974843,4,1790255196906,0.9,0.041705,0.501996,9.813697,0,0.473,0.4682,IMU,15.377,0.4682,16.02,0.5,0.643,0.0318,8.9,19.8,14.63,-5.17,47DE-BDC2,1,1,ACCEL,ACC,CONST,7.77,1,1,SIM,1
14,2026-09-24T13:06:37.906Z,1790255197906,15.719,57.708909,11.974914,4,1790255197906,0,0.082228,0.540136,9.840596,0,0.5177,0.4747,IMU,15.719,0.4747,16.2,0.5,0.481,0.0253,9,20.25,18.75,-1.5,47DE-BDC2,1,1,ACCEL,ACC,CONST,7.67,1,1,SIM,1
14.1,2026-09-24T13:06:38.006Z,1790255198006,15.719,57.708909,11.974914,4,1790255197906,0.1,0.107026,0.476479,9.797956,0,0.4597,0.4668,IMU,15.888,0.4668,16.38,0.5,0.492,0.0332,9.1,20.7,18.75,-1.95,47DE-BDC2,1,1,ACCEL,ACC,CONST,7.57,1,1,SIM,1
14.2,2026-09-24T13:06:38.106Z,1790255198106,15.719,57.708909,11.974914,4,1790255197906,0.2,0.094582,0.504789,9.832786,0,0.4852,0.4653,IMU,16.056,0.4653,16.56,0.5,0.504,0.0347,9.2,21.16,18.75,-2.41,47DE-BDC2,1,1,ACCEL,ACC,CONST,7.47,1,1,SIM,1
14.3,2026-09-24T13:06:38.206Z,1790255198206,15.719,57.708909,11.974914,4,1790255197906,0.3,0.110097,0.47251,9.818323,0,0.4563,0.4599,IMU,16.222,0.4599,16.74,0.5,0.518,0.0401,9.3,21.62,18.75,-2.87,47DE-BDC2,1,1,ACCEL,ACC,CONST,7.37,1,1,SIM,1
14.4,2026-09-24T13:06:38.306Z,1790255198306,15.719,57.708909,11.974914,4,1790255197906,0.4,0.066514,0.487223,9.767365,0,0.4631,0.4621,IMU,16.388,0.4621,16.92,0.5,0.532,0.0379,9.4,22.09,18.75,-3.34,47DE-BDC2,1,1,ACCEL,ACC,CONST,7.27,1,1,SIM,1
14.5,2026-09-24T13:06:38.406Z,1790255198406,15.719,57.708909,11.974914,4,1790255197906,0.5,0.0632,0.500711,9.83709,0,0.4755,0.4637,IMU,16.555,0.4637,17.1,0.5,0.545,0.0363,9.5,22.56,18.75,-3.81,47DE-BDC2,1,1,ACCEL,ACC,CONST,7.17,1,1,SIM,1
14.6,2026-09-24T13:06:38.506Z,1790255198506,15.719,57.708909,11.974914,4,1790255197906,0.6,0.061937,0.459413,9.833351,0,0.4347,0.469,IMU,16.723,0.469,17.28,0.5,0.557,0.031,9.6,23.04,18.75,-4.29,47DE-BDC2,1,1,ACCEL,ACC,CONST,7.07,1,1,SIM,1
14.7,2026-09-24T13:06:38.606Z,1790255198606,15.719,57.708909,11.974914,4,1790255197906,0.7,0.078357,0.506573,9.821732,0,0.4841,0.468,IMU,16.892,0.468,17.46,0.5,0.568,0.032,9.7,23.52,18.75,-4.77,47DE-BDC2,1,1,ACCEL,ACC,CONST,6.97,1,1,SIM,1
14.8,2026-09-24T13:06:38.706Z,1790255198706,15.719,57.708909,11.974914,4,1790255197906,0.8,0.11147,0.5002,9.800766,0,0.4838,0.4685,IMU,17.06,0.4685,17.64,0.5,0.58,0.0315,9.8,24.01,18.75,-5.26,47DE-BDC2,1,1,ACCEL,ACC,CONST,6.87,1,1,SIM,1
14.9,2026-09-24T13:06:38.806Z,1790255198806,15.719,57.708909,11.974914,4,1790255197906,0.9,0.078818,0.475157,9.81573,0,0.4533,0.4654,IMU,17.228,0.4654,17.82,0.5,0.592,0.0346,9.9,24.5,18.75,-5.75,47DE-BDC2,1,1,ACCEL,ACC,CONST,6.77,1,1,SIM,1
15,2026-09-24T13:06:38.906Z,1790255198906,17.396,57.708907,11.974994,4,1790255198906,0,0.102803,0.473004,9.754105,0,0.4557,0.4676,IMU,17.396,0.4676,18,0.5,0.604,0.0324,10,25,23.35,-1.65,47DE-BDC2,1,1,ACCEL,ACC,CONST,6.67,1,1,SIM,1
15.1,2026-09-24T13:06:39.006Z,1790255199006,17.396,57.708907,11.974994,4,1790255198906,0.1,0.08684,0.503951,9.773255,0,0.4832,0.4701,IMU,17.565,0.4701,18.18,0.5,0.615,0.0299,10.1,25.5,23.35,-2.16,47DE-BDC2,1,1,ACCEL,ACC,CONST,6.57,1,1,SIM,1
15.2,2026-09-24T13:06:39.106Z,1790255199106,17.396,57.708907,11.974994,4,1790255198906,0.2,0.065978,0.478854,9.845157,0,0.4545,0.4717,IMU,17.736,0.4717,18.36,0.5,0.624,0.0283,10.2,26.01,23.35,-2.66,47DE-BDC2,1,1,ACCEL,ACC,CONST,6.47,1,1,SIM,1
15.3,2026-09-24T13:06:39.206Z,1790255199206,17.396,57.708907,11.974994,4,1790255198906,0.3,0.12375,0.493222,9.832776,0,0.4791,0.4787,IMU,17.907,0.4787,18.54,0.5,0.633,0.0213,10.3,26.52,23.35,-3.18,47DE-BDC2,1,1,ACCEL,ACC,CONST,6.37,1,1,SIM,1
15.4,2026-09-24T13:06:39.306Z,1790255199306,17.396,57.708907,11.974994,4,1790255198906,0.4,0.004391,0.492599,9.787754,0,0.4571,0.4774,IMU,18.08,0.4774,18.72,0.5,0.64,0.0226,10.4,27.04,23.35,-3.69,47DE-BDC2,1,1,ACCEL,ACC,CONST,6.27,1,1,SIM,1
15.5,2026-09-24T13:06:39.406Z,1790255199406,17.396,57.708907,11.974994,4,1790255198906,0.5,0.073834,0.528434,9.799932,0,0.5048,0.4805,IMU,18.252,0.4805,18.9,0.5,0.648,0.0195,10.5,27.56,23.35,-4.22,47DE-BDC2,1,1,ACCEL,ACC,CONST,6.17,1,1,SIM,1
15.6,2026-09-24T13:06:39.506Z,1790255199506,17.396,57.708907,11.974994,4,1790255198906,0.6,0.102626,0.544868,9.8408,0,0.5261,0.4826,IMU,18.425,0.4826,19.08,0.5,0.655,0.0174,10.6,28.09,23.35,-4.74,47DE-BDC2,1,1,ACCEL,ACC,CONST,6.07,1,1,SIM,1
15.7,2026-09-24T13:06:39.606Z,1790255199606,17.396,57.708907,11.974994,4,1790255198906,0.7,0.116859,0.498596,9.816408,0,0.4832,0.4798,IMU,18.598,0.4798,19.26,0.5,0.662,0.0202,10.7,28.62,23.35,-5.28,47DE-BDC2,1,1,ACCEL,ACC,CONST,5.97,1,1,SIM,1
15.8,2026-09-24T13:06:39.706Z,1790255199706,17.396,57.708907,11.974994,4,1790255198906,0.8,0.074131,0.55181,9.813522,0,0.5279,0.4841,IMU,18.772,0.4841,19.44,0.5,0.668,0.0159,10.8,29.16,23.35,-5.81,47DE-BDC2,1,1,ACCEL,ACC,CONST,5.87,1,1,SIM,1
15.9,2026-09-24T13:06:39.806Z,1790255199806,17.396,57.708907,11.974994,4,1790255198906,0.9,0.045738,0.471737,9.783992,0,0.4441,0.4846,IMU,18.947,0.4846,19.62,0.5,0.673,0.0154,10.9,29.7,23.35,-6.36,47DE-BDC2,1,1,ACCEL,ACC,CONST,5.77,1,1,SIM,1
16,2026-09-24T13:06:39.906Z,1790255199906,19.255,57.708905,11.975081,4,1790255199906,0,0.058655,0.497351,9.810002,0,0.4715,0.4716,IMU,19.255,0.4716,19.8,0.5,0.545,0.0284,11,30.25,28.44,-1.81,47DE-BDC2,1,1,ACCEL,ACC,CONST,5.67,1,1,SIM,1
16.1,2026-09-24T13:06:40.006Z,1790255200006,19.255,57.708905,11.975081,4,1790255199906,0.1,0.07416,0.535004,9.800227,0,0.5114,0.4744,IMU,19.425,0.4744,19.98,0.5,0.555,0.0256,11.1,30.8,28.44,-2.37,47DE-BDC2,1,1,ACCEL,ACC,CONST,5.57,1,1,SIM,1
16.2,2026-09-24T13:06:40.106Z,1790255200106,19.255,57.708905,11.975081,4,1790255199906,0.2,0.083048,0.504273,9.786986,0,0.4828,0.4773,IMU,19.596,0.4773,20.16,0.5,0.564,0.0227,11.2,31.36,28.44,-2.92,47DE-BDC2,1,1,ACCEL,ACC,CONST,5.47,1,1,SIM,1
16.3,2026-09-24T13:06:40.206Z,1790255200206,19.255,57.708905,11.975081,4,1790255199906,0.3,0.084909,0.530641,9.828157,0,0.5089,0.4759,IMU,19.768,0.4759,20.34,0.5,0.572,0.0241,11.3,31.92,28.44,-3.49,47DE-BDC2,1,1,ACCEL,ACC,CONST,5.37,1,1,SIM,1
16.4,2026-09-24T13:06:40.306Z,1790255200306,19.255,57.708905,11.975081,4,1790255199906,0.4,0.120568,0.492266,9.867486,0,0.4775,0.4742,IMU,19.938,0.4742,20.52,0.5,0.582,0.0258,11.4,32.49,28.44,-4.05,47DE-BDC2,1,1,ACCEL,ACC,CONST,5.27,1,1,SIM,1
16.5,2026-09-24T13:06:40.406Z,1790255200406,19.255,57.708905,11.975081,4,1790255199906,0.5,0.061229,0.513164,9.7866,0,0.4876,0.4707,IMU,20.107,0.4707,20.7,0.5,0.593,0.0293,11.5,33.06,28.44,-4.63,47DE-BDC2,1,1,ACCEL,ACC,CONST,5.17,1,1,SIM,1
16.6,2026-09-24T13:06:40.506Z,1790255200506,19.255,57.708905,11.975081,4,1790255199906,0.6,0.073973,0.533279,9.822981,0,0.5096,0.4723,IMU,20.276,0.4723,20.88,0.5,0.604,0.0277,11.6,33.64,28.44,-5.2,47DE-BDC2,1,1,ACCEL,ACC,CONST,5.07,1,1,SIM,1
16.7,2026-09-24T13:06:40.606Z,1790255200606,19.255,57.708905,11.975081,4,1790255199906,0.7,0.121097,0.477904,9.788127,0,0.4637,0.4694,IMU,20.445,0.4694,21.06,0.5,0.615,0.0306,11.7,34.22,28.44,-5.79,47DE-BDC2,1,1,ACCEL,ACC,CONST,4.97,1,1,SIM,1
16.8,2026-09-24T13:06:40.706Z,1790255200706,19.255,57.708905,11.975081,4,1790255199906,0.8,0.094821,0.463203,9.747482,0,0.4446,0.4682,IMU,20.614,0.4682,21.24,0.5,0.626,0.0318,11.8,34.81,28.44,-6.37,47DE-BDC2,1,1,ACCEL,ACC,CONST,4.87,1,1,SIM,1
16.9,2026-09-24T13:06:40.806Z,1790255200806,19.255,57.708905,11.975081,4,1790255199906,0.9,0.01979,0.481121,9.804529,0,0.4486,0.4691,IMU,20.784,0.4691,21.42,0.5,0.636,0.0309,11.9,35.4,28.44,-6.97,47DE-BDC2,1,1,ACCEL,ACC,CONST,4.77,1,1,SIM,1
17,2026-09-24T13:06:40.906Z,1790255200906,21.064,57.708902,11.975178,4,1790255200906,0,0.061655,0.528163,9.787085,0,0.5024,0.4708,IMU,21.064,0.4708,21.6,0.5,0.536,0.0292,12,36,34.04,-1.96,47DE-BDC2,1,1,ACCEL,ACC,CONST,4.67,1,1,SIM,1
17.1,2026-09-24T13:06:41.006Z,1790255201006,21.064,57.708902,11.975178,4,1790255200906,0.1,0.029487,0.505121,9.817068,0,0.474,0.4709,IMU,21.233,0.4709,21.78,0.5,0.547,0.0291,12.1,36.6,34.04,-2.57,47DE-BDC2,1,1,ACCEL,ACC,CONST,4.57,1,1,SIM,1
17.2,2026-09-24T13:06:41.106Z,1790255201106,21.064,57.708902,11.975178,4,1790255200906,0.2,0.098915,0.500681,9.828598,0,0.482,0.4748,IMU,21.403,0.4748,21.96,0.5,0.557,0.0252,12.2,37.21,34.04,-3.17,47DE-BDC2,1,1,ACCEL,ACC,CONST,4.47,1,1,SIM,1
17.3,2026-09-24T13:06:41.206Z,1790255201206,21.064,57.708902,11.975178,4,1790255200906,0.3,0.057267,0.48611,9.833537,0,0.4602,0.4748,IMU,21.575,0.4748,22.14,0.5,0.565,0.0252,12.3,37.82,34.04,-3.79,47DE-BDC2,1,1,ACCEL,ACC,CONST,4.37,1,1,SIM,1
17.4,2026-09-24T13:06:41.306Z,1790255201306,21.064,57.708902,11.975178,4,1790255200906,0.4,0.079129,0.492191,9.782419,0,0.4702,0.4767,IMU,21.746,0.4767,22.32,0.5,0.574,0.0233,12.4,38.44,34.04,-4.4,47DE-BDC2,1,1,ACCEL,ACC,CONST,4.27,1,1,SIM,1
17.5,2026-09-24T13:06:41.406Z,1790255201406,21.064,57.708902,11.975178,4,1790255200906,0.5,0.091237,0.498042,9.811799,0,0.478,0.4793,IMU,21.918,0.4793,22.5,0.5,0.582,0.0207,12.5,39.06,34.04,-5.03,47DE-BDC2,1,1,ACCEL,ACC,CONST,4.17,1,1,SIM,1
17.6,2026-09-24T13:06:41.506Z,1790255201506,21.064,57.708902,11.975178,4,1790255200906,0.6,0.07037,0.472677,9.808766,0,0.4494,0.4778,IMU,22.091,0.4778,22.68,0.5,0.589,0.0222,12.6,39.69,34.04,-5.65,47DE-BDC2,1,1,ACCEL,ACC,CONST,4.07,1,1,SIM,1
17.7,2026-09-24T13:06:41.606Z,1790255201606,21.064,57.708902,11.975178,4,1790255200906,0.7,0.138182,0.472498,9.78075,0,0.4614,0.4769,IMU,22.263,0.4769,22.86,0.5,0.597,0.0231,12.7,40.32,34.04,-6.29,47DE-BDC2,1,1,ACCEL,ACC,CONST,3.97,1,1,SIM,1
17.8,2026-09-24T13:06:41.706Z,1790255201706,21.064,57.708902,11.975178,4,1790255200906,0.8,0.062898,0.485411,9.786616,0,0.4606,0.4767,IMU,22.435,0.4767,23.04,0.5,0.605,0.0233,12.8,40.96,34.04,-6.92,47DE-BDC2,1,1,ACCEL,ACC,CONST,3.87,1,1,SIM,1
17.9,2026-09-24T13:06:41.806Z,1790255201806,21.064,57.708902,11.975178,4,1790255200906,0.9,0.098043,0.537827,9.852392,0,0.5183,0.4784,IMU,22.607,0.4784,23.22,0.5,0.613,0.0216,12.9,41.6,34.04,-7.57,47DE-BDC2,1,1,ACCEL,ACC,CONST,3.77,1,1,SIM,1
18,2026-09-24T13:06:41.906Z,1790255201906,23.114,57.708898,11.975282,4,1790255201906,0,0.043833,0.52077,9.788172,0,0.492,0.4805,IMU,23.114,0.4805,23.4,0.5,0.286,0.0195,13,42.25,40.17,-2.08,47DE-BDC2,1,1,ACCEL,ACC,CONST,3.67,1,1,SIM,1
18.1,2026-09-24T13:06:42.006Z,1790255202006,23.114,57.708898,11.975282,4,1790255201906,0.1,0.050254,0.519553,9.771557,0,0.492,0.4747,IMU,23.286,0.4747,23.58,0.5,0.294,0.0253,13.1,42.9,40.17,-2.73,47DE-BDC2,1,1,ACCEL,ACC,CONST,3.57,1,1,SIM,1
18.2,2026-09-24T13:06:42.106Z,1790255202106,23.114,57.708898,11.975282,4,1790255201906,0.2,0.047269,0.453334,9.777668,0,0.4263,0.4694,IMU,23.456,0.4694,23.76,0.5,0.304,0.0306,13.2,43.56,40.17,-3.39,47DE-BDC2,1,1,ACCEL,ACC,CONST,3.47,1,1,SIM,1
18.3,2026-09-24T13:06:42.206Z,1790255202206,23.114,57.708898,11.975282,4,1790255201906,0.3,0.058269,0.48665,9.854084,0,0.4608,0.4671,IMU,23.624,0.4671,23.94,0.5,0.316,0.0329,13.3,44.22,40.17,-4.05,47DE-BDC2,1,1,ACCEL,ACC,CONST,3.37,1,1,SIM,1
18.4,2026-09-24T13:06:42.306Z,1790255202306,23.114,57.708898,11.975282,4,1790255201906,0.4,0.054811,0.476773,9.87226,0,0.4505,0.4666,IMU,23.792,0.4666,24.12,0.5,0.328,0.0334,13.4,44.89,40.17,-4.72,47DE-BDC2,1,1,ACCEL,ACC,CONST,3.27,1,1,SIM,1
18.5,2026-09-24T13:06:42.406Z,1790255202406,23.114,57.708898,11.975282,4,1790255201906,0.5,0.089396,0.482642,9.819633,0,0.4625,0.4737,IMU,23.962,0.4737,24.3,0.5,0.338,0.0263,13.5,45.56,40.17,-5.39,47DE-BDC2,1,1,ACCEL,ACC,CONST,3.17,1,1,SIM,1
18.6,2026-09-24T13:06:42.506Z,1790255202506,23.114,57.708898,11.975282,4,1790255201906,0.6,0.107996,0.452623,9.791916,0,0.4364,0.4669,IMU,24.131,0.4669,24.48,0.5,0.349,0.0331,13.6,46.24,40.17,-6.07,47DE-BDC2,1,1,ACCEL,ACC,CONST,3.07,1,1,SIM,1
18.7,2026-09-24T13:06:42.606Z,1790255202606,23.114,57.708898,11.975282,4,1790255201906,0.7,0.071367,0.538908,9.847838,0,0.5146,0.4669,IMU,24.298,0.4669,24.66,0.5,0.362,0.0331,13.7,46.92,40.17,-6.75,47DE-BDC2,1,1,ACCEL,ACC,CONST,2.97,1,1,SIM,1
18.8,2026-09-24T13:06:42.706Z,1790255202706,23.114,57.708898,11.975282,4,1790255201906,0.8,0.087125,0.423593,9.824346,0,0.404,0.4672,IMU,24.468,0.4672,24.84,0.5,0.372,0.0328,13.8,47.61,40.17,-7.44,47DE-BDC2,1,1,ACCEL,ACC,CONST,2.87,1,1,SIM,1
18.9,2026-09-24T13:06:42.806Z,1790255202806,23.114,57.708898,11.975282,4,1790255201906,0.9,0.055161,0.458688,9.782005,0,0.433,0.4685,IMU,24.637,0.4685,25.02,0.5,0.383,0.0315,13.9,48.3,40.17,-8.13,47DE-BDC2,1,1,ACCEL,ACC,CONST,2.77,1,1,SIM,1
19,2026-09-24T13:06:42.906Z,1790255202906,25.043,57.708894,11.975395,4,1790255202906,0,0.070236,0.479066,9.830231,0,0.4556,0.4656,IMU,25.043,0.4656,25.2,0.5,0.157,0.0344,14,49,46.86,-2.14,47DE-BDC2,1,1,ACCEL,ACC,CONST,2.67,1,1,SIM,1
19.1,2026-09-24T13:06:43.006Z,1790255203006,25.043,57.708894,11.975395,4,1790255202906,0.1,0.099584,0.511015,9.787794,0,0.4924,0.4636,IMU,25.209,0.4636,25.38,0.5,0.171,0.0364,14.1,49.7,46.86,-2.84,47DE-BDC2,1,1,ACCEL,ACC,CONST,2.57,1,1,SIM,1
19.2,2026-09-24T13:06:43.106Z,1790255203106,25.043,57.708894,11.975395,4,1790255202906,0.2,0.071879,0.514461,9.808971,0,0.4908,0.4741,IMU,25.378,0.4741,25.56,0.5,0.182,0.0259,14.2,50.41,46.86,-3.55,47DE-BDC2,1,1,ACCEL,ACC,CONST,2.47,1,1,SIM,1
19.3,2026-09-24T13:06:43.206Z,1790255203206,25.043,57.708894,11.975395,4,1790255202906,0.3,0.042779,0.461904,9.842702,0,0.4338,0.473,IMU,25.549,0.473,25.74,0.5,0.191,0.027,14.3,51.12,46.86,-4.26,47DE-BDC2,1,1,ACCEL,ACC,CONST,2.37,1,1,SIM,1
19.4,2026-09-24T13:06:43.306Z,1790255203306,25.043,57.708894,11.975395,4,1790255202906,0.4,0.083166,0.503644,9.823722,0,0.4821,0.478,IMU,25.721,0.478,25.92,0.5,0.199,0.022,14.4,51.84,46.86,-4.98,47DE-BDC2,1,1,ACCEL,ACC,CONST,2.27,1,1,SIM,1
19.5,2026-09-24T13:06:43.406Z,1790255203406,25.043,57.708894,11.975395,4,1790255202906,0.5,0.076926,0.538884,9.787316,0,0.5158,0.4833,IMU,25.894,0.4833,26.1,0.5,0.206,0.0167,14.5,52.56,46.86,-5.7,47DE-BDC2,1,1,ACCEL,ACC,CONST,2.17,1,1,SIM,1
19.6,2026-09-24T13:06:43.506Z,1790255203506,25.043,57.708894,11.975395,4,1790255202906,0.6,0.074446,0.461374,9.800118,0,0.439,0.475,IMU,26.067,0.475,26.28,0.5,0.213,0.025,14.6,53.29,46.86,-6.43,47DE-BDC2,1,1,ACCEL,ACC,CONST,2.07,1,1,SIM,1
19.7,2026-09-24T13:06:43.606Z,1790255203606,25.043,57.708894,11.975395,4,1790255202906,0.7,0.000518,0.470458,9.797383,0,0.4349,0.4662,IMU,26.236,0.4662,26.46,0.5,0.224,0.0338,14.7,54.02,46.86,-7.16,47DE-BDC2,1,1,ACCEL,ACC,CONST,1.97,1,1,SIM,1
19.8,2026-09-24T13:06:43.706Z,1790255203706,25.043,57.708894,11.975395,4,1790255202906,0.8,0.14859,0.473774,9.811707,0,0.4643,0.4685,IMU,26.405,0.4685,26.64,0.5,0.235,0.0315,14.8,54.76,46.86,-7.9,47DE-BDC2,1,1,ACCEL,ACC,CONST,1.87,1,1,SIM,1
19.9,2026-09-24T13:06:43.806Z,1790255203806,25.043,57.708894,11.975395,4,1790255202906,0.9,0.137141,0.434992,9.775684,0,0.4242,0.4664,IMU,26.573,0.4664,26.82,0.5,0.247,0.0336,14.9,55.5,46.86,-8.64,47DE-BDC2,1,1,ACCEL,ACC,CONST,1.77,1,1,SIM,1
20,2026-09-24T13:06:43.906Z,1790255203906,26.751,57.70889,11.975516,4,1790255203906,0,0.116764,0.519309,9.866721,0,0.5033,0.4718,IMU,26.751,0.4718,27,0.5,0.249,0.0282,15,56.25,54.06,-2.19,47DE-BDC2,1,1,ACCEL,ACC,CONST,1.67,1,1,SIM,1
20.1,2026-09-24T13:06:44.006Z,1790255204006,26.751,57.70889,11.975516,4,1790255203906,0.1,0.058527,0.520246,9.831532,0,0.494,0.4721,IMU,26.921,0.4721,27.18,0.5,0.259,0.0279,15.1,57,54.06,-2.95,47DE-BDC2,1,1,ACCEL,ACC,CONST,1.57,1,1,SIM,1
20.2,2026-09-24T13:06:44.106Z,1790255204106,26.751,57.70889,11.975516,4,1790255203906,0.2,0.057111,0.474183,9.826964,0,0.4485,0.4762,IMU,27.093,0.4762,27.36,0.5,0.267,0.0238,15.2,57.76,54.06,-3.7,47DE-BDC2,1,1,ACCEL,ACC,CONST,1.47,1,1,SIM,1
20.3,2026-09-24T13:06:44.206Z,1790255204206,26.751,57.70889,11.975516,4,1790255203906,0.3,0.094583,0.4764,9.835631,0,0.4573,0.4772,IMU,27.265,0.4772,27.54,0.5,0.275,0.0228,15.3,58.52,54.06,-4.47,47DE-BDC2,1,1,ACCEL,ACC,CONST,1.37,1,1,SIM,1
20.4,2026-09-24T13:06:44.306Z,1790255204306,26.751,57.70889,11.975516,4,1790255203906,0.4,0.090676,0.518297,9.83749,0,0.4978,0.4708,IMU,27.435,0.4708,27.72,0.5,0.285,0.0292,15.4,59.29,54.06,-5.23,47DE-BDC2,1,1,ACCEL,ACC,CONST,1.27,1,1,SIM,1
20.5,2026-09-24T13:06:44.406Z,1790255204406,26.751,57.70889,11.975516,4,1790255203906,0.5,0.11562,0.474498,9.809801,0,0.4592,0.4678,IMU,27.604,0.4678,27.9,0.5,0.296,0.0322,15.5,60.06,54.06,-6.01,47DE-BDC2,1,1,ACCEL,ACC,CONST,1.17,1,1,SIM,1
20.6,2026-09-24T13:06:44.506Z,1790255204506,26.751,57.70889,11.975516,4,1790255203906,0.6,0.077932,0.527846,9.786484,0,0.5051,0.4738,IMU,27.773,0.4738,28.08,0.5,0.307,0.0262,15.6,60.84,54.06,-6.78,47DE-BDC2,1,1,ACCEL,ACC,CONST,1.07,1,1,SIM,1
20.7,2026-09-24T13:06:44.606Z,1790255204606,26.751,57.70889,11.975516,4,1790255203906,0.7,0.089407,0.515285,9.786283,0,0.4947,0.4718,IMU,27.943,0.4718,28.26,0.5,0.317,0.0282,15.7,61.62,54.06,-7.57,47DE-BDC2,1,1,ACCEL,ACC,CONST,0.97,1,1,SIM,1
20.8,2026-09-24T13:06:44.706Z,1790255204706,26.751,57.70889,11.975516,4,1790255203906,0.8,0.113738,0.459957,9.804275,0,0.4446,0.466,IMU,28.112,0.466,28.44,0.5,0.328,0.034,15.8,62.41,54.06,-8.35,47DE-BDC2,1,1,ACCEL,ACC,CONST,0.87,1,1,SIM,1
20.9,2026-09-24T13:06:44.806Z,1790255204806,26.751,57.70889,11.975516,4,1790255203906,0.9,0.100585,0.525759,9.851394,0,0.5069,0.4652,IMU,28.279,0.4652,28.62,0.5,0.341,0.0348,15.9,63.2,54.06,-9.15,47DE-BDC2,1,1,ACCEL,ACC,CONST,0.77,1,1,SIM,1
21,2026-09-24T13:06:44.906Z,1790255204906,28.303,57.708885,11.975646,4,1790255204906,0,0.078609,0.468056,9.849084,0,0.4462,0.4634,IMU,28.303,0.4634,28.8,0.5,0.497,0.0366,16,64,61.7,-2.3,47DE-BDC2,1,1,ACCEL,ACC,CONST,0.67,1,1,SIM,1
21.1,2026-09-24T13:06:45.006Z,1790255205006,28.303,57.708885,11.975646,4,1790255204906,0.1,0.086228,0.495646,9.740497,0,0.475,0.4648,IMU,28.47,0.4648,28.98,0.5,0.51,0.0352,16.1,64.8,61.7,-3.1,47DE-BDC2,1,1,ACCEL,ACC,CONST,0.57,1,1,SIM,1
21.2,2026-09-24T13:06:45.106Z,1790255205106,28.303,57.708885,11.975646,4,1790255204906,0.2,0.125554,0.496819,9.821144,0,0.4829,0.4628,IMU,28.636,0.4628,29.16,0.5,0.524,0.0372,16.2,65.61,61.7,-3.91,47DE-BDC2,1,1,ACCEL,ACC,CONST,0.47,1,1,SIM,1
21.3,2026-09-24T13:06:45.206Z,1790255205206,28.303,57.708885,11.975646,4,1790255204906,0.3,0.100099,0.55116,9.824959,0,0.5318,0.466,IMU,28.803,0.466,29.34,0.5,0.537,0.034,16.3,66.42,61.7,-4.72,47DE-BDC2,1,1,ACCEL,ACC,CONST,0.37,1,1,SIM,1
21.4,2026-09-24T13:06:45.306Z,1790255205306,28.303,57.708885,11.975646,4,1790255204906,0.4,0.027292,0.474202,9.782628,0,0.4433,0.4675,IMU,28.972,0.4675,29.52,0.5,0.548,0.0325,16.4,67.24,61.7,-5.54,47DE-BDC2,1,1,ACCEL,ACC,CONST,0.27,1,1,SIM,1
21.5,2026-09-24T13:06:45.406Z,1790255205406,28.303,57.708885,11.975646,4,1790255204906,0.5,0.084793,0.476916,9.803801,0,0.4561,0.4642,IMU,29.14,0.4642,29.7,0.5,0.56,0.0358,16.5,68.06,61.7,-6.36,47DE-BDC2,1,1,ACCEL,ACC,CONST,0.17,1,1,SIM,1
21.6,2026-09-24T13:06:45.506Z,1790255205506,28.303,57.708885,11.975646,4,1790255204906,0.6,0.055867,0.490763,9.902972,0,0.4643,0.4617,IMU,29.307,0.4617,29.88,0.5,0.573,0.0383,16.6,68.89,61.7,-7.19,47DE-BDC2,1,1,ACCEL,ACC,CONST,0.07,1,1,SIM,1
21.7,2026-09-24T13:06:45.606Z,1790255205606,28.303,57.708885,11.975646,4,1790255204906,0.7,0.111202,0.508629,9.891474,0,0.4917,0.4659,IMU,29.473,0.4659,30,0,0.527,-0.4659,16.7,69.72,61.7,-8.02,47DE-BDC2,1,1,CONST,HOLD,ACCEL,9.97,1,0,SIM,1
21.8,2026-09-24T13:06:45.706Z,1790255205706,28.303,57.708885,11.975646,4,1790255204906,0.8,0.021299,0.423797,9.842952,0,0.3925,0.4481,IMU,29.638,0.4481,30,0,0.362,-0.4481,16.8,70.56,61.7,-8.85,47DE-BDC2,1,1,CONST,HOLD,ACCEL,9.87,1,0,SIM,1
21.9,2026-09-24T13:06:45.806Z,1790255205806,28.303,57.708885,11.975646,4,1790255204906,0.9,0.006442,0.374929,9.778789,0,0.342,0.4225,IMU,29.794,0.4225,30,0,0.206,-0.4225,16.9,71.39,61.7,-9.69,47DE-BDC2,1,1,CONST,HOLD,ACCEL,9.77,1,0,SIM,1
22,2026-09-24T13:06:45.906Z,1790255205906,29.928,57.708879,11.975784,4,1790255205906,0,0.046243,0.266758,9.802081,0,0.2425,0.3842,IMU,29.928,0.3842,30,0,0.072,-0.3842,17,72.22,69.79,-2.43,47DE-BDC2,1,1,CONST,HOLD,ACCEL,9.67,1,0,SIM,1
22.1,2026-09-24T13:06:46.006Z,1790255206006,29.928,57.708879,11.975784,4,1790255205906,0.1,0.036157,0.203121,9.807329,0,0.178,0.3371,IMU,30.056,0.3371,30,0,-0.056,-0.3371,17.1,73.06,69.79,-3.27,47DE-BDC2,1,1,CONST,HOLD,ACCEL,9.57,1,0,SIM,1
22.2,2026-09-24T13:06:46.106Z,1790255206106,29.928,57.708879,11.975784,4,1790255205906,0.2,-0.006587,0.1468,9.803021,0,0.115,0.2873,IMU,30.167,0.2873,30,0,-0.167,-0.2873,17.2,73.89,69.79,-4.1,47DE-BDC2,1,1,CONST,HOLD,ACCEL,9.47,1,0,SIM,1
22.3,2026-09-24T13:06:46.206Z,1790255206206,29.928,57.708879,11.975784,4,1790255205906,0.3,0.045891,0.060135,9.742757,0,0.0392,0.2344,IMU,30.259,0.2344,30,0,-0.259,-0.2344,17.3,74.72,69.79,-4.93,47DE-BDC2,1,1,CONST,HOLD,ACCEL,9.37,1,0,SIM,1
22.4,2026-09-24T13:06:46.306Z,1790255206306,29.928,57.708879,11.975784,4,1790255205906,0.4,0.042604,0.095304,9.815039,0,0.073,0.1963,IMU,30.335,0.1963,30,0,-0.335,-0.1963,17.4,75.56,69.79,-5.77,47DE-BDC2,1,1,CONST,HOLD,ACCEL,9.27,1,0,SIM,1
22.5,2026-09-24T13:06:46.406Z,1790255206406,29.928,57.708879,11.975784,4,1790255205906,0.5,-0.04906,0.060466,9.798556,0,0.0226,0.1512,IMU,30.396,0.1512,30,0,-0.396,-0.1512,17.5,76.39,69.79,-6.6,47DE-BDC2,1,1,CONST,HOLD,ACCEL,9.17,1,0,SIM,1
22.6,2026-09-24T13:06:46.506Z,1790255206506,29.928,57.708879,11.975784,4,1790255205906,0.6,0.010255,0.029059,9.821316,0,0.0021,0.1123,IMU,30.442,0.1123,30,0,-0.442,-0.1123,17.6,77.22,69.79,-7.43,47DE-BDC2,1,1,CONST,HOLD,ACCEL,9.07,1,0,SIM,1
22.7,2026-09-24T13:06:46.606Z,1790255206606,29.928,57.708879,11.975784,4,1790255205906,0.7,-0.014448,0.051957,9.813094,0,0.0203,0.0828,IMU,30.475,0.0828,30,0,-0.475,-0.0828,17.7,78.06,69.79,-8.27,47DE-BDC2,1,1,CONST,HOLD,ACCEL,8.97,1,1,SIM,1
22.8,2026-09-24T13:06:46.706Z,1790255206706,29.928,57.708879,11.975784,4,1790255205906,0.8,-0.002187,-0.048327,9.791662,0,-0.0762,0.0415,IMU,30.495,0.0415,30,0,-0.495,-0.0415,17.8,78.89,69.79,-9.1,47DE-BDC2,1,1,CONST,HOLD,ACCEL,8.87,1,1,SIM,1
22.9,2026-09-24T13:06:46.806Z,1790255206806,29.928,57.708879,11.975784,4,1790255205906,0.9,0.008996,-0.054702,9.829533,0,-0.0806,0.0093,IMU,30.504,0.0093,30,0,-0.504,-0.0093,17.9,79.72,69.79,-9.93,47DE-BDC2,1,1,CONST,HOLD,ACCEL,8.77,1,1,SIM,1
23,2026-09-24T13:06:46.906Z,1790255206906,30.677,57.708873,11.975927,4,1790255206906,0,-0.048325,-0.090757,9.778391,0,-0.1261,-0.0108,IMU,30.677,-0.0108,30,0,-0.677,0.0108,18,80.56,78.21,-2.35,47DE-BDC2,1,1,CONST,HOLD,ACCEL,8.67,1,1,SIM,1
23.1,2026-09-24T13:06:47.006Z,1790255207006,30.677,57.708873,11.975927,4,1790255206906,0.1,0.006838,-0.088611,9.797996,0,-0.1143,-0.0401,IMU,30.667,-0.0401,30,0,-0.667,0.0401,18.1,81.39,78.21,-3.18,47DE-BDC2,1,1,CONST,HOLD,ACCEL,8.57,1,1,SIM,1
23.2,2026-09-24T13:06:47.106Z,1790255207106,30.677,57.708873,11.975927,4,1790255206906,0.2,0.018442,-0.093431,9.773933,0,-0.1169,-0.0572,IMU,30.649,-0.0572,30,0,-0.649,0.0572,18.2,82.22,78.21,-4.02,47DE-BDC2,1,1,CONST,HOLD,ACCEL,8.47,1,1,SIM,1
23.3,2026-09-24T13:06:47.206Z,1790255207206,30.677,57.708873,11.975927,4,1790255206906,0.3,-0.037574,-0.122987,9.789842,0,-0.1559,-0.0798,IMU,30.624,-0.0798,30,0,-0.624,0.0798,18.3,83.06,78.21,-4.85,47DE-BDC2,1,1,CONST,HOLD,ACCEL,8.37,1,1,SIM,1
23.4,2026-09-24T13:06:47.306Z,1790255207306,30.677,57.708873,11.975927,4,1790255206906,0.4,0.002536,-0.114864,9.840735,0,-0.141,-0.0952,IMU,30.591,-0.0952,30,0,-0.591,0.0952,18.4,83.89,78.21,-5.68,47DE-BDC2,1,1,CONST,HOLD,ACCEL,8.27,1,1,SIM,1
23.5,2026-09-24T13:06:47.406Z,1790255207406,30.677,57.708873,11.975927,4,1790255206906,0.5,0.003894,-0.085749,9.799932,0,-0.112,-0.104,IMU,30.555,-0.104,30,0,-0.555,0.104,18.5,84.72,78.21,-6.52,47DE-BDC2,1,1,CONST,HOLD,ACCEL,8.17,1,0,SIM,1
23.6,2026-09-24T13:06:47.506Z,1790255207506,30.677,57.708873,11.975927,4,1790255206906,0.6,-0.012491,-0.137144,9.812815,0,-0.1655,-0.1171,IMU,30.514,-0.1171,30,0,-0.514,0.1171,18.6,85.56,78.21,-7.35,47DE-BDC2,1,1,CONST,HOLD,ACCEL,8.07,1,0,SIM,1
23.7,2026-09-24T13:06:47.606Z,1790255207606,30.677,57.708873,11.975927,4,1790255206906,0.7,-0.035342,-0.112477,9.792671,0,-0.1452,-0.1204,IMU,30.472,-0.1204,30,0,-0.472,0.1204,18.7,86.39,78.21,-8.18,47DE-BDC2,1,1,CONST,HOLD,ACCEL,7.97,1,0,SIM,1
23.8,2026-09-24T13:06:47.706Z,1790255207706,30.677,57.708873,11.975927,4,1790255206906,0.8,-0.029722,-0.121745,9.810258,0,-0.1534,-0.125,IMU,30.428,-0.125,30,0,-0.428,0.125,18.8,87.22,78.21,-9.02,47DE-BDC2,1,1,CONST,HOLD,ACCEL,7.87,1,0,SIM,1
23.9,2026-09-24T13:06:47.806Z,1790255207806,30.677,57.708873,11.975927,4,1790255206906,0.9,-0.047811,-0.114407,9.809705,0,-0.1494,-0.1286,IMU,30.382,-0.1286,30,0,-0.382,0.1286,18.9,88.06,78.21,-9.85,47DE-BDC2,1,1,CONST,HOLD,ACCEL,7.77,1,0,SIM,1
24,2026-09-24T13:06:47.906Z,1790255207906,30.358,57.708867,11.976068,4,1790255207906,0,-0.026809,-0.10619,9.793444,0,-0.1375,-0.1214,IMU,30.358,-0.1214,30,0,-0.358,0.1214,19,88.89,86.68,-2.21,47DE-BDC2,1,1,CONST,HOLD,ACCEL,7.67,1,0,SIM,1
24.1,2026-09-24T13:06:48.006Z,1790255208006,30.358,57.708867,11.976068,4,1790255207906,0.1,-0.048631,-0.109045,9.797736,0,-0.1442,-0.1226,IMU,30.314,-0.1226,30,0,-0.314,0.1226,19.1,89.72,86.68,-3.04,47DE-BDC2,1,1,CONST,HOLD,ACCEL,7.57,1,0,SIM,1
24.2,2026-09-24T13:06:48.106Z,1790255208106,30.358,57.708867,11.976068,4,1790255207906,0.2,-0.023936,-0.112293,9.801102,0,-0.143,-0.1252,IMU,30.27,-0.1252,30,0,-0.27,0.1252,19.2,90.56,86.68,-3.87,47DE-BDC2,1,1,CONST,HOLD,ACCEL,7.47,1,0,SIM,1
24.3,2026-09-24T13:06:48.206Z,1790255208206,30.358,57.708867,11.976068,4,1790255207906,0.3,0.017283,-0.060468,9.806068,0,-0.0847,-0.1171,IMU,30.226,-0.1171,30,0,-0.226,0.1171,19.3,91.39,86.68,-4.71,47DE-BDC2,1,1,CONST,HOLD,ACCEL,7.37,1,0,SIM,1
24.4,2026-09-24T13:06:48.306Z,1790255208306,30.358,57.708867,11.976068,4,1790255207906,0.4,-0.008591,-0.012448,9.799931,0,-0.042,-0.1081,IMU,30.186,-0.1081,30,0,-0.186,0.1081,19.4,92.22,86.68,-5.54,47DE-BDC2,1,1,CONST,HOLD,ACCEL,7.27,1,0,SIM,1
24.5,2026-09-24T13:06:48.406Z,1790255208406,30.358,57.708867,11.976068,4,1790255207906,0.5,-0.018693,-0.1066,9.83058,0,-0.1366,-0.1119,IMU,30.146,-0.1119,30,0,-0.146,0.1119,19.5,93.06,86.68,-6.37,47DE-BDC2,1,1,CONST,HOLD,ACCEL,7.17,1,0,SIM,1
24.6,2026-09-24T13:06:48.506Z,1790255208506,30.358,57.708867,11.976068,4,1790255207906,0.6,0.058602,-0.031975,9.754537,0,-0.0492,-0.1063,IMU,30.106,-0.1063,30,0,-0.106,0.1063,19.6,93.89,86.68,-7.21,47DE-BDC2,1,1,CONST,HOLD,ACCEL,7.07,1,0,SIM,1
24.7,2026-09-24T13:06:48.606Z,1790255208606,30.358,57.708867,11.976068,4,1790255207906,0.7,-0.011903,-0.032861,9.798931,0,-0.0627,-0.0961,IMU,30.07,-0.0961,30,0,-0.07,0.0961,19.7,94.72,86.68,-8.04,47DE-BDC2,1,1,CONST,HOLD,ACCEL,6.97,1,1,SIM,1
24.8,2026-09-24T13:06:48.706Z,1790255208706,30.358,57.708867,11.976068,4,1790255207906,0.8,0.010629,-0.036858,9.815574,0,-0.0627,-0.0874,IMU,30.037,-0.0874,30,0,-0.037,0.0874,19.8,95.56,86.68,-8.87,47DE-BDC2,1,1,CONST,HOLD,ACCEL,6.87,1,1,SIM,1
24.9,2026-09-24T13:06:48.806Z,1790255208806,30.358,57.708867,11.976068,4,1790255207906,0.9,-0.020212,-0.025382,9.83927,0,-0.0569,-0.083,IMU,30.006,-0.083,30,0,-0.006,0.083,19.9,96.39,86.68,-9.71,47DE-BDC2,1,1,CONST,HOLD,ACCEL,6.77,1,1,SIM,1
25,2026-09-24T13:06:48.906Z,1790255208906,30.494,57.708861,11.976209,4,1790255208906,0,-0.051895,-0.029091,9.794632,0,-0.0661,-0.0784,IMU,30.494,-0.0784,30,0,-0.494,0.0784,20,97.22,95.14,-2.09,47DE-BDC2,1,1,CONST,HOLD,ACCEL,6.67,1,1,SIM,1
25.1,2026-09-24T13:06:49.006Z,1790255209006,30.494,57.708861,11.976209,4,1790255208906,0.1,0.016132,-0.060488,9.783155,0,-0.0849,-0.0738,IMU,30.467,-0.0738,30,0,-0.467,0.0738,20.1,98.06,95.14,-2.92,47DE-BDC2,1,1,CONST,HOLD,ACCEL,6.57,1,1,SIM,1
25.2,2026-09-24T13:06:49.106Z,1790255209106,30.494,57.708861,11.976209,4,1790255208906,0.2,-0.030433,-0.082153,9.804862,0,-0.1145,-0.0739,IMU,30.441,-0.0739,30,0,-0.441,0.0739,20.2,98.89,95.14,-3.75,47DE-BDC2,1,1,CONST,HOLD,ACCEL,6.47,1,1,SIM,1
25.3,2026-09-24T13:06:49.206Z,1790255209206,30.494,57.708861,11.976209,4,1790255208906,0.3,0.026638,0.076393,9.784605,0,0.0517,-0.0639,IMU,30.415,-0.0639,30,0,-0.415,0.0639,20.3,99.72,95.14,-4.59,47DE-BDC2,1,1,CONST,HOLD,ACCEL,6.37,1,1,SIM,1
25.4,2026-09-24T13:06:49.306Z,1790255209306,30.494,57.708861,11.976209,4,1790255208906,0.4,0.026006,-0.021827,9.776148,0,-0.0451,-0.0657,IMU,30.392,-0.0657,30,0,-0.392,0.0657,20.4,100.56,95.14,-5.42,47DE-BDC2,1,1,CONST,HOLD,ACCEL,6.27,1,1,SIM,1
25.5,2026-09-24T13:06:49.406Z,1790255209406,30.494,57.708861,11.976209,4,1790255208906,0.5,0.067691,-0.031333,9.859718,0,-0.0473,-0.0618,IMU,30.369,-0.0618,30,0,-0.369,0.0618,20.5,101.39,95.14,-6.25,47DE-BDC2,1,1,CONST,HOLD,ACCEL,6.17,1,1,SIM,1
25.6,2026-09-24T13:06:49.506Z,1790255209506,30.494,57.708861,11.976209,4,1790255208906,0.6,-0.030722,-0.036823,9.778481,0,-0.0699,-0.0589,IMU,30.348,-0.0589,30,0,-0.348,0.0589,20.6,102.22,95.14,-7.09,47DE-BDC2,1,1,CONST,HOLD,ACCEL,6.07,1,1,SIM,1
25.7,2026-09-24T13:06:49.606Z,1790255209606,30.494,57.708861,11.976209,4,1790255208906,0.7,0.022014,0.015126,9.749522,0,-0.0093,-0.0501,IMU,30.328,-0.0501,30,0,-0.328,0.0501,20.7,103.06,95.14,-7.92,47DE-BDC2,1,1,CONST,HOLD,ACCEL,5.97,1,1,SIM,1
25.8,2026-09-24T13:06:49.706Z,1790255209706,30.494,57.708861,11.976209,4,1790255208906,0.8,0.000395,0.024226,9.812861,0,-0.0044,-0.0468,IMU,30.311,-0.0468,30,0,-0.311,0.0468,20.8,103.89,95.14,-8.75,47DE-BDC2,1,1,CONST,HOLD,ACCEL,5.87,1,1,SIM,1
25.9,2026-09-24T13:06:49.806Z,1790255209806,30.494,57.708861,11.976209,4,1790255208906,0.9,0.052297,-0.048814,9.859211,0,-0.0672,-0.0444,IMU,30.295,-0.0444,30,0,-0.295,0.0444,20.9,104.72,95.14,-9.59,47DE-BDC2,1,1,CONST,HOLD,ACCEL,5.77,1,1,SIM,1
26,2026-09-24T13:06:49.906Z,1790255209906,29.689,57.708854,11.976348,4,1790255209906,0,0.002314,-0.056276,9.871338,0,-0.0834,-0.043,IMU,29.689,-0.043,30,0,0.311,0.043,21,105.56,103.49,-2.06,47DE-BDC2,1,1,CONST,HOLD,ACCEL,5.67,1,1,SIM,1
26.1,2026-09-24T13:06:50.006Z,1790255210006,29.689,57.708854,11.976348,4,1790255209906,0.1,-0.026798,-0.037223,9.804918,0,-0.0697,-0.0418,IMU,29.674,-0.0418,30,0,0.326,0.0418,21.1,106.39,103.49,-2.89,47DE-BDC2,1,1,CONST,HOLD,ACCEL,5.57,1,1,SIM,1
26.2,2026-09-24T13:06:50.106Z,1790255210106,29.689,57.708854,11.976348,4,1790255209906,0.2,0.068112,-0.047544,9.846899,0,-0.0631,-0.0359,IMU,29.661,-0.0359,30,0,0.339,0.0359,21.2,107.22,103.49,-3.73,47DE-BDC2,1,1,CONST,HOLD,ACCEL,5.47,1,1,SIM,1
26.3,2026-09-24T13:06:50.206Z,1790255210206,29.689,57.708854,11.976348,4,1790255209906,0.3,0.024601,-0.025041,9.818635,0,-0.0486,-0.0333,IMU,29.649,-0.0333,30,0,0.351,0.0333,21.3,108.06,103.49,-4.56,47DE-BDC2,1,1,CONST,HOLD,ACCEL,5.37,1,1,SIM,1
26.4,2026-09-24T13:06:50.306Z,1790255210306,29.689,57.708854,11.976348,4,1790255209906,0.4,-0.028807,-0.028054,9.817827,0,-0.061,-0.0342,IMU,29.637,-0.0342,30,0,0.363,0.0342,21.4,108.89,103.49,-5.39,47DE-BDC2,1,1,CONST,HOLD,ACCEL,5.27,1,1,SIM,1
26.5,2026-09-24T13:06:50.406Z,1790255210406,29.689,57.708854,11.976348,4,1790255209906,0.5,-0.032165,-0.007295,9.784189,0,-0.0411,-0.0345,IMU,29.624,-0.0345,30,0,0.376,0.0345,21.5,109.72,103.49,-6.23,47DE-BDC2,1,1,CONST,HOLD,ACCEL,5.17,1,1,SIM,1
26.6,2026-09-24T13:06:50.506Z,1790255210506,29.689,57.708854,11.976348,4,1790255209906,0.6,-0.032394,0.024303,9.839686,0,-0.0102,-0.0334,IMU,29.612,-0.0334,30,0,0.388,0.0334,21.6,110.56,103.49,-7.06,47DE-BDC2,1,1,CONST,HOLD,ACCEL,5.07,1,1,SIM,1
26.7,2026-09-24T13:06:50.606Z,1790255210606,29.689,57.708854,11.976348,4,1790255209906,0.7,0.006671,-0.007588,9.804723,0,-0.0346,-0.0292,IMU,29.601,-0.0292,30,0,0.399,0.0292,21.7,111.39,103.49,-7.89,47DE-BDC2,1,1,CONST,HOLD,ACCEL,4.97,1,1,SIM,1
26.8,2026-09-24T13:06:50.706Z,1790255210706,29.689,57.708854,11.976348,4,1790255209906,0.8,-0.006501,-0.013838,9.858836,0,-0.0432,-0.0232,IMU,29.592,-0.0232,30,0,0.408,0.0232,21.8,112.22,103.49,-8.73,47DE-BDC2,1,1,CONST,HOLD,ACCEL,4.87,1,1,SIM,1
26.9,2026-09-24T13:06:50.806Z,1790255210806,29.689,57.708854,11.976348,4,1790255209906,0.9,-0.005283,0.030581,9.793619,0,0.0009,-0.0176,IMU,29.585,-0.0176,30,0,0.415,0.0176,21.9,113.06,103.49,-9.56,47DE-BDC2,1,1,CONST,HOLD,ACCEL,4.77,1,1,SIM,1
27,2026-09-24T13:06:50.906Z,1790255210906,29.666,57.708847,11.976488,4,1790255210906,0,0.042122,-0.03823,9.778056,0,-0.0584,-0.0201,IMU,29.666,-0.0201,30,0,0.334,0.0201,22,113.89,111.74,-2.15,47DE-BDC2,1,1,CONST,HOLD,ACCEL,4.67,1,1,SIM,1
27.1,2026-09-24T13:06:51.006Z,1790255211006,29.666,57.708847,11.976488,4,1790255210906,0.1,0.015406,0.010872,9.860172,0,-0.015,-0.0179,IMU,29.66,-0.0179,30,0,0.34,0.0179,22.1,114.72,111.74,-2.98,47DE-BDC2,1,1,CONST,HOLD,ACCEL,4.57,1,1,SIM,1
27.2,2026-09-24T13:06:51.106Z,1790255211106,29.666,57.708847,11.976488,4,1790255210906,0.2,0.023726,0.008996,9.795354,0,-0.0152,-0.0175,IMU,29.654,-0.0175,30,0,0.346,0.0175,22.2,115.56,111.74,-3.82,47DE-BDC2,1,1,CONST,HOLD,ACCEL,4.47,1,1,SIM,1
27.3,2026-09-24T13:06:51.206Z,1790255211206,29.666,57.708847,11.976488,4,1790255210906,0.3,0.005839,-0.019965,9.757166,0,-0.0468,-0.0167,IMU,29.648,-0.0167,30,0,0.352,0.0167,22.3,116.39,111.74,-4.65,47DE-BDC2,1,1,CONST,HOLD,ACCEL,4.37,1,1,SIM,1
27.4,2026-09-24T13:06:51.306Z,1790255211306,29.666,57.708847,11.976488,4,1790255210906,0.4,0.043609,0.026451,9.812348,0,0.0055,-0.0193,IMU,29.641,-0.0193,30,0,0.359,0.0193,22.4,117.22,111.74,-5.48,47DE-BDC2,1,1,CONST,HOLD,ACCEL,4.27,1,1,SIM,1
27.5,2026-09-24T13:06:51.406Z,1790255211406,29.666,57.708847,11.976488,4,1790255210906,0.5,-0.002763,0.063759,9.805803,0,0.034,-0.015,IMU,29.635,-0.015,30,0,0.365,0.015,22.5,118.06,111.74,-6.32,47DE-BDC2,1,1,CONST,HOLD,ACCEL,4.17,1,1,SIM,1
27.6,2026-09-24T13:06:51.506Z,1790255211506,29.666,57.708847,11.976488,4,1790255210906,0.6,-0.002334,0.014607,9.803816,0,-0.0143,-0.0187,IMU,29.629,-0.0187,30,0,0.371,0.0187,22.6,118.89,111.74,-7.15,47DE-BDC2,1,1,CONST,HOLD,ACCEL,4.07,1,1,SIM,1
27.7,2026-09-24T13:06:51.606Z,1790255211606,29.666,57.708847,11.976488,4,1790255210906,0.7,-0.002856,0.026885,9.849939,0,-0.0025,-0.021,IMU,29.622,-0.021,30,0,0.378,0.021,22.7,119.72,111.74,-7.98,47DE-BDC2,1,1,CONST,HOLD,ACCEL,3.97,1,1,SIM,1
27.8,2026-09-24T13:06:51.706Z,1790255211706,29.666,57.708847,11.976488,4,1790255210906,0.8,-0.030534,-0.0321,9.802677,0,-0.0653,-0.0281,IMU,29.612,-0.0281,30,0,0.388,0.0281,22.8,120.56,111.74,-8.82,47DE-BDC2,1,1,CONST,HOLD,ACCEL,3.87,1,1,SIM,1
27.9,2026-09-24T13:06:51.806Z,1790255211806,29.666,57.708847,11.976488,4,1790255210906,0.9,0.015813,0.020505,9.829574,0,-0.0054,-0.0219,IMU,29.604,-0.0219,30,0,0.396,0.0219,22.9,121.39,111.74,-9.65,47DE-BDC2,1,1,CONST,HOLD,ACCEL,3.77,1,1,SIM,1
28,2026-09-24T13:06:51.906Z,1790255211906,29.964,57.70884,11.976627,4,1790255211906,0,-0.01905,0.002753,9.84001,0,-0.029,-0.0251,IMU,29.964,-0.0251,30,0,0.036,0.0251,23,122.22,120.02,-2.2,47DE-BDC2,1,1,CONST,HOLD,ACCEL,3.67,1,1,SIM,1
28.1,2026-09-24T13:06:52.006Z,1790255212006,29.964,57.70884,11.976627,4,1790255211906,0.1,0.046319,-0.008473,9.81754,0,-0.0285,-0.0292,IMU,29.954,-0.0292,30,0,0.046,0.0292,23.1,123.06,120.02,-3.04,47DE-BDC2,1,1,CONST,HOLD,ACCEL,3.57,1,1,SIM,1
28.2,2026-09-24T13:06:52.106Z,1790255212106,29.964,57.70884,11.976627,4,1790255211906,0.2,0.009798,-0.011683,9.789983,0,-0.038,-0.0286,IMU,29.945,-0.0286,30,0,0.055,0.0286,23.2,123.89,120.02,-3.87,47DE-BDC2,1,1,CONST,HOLD,ACCEL,3.47,1,1,SIM,1
28.3,2026-09-24T13:06:52.206Z,1790255212206,29.964,57.70884,11.976627,4,1790255211906,0.3,-0.030839,0.009905,9.810277,0,-0.024,-0.0264,IMU,29.935,-0.0264,30,0,0.065,0.0264,23.3,124.72,120.02,-4.7,47DE-BDC2,1,1,CONST,HOLD,ACCEL,3.37,1,1,SIM,1
28.4,2026-09-24T13:06:52.306Z,1790255212306,29.964,57.70884,11.976627,4,1790255211906,0.4,0.007656,0.043064,9.832169,0,0.0154,-0.0207,IMU,29.927,-0.0207,30,0,0.073,0.0207,23.4,125.56,120.02,-5.54,47DE-BDC2,1,1,CONST,HOLD,ACCEL,3.27,1,1,SIM,1
28.5,2026-09-24T13:06:52.406Z,1790255212406,29.964,57.70884,11.976627,4,1790255211906,0.5,0.046354,0.042183,9.777963,0,0.0215,-0.0208,IMU,29.919,-0.0208,30,0,0.081,0.0208,23.5,126.39,120.02,-6.37,47DE-BDC2,1,1,CONST,HOLD,ACCEL,3.17,1,1,SIM,1
28.6,2026-09-24T13:06:52.506Z,1790255212506,29.964,57.70884,11.976627,4,1790255211906,0.6,-0.012499,-0.107592,9.792949,0,-0.1363,-0.0301,IMU,29.911,-0.0301,30,0,0.089,0.0301,23.6,127.22,120.02,-7.2,47DE-BDC2,1,1,CONST,HOLD,ACCEL,3.07,1,1,SIM,1
28.7,2026-09-24T13:06:52.606Z,1790255212606,29.964,57.70884,11.976627,4,1790255211906,0.7,0.007623,0.016637,9.827756,0,-0.0106,-0.0321,IMU,29.899,-0.0321,30,0,0.101,0.0321,23.7,128.06,120.02,-8.04,47DE-BDC2,1,1,CONST,HOLD,ACCEL,2.97,1,1,SIM,1
28.8,2026-09-24T13:06:52.706Z,1790255212706,29.964,57.70884,11.976627,4,1790255211906,0.8,0.026091,0.003904,9.818541,0,-0.0199,-0.0292,IMU,29.888,-0.0292,30,0,0.112,0.0292,23.8,128.89,120.02,-8.87,47DE-BDC2,1,1,CONST,HOLD,ACCEL,2.87,1,1,SIM,1
28.9,2026-09-24T13:06:52.806Z,1790255212806,29.964,57.70884,11.976627,4,1790255211906,0.9,-0.011798,0.025952,9.830823,0,-0.0049,-0.0293,IMU,29.877,-0.0293,30,0,0.123,0.0293,23.9,129.72,120.02,-9.7,47DE-BDC2,1,1,CONST,HOLD,ACCEL,2.77,1,1,SIM,1
29,2026-09-24T13:06:52.906Z,1790255212906,29.6,57.708833,11.976767,4,1790255212906,0,-0.045698,-0.028224,9.820565,0,-0.0642,-0.0365,IMU,29.6,-0.0365,30,0,0.4,0.0365,24,130.56,128.29,-2.26,47DE-BDC2,1,1,CONST,HOLD,ACCEL,2.67,1,1,SIM,1
29.1,2026-09-24T13:06:53.006Z,1790255213006,29.6,57.708833,11.976767,4,1790255212906,0.1,0.021533,0.008367,9.812358,0,-0.0163,-0.0363,IMU,29.588,-0.0363,30,0,0.412,0.0363,24.1,131.39,128.29,-3.1,47DE-BDC2,1,1,CONST,HOLD,ACCEL,2.57,1,1,SIM,1
29.2,2026-09-24T13:06:53.106Z,1790255213106,29.6,57.708833,11.976767,4,1790255212906,0.2,-0.005235,-0.007078,9.80158,0,-0.0362,-0.0328,IMU,29.575,-0.0328,30,0,0.425,0.0328,24.2,132.22,128.29,-3.93,47DE-BDC2,1,1,CONST,HOLD,ACCEL,2.47,1,1,SIM,1
29.3,2026-09-24T13:06:53.206Z,1790255213206,29.6,57.708833,11.976767,4,1790255212906,0.3,0.013366,0.042512,9.789779,0,0.016,-0.0322,IMU,29.563,-0.0322,30,0,0.437,0.0322,24.3,133.06,128.29,-4.76,47DE-BDC2,1,1,CONST,HOLD,ACCEL,2.37,1,1,SIM,1
29.4,2026-09-24T13:06:53.306Z,1790255213306,29.6,57.708833,11.976767,4,1790255212906,0.4,-0.007824,0.003193,9.834731,0,-0.0266,-0.0268,IMU,29.552,-0.0268,30,0,0.448,0.0268,24.4,133.89,128.29,-5.6,47DE-BDC2,1,1,CONST,HOLD,ACCEL,2.27,1,1,SIM,1
29.5,2026-09-24T13:06:53.406Z,1790255213406,29.6,57.708833,11.976767,4,1790255212906,0.5,-0.035395,-0.004122,9.830111,0,-0.0387,-0.0265,IMU,29.543,-0.0265,30,0,0.457,0.0265,24.5,134.72,128.29,-6.43,47DE-BDC2,1,1,CONST,HOLD,ACCEL,2.17,1,1,SIM,1
29.6,2026-09-24T13:06:53.506Z,1790255213506,29.6,57.708833,11.976767,4,1790255212906,0.6,0.0031,0.009239,9.754693,0,-0.0185,-0.0247,IMU,29.534,-0.0247,30,0,0.466,0.0247,24.6,135.56,128.29,-7.26,47DE-BDC2,1,1,CONST,HOLD,ACCEL,2.07,1,1,SIM,1
29.7,2026-09-24T13:06:53.606Z,1790255213606,29.6,57.708833,11.976767,4,1790255212906,0.7,-0.000976,0.032661,9.750274,0,0.0039,-0.0257,IMU,29.524,-0.0257,30,0,0.476,0.0257,24.7,136.39,128.29,-8.1,47DE-BDC2,1,1,CONST,HOLD,ACCEL,1.97,1,1,SIM,1
29.8,2026-09-24T13:06:53.706Z,1790255213706,29.6,57.708833,11.976767,4,1790255212906,0.8,0.074797,0.007724,9.789287,0,-0.0074,-0.0245,IMU,29.515,-0.0245,30,0,0.485,0.0245,24.8,137.22,128.29,-8.93,47DE-BDC2,1,1,CONST,HOLD,ACCEL,1.87,1,1,SIM,1
29.9,2026-09-24T13:06:53.806Z,1790255213806,29.6,57.708833,11.976767,4,1790255212906,0.9,0.003262,-0.03298,9.780179,0,-0.0601,-0.0264,IMU,29.507,-0.0264,30,0,0.493,0.0264,24.9,138.06,128.29,-9.76,47DE-BDC2,1,1,CONST,HOLD,ACCEL,1.77,1,1,SIM,1
30,2026-09-24T13:06:53.906Z,1790255213906,30.145,57.708825,11.976906,4,1790255213906,0,-0.004337,0.046187,9.799214,0,0.0164,-0.0211,IMU,30.145,-0.0211,30,0,-0.145,0.0211,25,138.89,136.59,-2.3,47DE-BDC2,1,1,CONST,HOLD,ACCEL,1.67,1,1,SIM,1
30.1,2026-09-24T13:06:54.006Z,1790255214006,30.145,57.708825,11.976906,4,1790255213906,0.1,0.02495,-0.055046,9.772652,0,-0.0779,-0.026,IMU,30.136,-0.026,30,0,-0.136,0.026,25.1,139.72,136.59,-3.13,47DE-BDC2,1,1,CONST,HOLD,ACCEL,1.57,1,1,SIM,1
30.2,2026-09-24T13:06:54.106Z,1790255214106,30.145,57.708825,11.976906,4,1790255213906,0.2,-0.004739,0.013692,9.826657,0,-0.0157,-0.0233,IMU,30.128,-0.0233,30,0,-0.128,0.0233,25.2,140.56,136.59,-3.96,47DE-BDC2,1,1,CONST,HOLD,ACCEL,1.47,1,1,SIM,1
30.3,2026-09-24T13:06:54.206Z,1790255214206,30.145,57.708825,11.976906,4,1790255213906,0.3,-0.015013,0.02929,9.777415,0,-0.002,-0.0247,IMU,30.118,-0.0247,30,0,-0.118,0.0247,25.3,141.39,136.59,-4.8,47DE-BDC2,1,1,CONST,HOLD,ACCEL,1.37,1,1,SIM,1
30.4,2026-09-24T13:06:54.306Z,1790255214306,30.145,57.708825,11.976906,4,1790255213906,0.4,-0.004176,0.051278,9.817364,0,0.0214,-0.0255,IMU,30.109,-0.0255,30,0,-0.109,0.0255,25.4,142.22,136.59,-5.63,47DE-BDC2,1,1,CONST,HOLD,ACCEL,1.27,1,1,SIM,1
30.5,2026-09-24T13:06:54.406Z,1790255214406,30.145,57.708825,11.976906,4,1790255213906,0.5,-0.022355,-0.007465,9.807866,0,-0.0396,-0.027,IMU,30.099,-0.027,30,0,-0.099,0.027,25.5,143.06,136.59,-6.46,47DE-BDC2,1,1,CONST,HOLD,ACCEL,1.17,1,1,SIM,1
30.6,2026-09-24T13:06:54.506Z,1790255214506,30.145,57.708825,11.976906,4,1790255213906,0.6,-0.01745,0.005987,9.858218,0,-0.0256,-0.0252,IMU,30.09,-0.0252,30,0,-0.09,0.0252,25.6,143.89,136.59,-7.3,47DE-BDC2,1,1,CONST,HOLD,ACCEL,1.07,1,1,SIM,1
30.7,2026-09-24T13:06:54.606Z,1790255214606,30.145,57.708825,11.976906,4,1790255213906,0.7,-0.005871,-0.019331,9.871943,0,-0.0485,-0.029,IMU,30.08,-0.029,30,0,-0.08,0.029,25.7,144.72,136.59,-8.13,47DE-BDC2,1,1,CONST,HOLD,ACCEL,0.97,1,1,SIM,1
30.8,2026-09-24T13:06:54.706Z,1790255214706,30.145,57.708825,11.976906,4,1790255213906,0.8,0.023597,0.027321,9.81064,0,0.0028,-0.0294,IMU,30.07,-0.0294,30,0,-0.07,0.0294,25.8,145.56,136.59,-8.96,47DE-BDC2,1,1,CONST,HOLD,ACCEL,0.87,1,1,SIM,1
30.9,2026-09-24T13:06:54.806Z,1790255214806,30.145,57.708825,11.976906,4,1790255213906,0.9,0.036015,0.010414,9.767095,0,-0.0115,-0.0271,IMU,30.06,-0.0271,30,0,-0.06,0.0271,25.9,146.39,136.59,-9.8,47DE-BDC2,1,1,CONST,HOLD,ACCEL,0.77,1,1,SIM,1
31,2026-09-24T13:06:54.906Z,1790255214906,30.146,57.708817,11.977045,4,1790255214906,0,0.04328,0.016166,9.78162,0,-0.0046,-0.0266,IMU,30.146,-0.0266,30,0,-0.146,0.0266,26,147.22,144.96,-2.26,47DE-BDC2,1,1,CONST,HOLD,ACCEL,0.67,1,1,SIM,1
31.1,2026-09-24T13:06:55.006Z,1790255215006,30.146,57.708817,11.977045,4,1790255214906,0.1,-0.016012,0.009056,9.799208,0,-0.0222,-0.0231,IMU,30.137,-0.0231,30,0,-0.137,0.0231,26.1,148.06,144.96,-3.09,47DE-BDC2,1,1,CONST,HOLD,ACCEL,0.57,1,1,SIM,1
31.2,2026-09-24T13:06:55.106Z,1790255215106,30.146,57.708817,11.977045,4,1790255214906,0.2,-0.006128,0.027873,9.818435,0,-0.002,-0.0257,IMU,30.128,-0.0257,30,0,-0.128,0.0257,26.2,148.89,144.96,-3.92,47DE-BDC2,1,1,CONST,HOLD,ACCEL,0.47,1,1,SIM,1
31.3,2026-09-24T13:06:55.206Z,1790255215206,30.146,57.708817,11.977045,4,1790255214906,0.3,-0.010273,-0.046235,9.799301,0,-0.0756,-0.0341,IMU,30.117,-0.0341,30,0,-0.117,0.0341,26.3,149.72,144.96,-4.76,47DE-BDC2,1,1,CONST,HOLD,ACCEL,0.37,1,1,SIM,1
31.4,2026-09-24T13:06:55.306Z,1790255215306,30.146,57.708817,11.977045,4,1790255214906,0.4,-0.035974,0.045649,9.818522,0,0.0102,-0.0345,IMU,30.105,-0.0345,30,0,-0.105,0.0345,26.4,150.56,144.96,-5.59,47DE-BDC2,1,1,CONST,HOLD,ACCEL,0.27,1,1,SIM,1
31.5,2026-09-24T13:06:55.406Z,1790255215406,30.146,57.708817,11.977045,4,1790255214906,0.5,-0.031176,-0.057769,9.795029,0,-0.0906,-0.039,IMU,30.092,-0.039,30,0,-0.092,0.039,26.5,151.39,144.96,-6.42,47DE-BDC2,1,1,CONST,HOLD,ACCEL,0.17,1,1,SIM,1
31.6,2026-09-24T13:06:55.506Z,1790255215506,30.146,57.708817,11.977045,4,1790255214906,0.6,0.046318,0.035735,9.821845,0,0.015,-0.0371,IMU,30.078,-0.0371,30,0,-0.078,0.0371,26.6,152.22,144.96,-7.26,47DE-BDC2,1,1,CONST,HOLD,ACCEL,0.07,1,1,SIM,1
31.7,2026-09-24T13:06:55.606Z,1790255215606,30.146,57.708817,11.977045,4,1790255214906,0.7,0.025948,0.0313,9.807454,0,0.0071,-0.035,IMU,30.065,-0.035,30.067,0.5556,0.002,0.5906,26.7,153.06,144.96,-8.09,47DE-BDC2,1,2,ACCEL,ACC,CONST,9.97,1,0,SIM,1
31.8,2026-09-24T13:06:55.706Z,1790255215706,30.146,57.708817,11.977045,4,1790255214906,0.8,0.027729,0.100105,9.841064,0,0.0751,-0.0202,IMU,30.054,-0.0202,30.267,0.5556,0.212,0.5758,26.8,153.89,144.96,-8.93,47DE-BDC2,1,2,ACCEL,ACC,CONST,9.87,1,0,SIM,1
31.9,2026-09-24T13:06:55.806Z,1790255215806,30.146,57.708817,11.977045,4,1790255214906,0.9,0.040923,0.130473,9.816653,0,0.1073,0.0132,IMU,30.053,0.0132,30.467,0.5556,0.413,0.5423,26.9,154.74,144.96,-9.77,47DE-BDC2,1,2,ACCEL,ACC,CONST,9.77,1,0,SIM,1
32,2026-09-24T13:06:55.906Z,1790255215906,30.319,57.708809,11.977185,4,1790255215906,0,0.061125,0.231979,9.794854,0,0.2109,0.0594,IMU,30.319,0.0594,30.667,0.5556,0.348,0.4961,27,155.59,153.36,-2.22,47DE-BDC2,1,2,ACCEL,ACC,CONST,9.67,1,0,SIM,1
32.1,2026-09-24T13:06:56.006Z,1790255216006,30.319,57.708809,11.977185,4,1790255215906,0.1,0.11947,0.26882,9.855269,0,0.2573,0.1063,IMU,30.35,0.1063,30.867,0.5556,0.516,0.4493,27.1,156.44,153.36,-3.08,47DE-BDC2,1,2,ACCEL,ACC,CONST,9.57,1,0,SIM,1
32.2,2026-09-24T13:06:56.106Z,1790255216106,30.319,57.708809,11.977185,4,1790255215906,0.2,0.085942,0.366955,9.797617,0,0.3481,0.1674,IMU,30.402,0.1674,31.067,0.5556,0.665,0.3882,27.2,157.3,153.36,-3.94,47DE-BDC2,1,2,ACCEL,ACC,CONST,9.47,1,0,SIM,1
32.3,2026-09-24T13:06:56.206Z,1790255216206,30.319,57.708809,11.977185,4,1790255215906,0.3,0.057883,0.356688,9.824199,0,0.333,0.2144,IMU,30.473,0.2144,31.267,0.5556,0.794,0.3411,27.3,158.17,153.36,-4.8,47DE-BDC2,1,2,ACCEL,ACC,CONST,9.37,1,0,SIM,1
32.4,2026-09-24T13:06:56.306Z,1790255216306,30.319,57.708809,11.977185,4,1790255215906,0.4,0.043816,0.468326,9.80547,0,0.4404,0.2713,IMU,30.562,0.2713,31.467,0.5556,0.904,0.2842,27.4,159.04,153.36,-5.68,47DE-BDC2,1,2,ACCEL,ACC,CONST,9.27,1,0,SIM,1
32.5,2026-09-24T13:06:56.406Z,1790255216406,30.319,57.708809,11.977185,4,1790255215906,0.5,0.095248,0.469385,9.818246,0,0.4505,0.3238,IMU,30.672,0.3238,31.667,0.5556,0.995,0.2318,27.5,159.92,153.36,-6.55,47DE-BDC2,1,2,ACCEL,ACC,CONST,9.17,1,0,SIM,1
32.6,2026-09-24T13:06:56.506Z,1790255216506,30.319,57.708809,11.977185,4,1790255215906,0.6,0.142709,0.557093,9.82355,0,0.5452,0.3694,IMU,30.798,0.3694,31.867,0.5556,1.069,0.1861,27.6,160.8,153.36,-7.44,47DE-BDC2,1,2,ACCEL,ACC,CONST,9.07,0,0,SIM,1
32.7,2026-09-24T13:06:56.606Z,1790255216606,30.319,57.708809,11.977185,4,1790255215906,0.7,0.066326,0.495832,9.765107,0,0.4716,0.4113,IMU,30.941,0.4113,32.067,0.5556,1.126,0.1442,27.7,161.69,153.36,-8.32,47DE-BDC2,1,2,ACCEL,ACC_MORE,CONST,8.97,0,0,SIM,1
32.8,2026-09-24T13:06:56.706Z,1790255216706,30.319,57.708809,11.977185,4,1790255215906,0.8,0.107662,0.610049,9.803506,0,0.5912,0.4498,IMU,31.097,0.4498,32.267,0.5556,1.17,0.1058,27.8,162.58,153.36,-9.22,47DE-BDC2,1,2,ACCEL,ACC_MORE,CONST,8.87,0,0,SIM,1
32.9,2026-09-24T13:06:56.806Z,1790255216806,30.319,57.708809,11.977185,4,1790255215906,0.9,0.115383,0.632934,9.815527,0,0.6151,0.4869,IMU,31.266,0.4869,32.467,0.5556,1.2,0.0687,27.9,163.48,153.36,-10.12,47DE-BDC2,1,2,ACCEL,ACC_MORE,CONST,8.77,0,1,SIM,1
33,2026-09-24T13:06:56.906Z,1790255216906,31.572,57.7088,11.977328,4,1790255216906,0,0.084104,0.580657,9.784691,0,0.5582,0.5118,IMU,31.572,0.5118,32.667,0.5556,1.095,0.0438,28,164.38,161.96,-2.42,47DE-BDC2,1,2,ACCEL,ACC_MORE,CONST,8.67,0,1,SIM,1
33.1,2026-09-24T13:06:57.006Z,1790255217006,31.572,57.7088,11.977328,4,1790255216906,0.1,0.166023,0.608309,9.77559,0,0.5999,0.5382,IMU,31.762,0.5382,32.867,0.5556,1.104,0.0173,28.1,165.29,161.96,-3.33,47DE-BDC2,1,2,ACCEL,ACC_MORE,CONST,8.57,0,1,SIM,1
33.2,2026-09-24T13:06:57.106Z,1790255217106,31.572,57.7088,11.977328,4,1790255216906,0.2,0.101103,0.619395,9.839109,0,0.5991,0.5548,IMU,31.96,0.5548,33.067,0.5556,1.107,0.0008,28.2,166.21,161.96,-4.25,47DE-BDC2,1,2,ACCEL,ACC_MORE,CONST,8.47,0,1,SIM,1
33.3,2026-09-24T13:06:57.206Z,1790255217206,31.572,57.7088,11.977328,4,1790255216906,0.3,0.181407,0.627237,9.853025,0,0.621,0.5706,IMU,32.163,0.5706,33.267,0.5556,1.104,-0.0151,28.3,167.13,161.96,-5.17,47DE-BDC2,1,2,ACCEL,ACC_MORE,CONST,8.37,0,1,SIM,1
33.4,2026-09-24T13:06:57.306Z,1790255217306,31.572,57.7088,11.977328,4,1790255216906,0.4,0.147195,0.605294,9.831962,0,0.5934,0.588,IMU,32.373,0.588,33.467,0.5556,1.094,-0.0325,28.4,168.06,161.96,-6.1,47DE-BDC2,1,2,ACCEL,ACC_MORE,CONST,8.27,0,1,SIM,1
33.5,2026-09-24T13:06:57.406Z,1790255217406,31.572,57.7088,11.977328,4,1790255216906,0.5,0.138729,0.600231,9.820461,0,0.587,0.5957,IMU,32.587,0.5957,33.667,0.5556,1.08,-0.0401,28.5,168.99,161.96,-7.03,47DE-BDC2,1,2,ACCEL,ACC_MORE,CONST,8.17,0,1,SIM,1
33.6,2026-09-24T13:06:57.506Z,1790255217506,31.572,57.7088,11.977328,4,1790255216906,0.6,0.08879,0.638726,9.809109,0,0.6161,0.6071,IMU,32.804,0.6071,33.867,0.5556,1.062,-0.0515,28.6,169.93,161.96,-7.97,47DE-BDC2,1,2,ACCEL,ACC_MORE,CONST,8.07,0,1,SIM,1
33.7,2026-09-24T13:06:57.606Z,1790255217606,31.572,57.7088,11.977328,4,1790255216906,0.7,0.096982,0.627611,9.815665,0,0.6066,0.6145,IMU,33.025,0.6145,34.067,0.5556,1.042,-0.059,28.7,170.87,161.96,-8.91,47DE-BDC2,1,2,ACCEL,ACC_MORE,CONST,7.97,0,1,SIM,1
33.8,2026-09-24T13:06:57.706Z,1790255217706,31.572,57.7088,11.977328,4,1790255216906,0.8,0.128739,0.654138,9.804185,0,0.6383,0.6228,IMU,33.248,0.6228,34.267,0.5556,1.019,-0.0672,28.8,171.82,161.96,-9.86,47DE-BDC2,1,2,ACCEL,ACC_MORE,CONST,7.87,0,1,SIM,1
33.9,2026-09-24T13:06:57.806Z,1790255217806,31.572,57.7088,11.977328,4,1790255216906,0.9,0.115278,0.696647,9.821489,0,0.6777,0.6245,IMU,33.472,0.6245,34.467,0.5556,0.994,-0.069,28.9,172.77,161.96,-10.82,47DE-BDC2,1,2,ACCEL,ACC_MORE,CONST,7.77,1,1,SIM,1
34,2026-09-24T13:06:57.906Z,1790255217906,34.098,57.70879,11.977482,4,1790255217906,0,0.120423,0.685398,9.793118,0,0.6676,0.6271,IMU,34.098,0.6271,34.667,0.5556,0.569,-0.0716,29,173.73,171.08,-2.66,47DE-BDC2,1,2,ACCEL,ACC_MORE,CONST,7.67,1,1,SIM,1
34.1,2026-09-24T13:06:58.006Z,1790255218006,34.098,57.70879,11.977482,4,1790255217906,0.1,0.115348,0.60885,9.822555,0,0.5913,0.6231,IMU,34.323,0.6231,34.867,0.5556,0.544,-0.0675,29.1,174.7,171.08,-3.62,47DE-BDC2,1,2,ACCEL,ACC_MORE,CONST,7.57,1,1,SIM,1
34.2,2026-09-24T13:06:58.106Z,1790255218106,34.098,57.70879,11.977482,4,1790255217906,0.2,0.151692,0.585349,9.791965,0,0.5748,0.6195,IMU,34.547,0.6195,35.067,0.5556,0.519,-0.064,29.2,175.67,171.08,-4.59,47DE-BDC2,1,2,ACCEL,ACC_MORE,CONST,7.47,1,1,SIM,1
34.3,2026-09-24T13:06:58.206Z,1790255218206,34.098,57.70879,11.977482,4,1790255217906,0.3,0.095833,0.63268,9.799097,0,0.6114,0.6215,IMU,34.771,0.6215,35.267,0.5556,0.496,-0.066,29.3,176.65,171.08,-5.57,47DE-BDC2,1,2,ACCEL,ACC_MORE,CONST,7.37,1,1,SIM,1
34.4,2026-09-24T13:06:58.306Z,1790255218306,34.098,57.70879,11.977482,4,1790255217906,0.4,0.171091,0.607305,9.798252,0,0.5998,0.6143,IMU,34.993,0.6143,35.467,0.5556,0.474,-0.0587,29.4,177.63,171.08,-6.55,47DE-BDC2,1,2,ACCEL,ACC,CONST,7.27,1,1,SIM,1
34.5,2026-09-24T13:06:58.406Z,1790255218406,34.098,57.70879,11.977482,4,1790255217906,0.5,0.129439,0.659841,9.802086,0,0.6441,0.613,IMU,35.213,0.613,35.667,0.5556,0.453,-0.0574,29.5,178.62,171.08,-7.54,47DE-BDC2,1,2,ACCEL,ACC,CONST,7.17,1,1,SIM,1
34.6,2026-09-24T13:06:58.506Z,1790255218506,34.098,57.70879,11.977482,4,1790255217906,0.6,0.064909,0.585007,9.83618,0,0.5588,0.6027,IMU,35.431,0.6027,35.867,0.5556,0.435,-0.0471,29.6,179.61,171.08,-8.53,47DE-BDC2,1,2,ACCEL,ACC,CONST,7.07,1,1,SIM,1
34.7,2026-09-24T13:06:58.606Z,1790255218606,34.098,57.70879,11.977482,4,1790255217906,0.7,0.112431,0.603127,9.860749,0,0.5851,0.6024,IMU,35.649,0.6024,36.067,0.5556,0.418,-0.0468,29.7,180.61,171.08,-9.53,47DE-BDC2,1,2,ACCEL,ACC,CONST,6.97,1,1,SIM,1
34.8,2026-09-24T13:06:58.706Z,1790255218706,34.098,57.70879,11.977482,4,1790255217906,0.8,0.053157,0.576802,9.805936,0,0.5488,0.5899,IMU,35.862,0.5899,36.267,0.5556,0.405,-0.0344,29.8,181.62,171.08,-10.54,47DE-BDC2,1,2,ACCEL,ACC,CONST,6.87,1,1,SIM,1
34.9,2026-09-24T13:06:58.806Z,1790255218806,34.098,57.70879,11.977482,4,1790255217906,0.9,0.088014,0.647639,9.810516,0,0.6247,0.591,IMU,36.074,0.591,36.467,0.5556,0.392,-0.0355,29.9,182.63,171.08,-11.55,47DE-BDC2,1,2,ACCEL,ACC,CONST,6.77,1,1,SIM,1
35,2026-09-24T13:06:58.906Z,1790255218906,36.021,57.70878,11.977646,4,1790255218906,0,0.080492,0.577881,9.813434,0,0.5547,0.5896,IMU,36.021,0.5896,36.667,0.5556,0.645,-0.034,30,183.64,180.82,-2.82,47DE-BDC2,1,2,ACCEL,ACC,CONST,6.67,1,1,SIM,1
35.1,2026-09-24T13:06:59.006Z,1790255219006,36.021,57.70878,11.977646,4,1790255218906,0.1,0.117644,0.624583,9.827474,0,0.6072,0.5883,IMU,36.233,0.5883,36.867,0.5556,0.634,-0.0328,30.1,184.66,180.82,-3.85,47DE-BDC2,1,2,ACCEL,ACC,CONST,6.57,1,1,SIM,1
35.2,2026-09-24T13:06:59.106Z,1790255219106,36.021,57.70878,11.977646,4,1790255218906,0.2,0.14202,0.64249,9.783194,0,0.6293,0.5862,IMU,36.444,0.5862,37.067,0.5556,0.623,-0.0307,30.2,185.69,180.82,-4.87,47DE-BDC2,1,2,ACCEL,ACC,CONST,6.47,1,1,SIM,1
35.3,2026-09-24T13:06:59.206Z,1790255219206,36.021,57.70878,11.977646,4,1790255218906,0.3,0.084483,0.609351,9.849495,0,0.5863,0.5817,IMU,36.654,0.5817,37.267,0.5556,0.613,-0.0261,30.3,186.72,180.82,-5.9,47DE-BDC2,1,2,ACCEL,ACC,CONST,6.37,1,1,SIM,1
35.4,2026-09-24T13:06:59.306Z,1790255219306,36.021,57.70878,11.977646,4,1790255218906,0.4,0.133165,0.570197,9.807468,0,0.5565,0.5736,IMU,36.861,0.5736,37.467,0.5556,0.605,-0.018,30.4,187.76,180.82,-6.94,47DE-BDC2,1,2,ACCEL,ACC,CONST,6.27,1,1,SIM,1
35.5,2026-09-24T13:06:59.406Z,1790255219406,36.021,57.70878,11.977646,4,1790255218906,0.5,0.123189,0.571469,9.814626,0,0.556,0.5671,IMU,37.066,0.5671,37.667,0.5556,0.6,-0.0115,30.5,188.8,180.82,-7.99,47DE-BDC2,1,2,ACCEL,ACC,CONST,6.17,1,1,SIM,1
35.6,2026-09-24T13:06:59.506Z,1790255219506,36.021,57.70878,11.977646,4,1790255218906,0.6,0.141071,0.543975,9.809231,0,0.5321,0.5606,IMU,37.27,0.5606,37.867,0.5556,0.597,-0.0051,30.6,189.85,180.82,-9.04,47DE-BDC2,1,2,ACCEL,ACC,CONST,6.07,1,1,SIM,1
35.7,2026-09-24T13:06:59.606Z,1790255219606,36.021,57.70878,11.977646,4,1790255218906,0.7,0.122479,0.565498,9.824226,0,0.55,0.5534,IMU,37.47,0.5534,38.067,0.5556,0.597,0.0021,30.7,190.91,180.82,-10.09,47DE-BDC2,1,2,ACCEL,ACC,CONST,5.97,1,1,SIM,1
35.8,2026-09-24T13:06:59.706Z,1790255219706,36.021,57.70878,11.977646,4,1790255218906,0.8,0.120656,0.582753,9.782961,0,0.5667,0.5503,IMU,37.668,0.5503,38.267,0.5556,0.599,0.0052,30.8,191.97,180.82,-11.15,47DE-BDC2,1,2,ACCEL,ACC,CONST,5.87,1,1,SIM,1
35.9,2026-09-24T13:06:59.806Z,1790255219806,36.021,57.70878,11.977646,4,1790255218906,0.9,0.082964,0.577562,9.789746,0,0.5549,0.5467,IMU,37.864,0.5467,38.467,0.5556,0.602,0.0089,30.9,193.03,180.82,-12.22,47DE-BDC2,1,2,ACCEL,ACC,CONST,5.77,1,1,SIM,1
36,2026-09-24T13:06:59.906Z,1790255219906,38.059,57.708768,11.97782,4,1790255219906,0,0.098585,0.50175,9.814222,0,0.483,0.5382,IMU,38.059,0.5382,38.667,0.5556,0.607,0.0173,31,194.1,191.11,-3,47DE-BDC2,1,2,ACCEL,ACC,CONST,5.67,1,1,SIM,1
36.1,2026-09-24T13:07:00.006Z,1790255220006,38.059,57.708768,11.97782,4,1790255219906,0.1,0.088566,0.569618,9.826692,0,0.5479,0.5421,IMU,38.254,0.5421,38.867,0.5556,0.613,0.0135,31.1,195.18,191.11,-4.08,47DE-BDC2,1,2,ACCEL,ACC,CONST,5.57,1,1,SIM,1
36.2,2026-09-24T13:07:00.106Z,1790255220106,38.059,57.708768,11.97782,4,1790255219906,0.2,0.057232,0.568122,9.805322,0,0.5409,0.544,IMU,38.449,0.544,39.067,0.5556,0.617,0.0115,31.2,196.26,191.11,-5.16,47DE-BDC2,1,2,ACCEL,ACC,CONST,5.47,1,1,SIM,1
36.3,2026-09-24T13:07:00.206Z,1790255220206,38.059,57.708768,11.97782,4,1790255219906,0.3,0.110344,0.49405,9.839475,0,0.4775,0.5349,IMU,38.643,0.5349,39.267,0.5556,0.623,0.0207,31.3,197.35,191.11,-6.25,47DE-BDC2,1,2,ACCEL,ACC,CONST,5.37,1,1,SIM,1
36.4,2026-09-24T13:07:00.306Z,1790255220306,38.059,57.708768,11.97782,4,1790255219906,0.4,0.088995,0.528403,9.84577,0,0.5074,0.5266,IMU,38.834,0.5266,39.467,0.5556,0.633,0.0289,31.4,198.45,191.11,-7.34,47DE-BDC2,1,2,ACCEL,ACC,CONST,5.27,1,1,SIM,1
36.5,2026-09-24T13:07:00.406Z,1790255220406,38.059,57.708768,11.97782,4,1790255219906,0.5,0.103581,0.577174,9.818437,0,0.5581,0.5295,IMU,39.024,0.5295,39.667,0.5556,0.642,0.0261,31.5,199.54,191.11,-8.44,47DE-BDC2,1,2,ACCEL,ACC,CONST,5.17,1,1,SIM,1
36.6,2026-09-24T13:07:00.506Z,1790255220506,38.059,57.708768,11.97782,4,1790255219906,0.6,0.112001,0.558604,9.744492,0,0.5415,0.5281,IMU,39.214,0.5281,39.867,0.5556,0.652,0.0275,31.6,200.65,191.11,-9.54,47DE-BDC2,1,2,ACCEL,ACC,CONST,5.07,1,1,SIM,1
36.7,2026-09-24T13:07:00.606Z,1790255220606,38.059,57.708768,11.97782,4,1790255219906,0.7,0.1109,0.533922,9.817171,0,0.5168,0.5291,IMU,39.404,0.5291,40.067,0.5556,0.662,0.0265,31.7,201.76,191.11,-10.65,47DE-BDC2,1,2,ACCEL,ACC,CONST,4.97,1,1,SIM,1
36.8,2026-09-24T13:07:00.706Z,1790255220706,38.059,57.708768,11.97782,4,1790255219906,0.8,0.109703,0.582969,9.840115,0,0.5648,0.5253,IMU,39.594,0.5253,40.267,0.5556,0.673,0.0302,31.8,202.88,191.11,-11.77,47DE-BDC2,1,2,ACCEL,ACC,CONST,4.87,1,1,SIM,1
36.9,2026-09-24T13:07:00.806Z,1790255220806,38.059,57.708768,11.97782,4,1790255219906,0.9,0.080017,0.574744,9.817397,0,0.5515,0.5245,IMU,39.782,0.5245,40.467,0.5556,0.684,0.031,31.9,204,191.11,-12.89,47DE-BDC2,1,2,ACCEL,ACC,CONST,4.77,1,1,SIM,1
37,2026-09-24T13:07:00.906Z,1790255220906,40.008,57.708756,11.978003,4,1790255220906,0,0.096923,0.536078,9.776001,0,0.5166,0.5276,IMU,40.008,0.5276,40.667,0.5556,0.659,0.0279,32,205.12,201.95,-3.17,47DE-BDC2,1,2,ACCEL,ACC,CONST,4.67,1,1,SIM,1
37.1,2026-09-24T13:07:01.006Z,1790255221006,40.008,57.708756,11.978003,4,1790255220906,0.1,0.110255,0.574646,9.84392,0,0.5567,0.5316,IMU,40.199,0.5316,40.867,0.5556,0.668,0.024,32.1,206.26,201.95,-4.31,47DE-BDC2,1,2,ACCEL,ACC,CONST,4.57,1,1,SIM,1
37.2,2026-09-24T13:07:01.106Z,1790255221106,40.008,57.708756,11.978003,4,1790255220906,0.2,0.085612,0.594806,9.837682,0,0.5722,0.5326,IMU,40.39,0.5326,41.067,0.5556,0.677,0.023,32.2,207.39,201.95,-5.44,47DE-BDC2,1,2,ACCEL,ACC,CONST,4.47,1,1,SIM,1
37.3,2026-09-24T13:07:01.206Z,1790255221206,40.008,57.708756,11.978003,4,1790255220906,0.3,0.060245,0.551079,9.803483,0,0.5247,0.5329,IMU,40.582,0.5329,41.267,0.5556,0.685,0.0227,32.3,208.54,201.95,-6.59,47DE-BDC2,1,2,ACCEL,ACC,CONST,4.37,1,1,SIM,1
37.4,2026-09-24T13:07:01.306Z,1790255221306,40.008,57.708756,11.978003,4,1790255220906,0.4,0.121094,0.552383,9.78017,0,0.5369,0.53,IMU,40.773,0.53,41.467,0.5556,0.694,0.0255,32.4,209.69,201.95,-7.74,47DE-BDC2,1,2,ACCEL,ACC,CONST,4.27,1,1,SIM,1
37.5,2026-09-24T13:07:01.406Z,1790255221406,40.008,57.708756,11.978003,4,1790255220906,0.5,0.057519,0.534866,9.835443,0,0.5082,0.5262,IMU,40.962,0.5262,41.667,0.5556,0.704,0.0294,32.5,210.84,201.95,-8.89,47DE-BDC2,1,2,ACCEL,ACC,CONST,4.17,1,1,SIM,1
37.6,2026-09-24T13:07:01.506Z,1790255221506,40.008,57.708756,11.978003,4,1790255220906,0.6,0.102814,0.55404,9.77926,0,0.5353,0.5236,IMU,41.151,0.5236,41.867,0.5556,0.716,0.0319,32.6,212,201.95,-10.05,47DE-BDC2,1,2,ACCEL,ACC,CONST,4.07,1,1,SIM,1
37.7,2026-09-24T13:07:01.606Z,1790255221606,40.008,57.708756,11.978003,4,1790255220906,0.7,0.088485,0.520932,9.829281,0,0.5,0.5228,IMU,41.339,0.5228,42.067,0.5556,0.728,0.0328,32.7,213.17,201.95,-11.22,47DE-BDC2,1,2,ACCEL,ACC,CONST,3.97,1,1,SIM,1
37.8,2026-09-24T13:07:01.706Z,1790255221706,40.008,57.708756,11.978003,4,1790255220906,0.8,0.122602,0.543005,9.814997,0,0.5279,0.5225,IMU,41.527,0.5225,42.267,0.5556,0.739,0.033,32.8,214.34,201.95,-12.39,47DE-BDC2,1,2,ACCEL,ACC,CONST,3.87,1,1,SIM,1
37.9,2026-09-24T13:07:01.806Z,1790255221806,40.008,57.708756,11.978003,4,1790255220906,0.9,0.140354,0.542861,9.784788,0,0.531,0.5216,IMU,41.715,0.5216,42.467,0.5556,0.751,0.0339,32.9,215.52,201.95,-13.57,47DE-BDC2,1,2,ACCEL,ACC,CONST,3.77,1,1,SIM,1
38,2026-09-24T13:07:01.906Z,1790255221906,41.986,57.708742,11.978196,4,1790255221906,0,0.107144,0.585419,9.814201,0,0.5668,0.5231,IMU,41.986,0.5231,42.667,0.5556,0.681,0.0325,33,216.7,213.34,-3.36,47DE-BDC2,1,2,ACCEL,ACC,CONST,3.67,1,1,SIM,1
38.1,2026-09-24T13:07:02.006Z,1790255222006,41.986,57.708742,11.978196,4,1790255221906,0.1,0.148755,0.540251,9.858982,0,0.5297,0.5245,IMU,42.173,0.5245,42.867,0.5556,0.693,0.031,33.1,217.89,213.34,-4.55,47DE-BDC2,1,2,ACCEL,ACC,CONST,3.57,1,1,SIM,1
38.2,2026-09-24T13:07:02.106Z,1790255222106,41.986,57.708742,11.978196,4,1790255221906,0.2,0.112979,0.576646,9.816396,0,0.5593,0.5298,IMU,42.363,0.5298,43.067,0.5556,0.703,0.0257,33.2,219.08,213.34,-5.74,47DE-BDC2,1,2,ACCEL,ACC,CONST,3.47,1,1,SIM,1
38.3,2026-09-24T13:07:02.206Z,1790255222206,41.986,57.708742,11.978196,4,1790255221906,0.3,0.118093,0.576348,9.758002,0,0.56,0.5335,IMU,42.554,0.5335,43.267,0.5556,0.712,0.0221,33.3,220.28,213.34,-6.94,47DE-BDC2,1,2,ACCEL,ACC,CONST,3.37,1,1,SIM,1
38.4,2026-09-24T13:07:02.306Z,1790255222306,41.986,57.708742,11.978196,4,1790255221906,0.4,0.135579,0.532691,9.844531,0,0.52,0.5287,IMU,42.745,0.5287,43.467,0.5556,0.721,0.0269,33.4,221.48,213.34,-8.15,47DE-BDC2,1,2,ACCEL,ACC,CONST,3.27,1,1,SIM,1
38.5,2026-09-24T13:07:02.406Z,1790255222406,41.986,57.708742,11.978196,4,1790255221906,0.5,0.092622,0.527682,9.775852,0,0.5076,0.5278,IMU,42.935,0.5278,43.667,0.5556,0.731,0.0278,33.5,222.69,213.34,-9.36,47DE-BDC2,1,2,ACCEL,ACC,CONST,3.17,1,1,SIM,1
38.6,2026-09-24T13:07:02.506Z,1790255222506,41.986,57.708742,11.978196,4,1790255221906,0.6,0.053727,0.543865,9.785798,0,0.5165,0.523,IMU,43.124,0.523,43.867,0.5556,0.743,0.0326,33.6,223.91,213.34,-10.57,47DE-BDC2,1,2,ACCEL,ACC,CONST,3.07,1,1,SIM,1
38.7,2026-09-24T13:07:02.606Z,1790255222606,41.986,57.708742,11.978196,4,1790255221906,0.7,0.055339,0.507876,9.798116,0,0.4813,0.514,IMU,43.311,0.514,44.067,0.5556,0.756,0.0415,33.7,225.13,213.34,-11.79,47DE-BDC2,1,2,ACCEL,ACC,CONST,2.97,1,1,SIM,1
38.8,2026-09-24T13:07:02.706Z,1790255222706,41.986,57.708742,11.978196,4,1790255221906,0.8,0.05639,0.561471,9.866226,0,0.534,0.5167,IMU,43.497,0.5167,44.267,0.5556,0.77,0.0389,33.8,226.36,213.34,-13.02,47DE-BDC2,1,2,ACCEL,ACC,CONST,2.87,1,1,SIM,1
38.9,2026-09-24T13:07:02.806Z,1790255222806,41.986,57.708742,11.978196,4,1790255221906,0.9,0.057827,0.602279,9.852053,0,0.5745,0.5261,IMU,43.685,0.5261,44.467,0.5556,0.782,0.0294,33.9,227.59,213.34,-14.25,47DE-BDC2,1,2,ACCEL,ACC,CONST,2.77,1,1,SIM,1
39,2026-09-24T13:07:02.906Z,1790255222906,43.999,57.708727,11.978398,4,1790255222906,0,0.082706,0.510556,9.840551,0,0.4887,0.5288,IMU,43.999,0.5288,44.667,0.5556,0.668,0.0268,34,228.83,225.28,-3.55,47DE-BDC2,1,2,ACCEL,ACC,CONST,2.67,1,1,SIM,1
39.1,2026-09-24T13:07:03.006Z,1790255223006,43.999,57.708727,11.978398,4,1790255222906,0.1,0.0754,0.554558,9.782462,0,0.5309,0.5259,IMU,44.188,0.5259,44.867,0.5556,0.679,0.0296,34.1,230.07,225.28,-4.79,47DE-BDC2,1,2,ACCEL,ACC,CONST,2.57,1,1,SIM,1
39.2,2026-09-24T13:07:03.106Z,1790255223106,43.999,57.708727,11.978398,4,1790255222906,0.2,0.084923,0.570603,9.798835,0,0.5483,0.5296,IMU,44.378,0.5296,45.067,0.5556,0.688,0.026,34.2,231.32,225.28,-6.04,47DE-BDC2,1,2,ACCEL,ACC,CONST,2.47,1,1,SIM,1
39.3,2026-09-24T13:07:03.206Z,1790255223206,43.999,57.708727,11.978398,4,1790255222906,0.3,0.091784,0.573268,9.81271,0,0.5521,0.5288,IMU,44.568,0.5288,45.267,0.5556,0.698,0.0268,34.3,232.57,225.28,-7.29,47DE-BDC2,1,2,ACCEL,ACC,CONST,2.37,1,1,SIM,1
39.4,2026-09-24T13:07:03.306Z,1790255223306,43.999,57.708727,11.978398,4,1790255222906,0.4,0.078915,0.578825,9.771332,0,0.5554,0.5314,IMU,44.76,0.5314,45.467,0.5556,0.707,0.0242,34.4,233.83,225.28,-8.55,47DE-BDC2,1,2,ACCEL,ACC,CONST,2.27,1,1,SIM,1
39.5,2026-09-24T13:07:03.406Z,1790255223406,43.999,57.708727,11.978398,4,1790255222906,0.5,0.117111,0.497044,9.8141,0,0.4817,0.5294,IMU,44.951,0.5294,45.667,0.5556,0.716,0.0262,34.5,235.1,225.28,-9.82,47DE-BDC2,1,2,ACCEL,ACC,CONST,2.17,1,1,SIM,1
39.6,2026-09-24T13:07:03.506Z,1790255223506,43.999,57.708727,11.978398,4,1790255222906,0.6,0.086645,0.466267,9.80701,0,0.446,0.5217,IMU,45.14,0.5217,45.867,0.5556,0.726,0.0338,34.6,236.37,225.28,-11.09,47DE-BDC2,1,2,ACCEL,ACC,CONST,2.07,1,1,SIM,1
39.7,2026-09-24T13:07:03.606Z,1790255223606,43.999,57.708727,11.978398,4,1790255222906,0.7,0.040511,0.522738,9.81618,0,0.4932,0.517,IMU,45.327,0.517,46.067,0.5556,0.739,0.0386,34.7,237.65,225.28,-12.37,47DE-BDC2,1,2,ACCEL,ACC,CONST,1.97,1,1,SIM,1
39.8,2026-09-24T13:07:03.706Z,1790255223706,43.999,57.708727,11.978398,4,1790255222906,0.8,0.030635,0.538417,9.805955,0,0.5069,0.5199,IMU,45.514,0.5199,46.267,0.5556,0.752,0.0357,34.8,238.93,225.28,-13.65,47DE-BDC2,1,2,ACCEL,ACC,CONST,1.87,1,1,SIM,1
39.9,2026-09-24T13:07:03.806Z,1790255223806,43.999,57.708727,11.978398,4,1790255222906,0.9,0.135484,0.518172,9.872288,0,0.5056,0.5187,IMU,45.702,0.5187,46.467,0.5556,0.765,0.0369,34.9,240.22,225.28,-14.94,47DE-BDC2,1,2,ACCEL,ACC,CONST,1.77,1,1,SIM,1
40,2026-09-24T13:07:03.906Z,1790255223906,46.256,57.708712,11.978609,4,1790255223906,0,0.082185,0.510862,9.813157,0,0.489,0.5161,IMU,46.256,0.5161,46.667,0.5556,0.411,0.0394,35,241.51,237.82,-3.7,47DE-BDC2,1,2,ACCEL,ACC,CONST,1.67,1,1,SIM,1
40.1,2026-09-24T13:07:04.006Z,1790255224006,46.256,57.708712,11.978609,4,1790255223906,0.1,0.125373,0.566951,9.818487,0,0.5519,0.5265,IMU,46.443,0.5265,46.867,0.5556,0.423,0.029,35.1,242.81,237.82,-5,47DE-BDC2,1,2,ACCEL,ACC,CONST,1.57,1,1,SIM,1
40.2,2026-09-24T13:07:04.106Z,1790255224106,46.256,57.708712,11.978609,4,1790255223906,0.2,0.10374,0.546691,9.805026,0,0.5282,0.5259,IMU,46.632,0.5259,47.067,0.5556,0.434,0.0296,35.2,244.12,237.82,-6.3,47DE-BDC2,1,2,ACCEL,ACC,CONST,1.47,1,1,SIM,1
40.3,2026-09-24T13:07:04.206Z,1790255224206,46.256,57.708712,11.978609,4,1790255223906,0.3,0.094859,0.505738,9.794458,0,0.4863,0.5294,IMU,46.823,0.5294,47.267,0.5556,0.443,0.0262,35.3,245.43,237.82,-7.61,47DE-BDC2,1,2,ACCEL,ACC,CONST,1.37,1,1,SIM,1
40.4,2026-09-24T13:07:04.306Z,1790255224306,46.256,57.708712,11.978609,4,1790255223906,0.4,0.114188,0.553561,9.782372,0,0.5369,0.5358,IMU,47.015,0.5358,47.467,0.5556,0.451,0.0197,35.4,246.74,237.82,-8.93,47DE-BDC2,1,2,ACCEL,ACC,CONST,1.27,1,1,SIM,1
40.5,2026-09-24T13:07:04.406Z,1790255224406,46.256,57.708712,11.978609,4,1790255223906,0.5,0.067834,0.532874,9.781294,0,0.5082,0.5307,IMU,47.207,0.5307,47.667,0.5556,0.46,0.0249,35.5,248.06,237.82,-10.25,47DE-BDC2,1,2,ACCEL,ACC,CONST,1.17,1,1,SIM,1
40.6,2026-09-24T13:07:04.506Z,1790255224506,46.256,57.708712,11.978609,4,1790255223906,0.6,0.106841,0.574277,9.837563,0,0.5558,0.5322,IMU,47.399,0.5322,47.867,0.5556,0.468,0.0233,35.6,249.39,237.82,-11.58,47DE-BDC2,1,2,ACCEL,ACC,CONST,1.07,1,1,SIM,1
40.7,2026-09-24T13:07:04.606Z,1790255224606,46.256,57.708712,11.978609,4,1790255223906,0.7,0.055887,0.524723,9.79867,0,0.498,0.5299,IMU,47.59,0.5299,48.067,0.5556,0.477,0.0257,35.7,250.72,237.82,-12.91,47DE-BDC2,1,2,ACCEL,ACC,CONST,0.97,1,1,SIM,1
40.8,2026-09-24T13:07:04.706Z,1790255224706,46.256,57.708712,11.978609,4,1790255223906,0.8,0.07557,0.515368,9.820959,0,0.4923,0.5236,IMU,47.78,0.5236,48.267,0.5556,0.487,0.0319,35.8,252.06,237.82,-14.25,47DE-BDC2,1,2,ACCEL,ACC,CONST,0.87,1,1,SIM,1
40.9,2026-09-24T13:07:04.806Z,1790255224806,46.256,57.708712,11.978609,4,1790255223906,0.9,0.10715,0.54022,9.8181,0,0.5224,0.5242,IMU,47.968,0.5242,48.467,0.5556,0.499,0.0313,35.9,253.4,237.82,-15.59,47DE-BDC2,1,2,ACCEL,ACC,CONST,0.77,1,1,SIM,1
41,2026-09-24T13:07:04.906Z,1790255224906,48.332,57.708695,11.978829,4,1790255224906,0,0.060482,0.510037,9.807386,0,0.4843,0.5198,IMU,48.332,0.5198,48.667,0.5556,0.334,0.0357,36,254.75,250.95,-3.8,47DE-BDC2,1,2,ACCEL,ACC,CONST,0.67,1,1,SIM,1
41.1,2026-09-24T13:07:05.006Z,1790255225006,48.332,57.708695,11.978829,4,1790255224906,0.1,0.04943,0.492177,9.779645,0,0.4649,0.517,IMU,48.52,0.517,48.867,0.5556,0.347,0.0385,36.1,256.11,250.95,-5.16,47DE-BDC2,1,2,ACCEL,ACC,CONST,0.57,1,1,SIM,1
41.2,2026-09-24T13:07:05.106Z,1790255225106,48.332,57.708695,11.978829,4,1790255224906,0.2,0.084932,0.593175,9.809953,0,0.5705,0.5211,IMU,48.706,0.5211,49.067,0.5556,0.36,0.0345,36.2,257.47,250.95,-6.52,47DE-BDC2,1,2,ACCEL,ACC,CONST,0.47,1,1,SIM,1
41.3,2026-09-24T13:07:05.206Z,1790255225206,48.332,57.708695,11.978829,4,1790255224906,0.3,0.090898,0.542619,9.81508,0,0.5218,0.5191,IMU,48.893,0.5191,49.267,0.5556,0.373,0.0365,36.3,258.83,250.95,-7.88,47DE-BDC2,1,2,ACCEL,ACC,CONST,0.37,1,1,SIM,1
41.4,2026-09-24T13:07:05.306Z,1790255225306,48.332,57.708695,11.978829,4,1790255224906,0.4,0.110685,0.54481,9.790201,0,0.5276,0.5224,IMU,49.081,0.5224,49.467,0.5556,0.385,0.0331,36.4,260.2,250.95,-9.25,47DE-BDC2,1,2,ACCEL,ACC,CONST,0.27,1,1,SIM,1
41.5,2026-09-24T13:07:05.406Z,1790255225406,48.332,57.708695,11.978829,4,1790255224906,0.5,0.060889,0.503433,9.817115,0,0.4779,0.5213,IMU,49.27,0.5213,49.667,0.5556,0.397,0.0343,36.5,261.58,250.95,-10.63,47DE-BDC2,1,2,ACCEL,ACC,CONST,0.17,1,1,SIM,1
41.6,2026-09-24T13:07:05.506Z,1790255225506,48.332,57.708695,11.978829,4,1790255224906,0.6,0.054114,0.482271,9.841048,0,0.4558,0.5158,IMU,49.456,0.5158,49.867,0.5556,0.41,0.0398,36.6,262.96,250.95,-12.01,47DE-BDC2,1,2,ACCEL,ACC,CONST,0.07,1,1,SIM,1
41.7,2026-09-24T13:07:05.606Z,1790255225606,48.332,57.708695,11.978829,4,1790255224906,0.7,0.155956,0.579202,9.784382,0,0.5695,0.5229,IMU,49.643,0.5229,50,0,0.357,-0.5229,36.7,264.35,250.95,-13.4,47DE-BDC2,1,2,CONST,HOLD,DECEL,19.97,1,0,SIM,1
41.8,2026-09-24T13:07:05.706Z,1790255225706,48.332,57.708695,11.978829,4,1790255224906,0.8,0.071591,0.446986,9.803086,0,0.4243,0.5107,IMU,49.829,0.5107,50,0,0.171,-0.5107,36.8,265.74,250.95,-14.79,47DE-BDC2,1,2,CONST,HOLD,DECEL,19.87,1,0,SIM,1
41.9,2026-09-24T13:07:05.806Z,1790255225806,48.332,57.708695,11.978829,4,1790255224906,0.9,0.076603,0.40279,9.820979,0,0.3817,0.4831,IMU,50.007,0.4831,50,0,-0.007,-0.4831,36.9,267.13,250.95,-16.18,47DE-BDC2,1,2,CONST,HOLD,DECEL,19.77,1,0,SIM,1
42,2026-09-24T13:07:05.906Z,1790255225906,50.018,57.708677,11.979058,4,1790255225906,0,0.052669,0.329695,9.822719,0,0.3055,0.4343,IMU,50.018,0.4343,50,0,-0.018,-0.4343,37,268.52,264.61,-3.91,47DE-BDC2,1,2,CONST,HOLD,DECEL,19.67,1,0,SIM,1
42.1,2026-09-24T13:07:06.006Z,1790255226006,50.018,57.708677,11.979058,4,1790255225906,0.1,0.049058,0.225415,9.841771,0,0.2022,0.3905,IMU,50.166,0.3905,50,0,-0.166,-0.3905,37.1,269.91,264.61,-5.3,47DE-BDC2,1,2,CONST,HOLD,DECEL,19.57,1,0,SIM,1
42.2,2026-09-24T13:07:06.106Z,1790255226106,50.018,57.708677,11.979058,4,1790255225906,0.2,0.035702,0.144804,9.83301,0,0.1205,0.3339,IMU,50.295,0.3339,50,0,-0.295,-0.3339,37.2,271.3,264.61,-6.68,47DE-BDC2,1,2,CONST,HOLD,DECEL,19.47,1,0,SIM,1
42.3,2026-09-24T13:07:06.206Z,1790255226206,50.018,57.708677,11.979058,4,1790255225906,0.3,0.026929,0.174125,9.81235,0,0.1478,0.2817,IMU,50.403,0.2817,50,0,-0.403,-0.2817,37.3,272.69,264.61,-8.07,47DE-BDC2,1,2,CONST,HOLD,DECEL,19.37,1,0,SIM,1
42.4,2026-09-24T13:07:06.306Z,1790255226306,50.018,57.708677,11.979058,4,1790255225906,0.4,-0.031917,0.067111,9.850748,0,0.0319,0.2242,IMU,50.492,0.2242,50,0,-0.492,-0.2242,37.4,274.07,264.61,-9.46,47DE-BDC2,1,2,CONST,HOLD,DECEL,19.27,1,0,SIM,1
42.5,2026-09-24T13:07:06.406Z,1790255226406,50.018,57.708677,11.979058,4,1790255225906,0.5,0.020017,0.030102,9.812218,0,0.0049,0.17,IMU,50.561,0.17,50,0,-0.561,-0.17,37.5,275.46,264.61,-10.85,47DE-BDC2,1,2,CONST,HOLD,DECEL,19.17,1,0,SIM,1
42.6,2026-09-24T13:07:06.506Z,1790255226506,50.018,57.708677,11.979058,4,1790255225906,0.6,0.034947,-0.034621,9.764443,0,-0.0559,0.1194,IMU,50.611,0.1194,50,0,-0.611,-0.1194,37.6,276.85,264.61,-12.24,47DE-BDC2,1,2,CONST,HOLD,DECEL,19.07,1,0,SIM,1
42.7,2026-09-24T13:07:06.606Z,1790255226606,50.018,57.708677,11.979058,4,1790255225906,0.7,-0.040368,0.00021,9.840012,0,-0.0354,0.0789,IMU,50.645,0.0789,50,0,-0.645,-0.0789,37.7,278.24,264.61,-13.63,47DE-BDC2,1,2,CONST,HOLD,DECEL,18.97,1,1,SIM,1
42.8,2026-09-24T13:07:06.706Z,1790255226706,50.018,57.708677,11.979058,4,1790255225906,0.8,0.011313,-0.096901,9.825351,0,-0.1216,0.0408,IMU,50.666,0.0408,50,0,-0.666,-0.0408,37.8,279.63,264.61,-15.02,47DE-BDC2,1,2,CONST,HOLD,DECEL,18.87,1,1,SIM,1
42.9,2026-09-24T13:07:06.806Z,1790255226806,50.018,57.708677,11.979058,4,1790255225906,0.9,-0.004197,-0.087277,9.764211,0,-0.1148,0.0092,IMU,50.674,0.0092,50,0,-0.674,-0.0092,37.9,281.02,264.61,-16.41,47DE-BDC2,1,2,CONST,HOLD,DECEL,18.77,1,1,SIM,1
43,2026-09-24T13:07:06.906Z,1790255226906,50.454,57.708659,11.979292,4,1790255226906,0,0.005274,0.010517,9.811599,0,-0.017,-0.0206,IMU,50.454,-0.0206,50,0,-0.454,0.0206,38,282.41,278.57,-3.84,47DE-BDC2,1,2,CONST,HOLD,DECEL,18.67,1,1,SIM,1
43.1,2026-09-24T13:07:07.006Z,1790255227006,50.454,57.708659,11.979292,4,1790255226906,0.1,0.020849,-0.068345,9.807473,0,-0.0918,-0.0486,IMU,50.441,-0.0486,50,0,-0.441,0.0486,38.1,283.8,278.57,-5.23,47DE-BDC2,1,2,CONST,HOLD,DECEL,18.57,1,1,SIM,1
43.2,2026-09-24T13:07:07.106Z,1790255227106,50.454,57.708659,11.979292,4,1790255226906,0.2,-0.016505,-0.098541,9.810135,0,-0.1282,-0.0649,IMU,50.42,-0.0649,50,0,-0.42,0.0649,38.2,285.19,278.57,-6.62,47DE-BDC2,1,2,CONST,HOLD,DECEL,18.47,1,1,SIM,1
43.3,2026-09-24T13:07:07.206Z,1790255227206,50.454,57.708659,11.979292,4,1790255226906,0.3,0.028883,-0.105254,9.790044,0,-0.1266,-0.0835,IMU,50.392,-0.0835,50,0,-0.392,0.0835,38.3,286.57,278.57,-8.01,47DE-BDC2,1,2,CONST,HOLD,DECEL,18.37,1,1,SIM,1
43.4,2026-09-24T13:07:07.306Z,1790255227306,50.454,57.708659,11.979292,4,1790255226906,0.4,-0.063676,-0.159821,9.755518,0,-0.1968,-0.1012,IMU,50.359,-0.1012,50,0,-0.359,0.1012,38.4,287.96,278.57,-9.4,47DE-BDC2,1,2,CONST,HOLD,DECEL,18.27,1,0,SIM,1
43.5,2026-09-24T13:07:07.406Z,1790255227406,50.454,57.708659,11.979292,4,1790255226906,0.5,-0.019921,-0.123745,9.8497,0,-0.1537,-0.1139,IMU,50.319,-0.1139,50,0,-0.319,0.1139,38.5,289.35,278.57,-10.79,47DE-BDC2,1,2,CONST,HOLD,DECEL,18.17,1,0,SIM,1
43.6,2026-09-24T13:07:07.506Z,1790255227506,50.454,57.708659,11.979292,4,1790255226906,0.6,-0.021883,-0.100226,9.788917,0,-0.1307,-0.1223,IMU,50.276,-0.1223,50,0,-0.276,0.1223,38.6,290.74,278.57,-12.17,47DE-BDC2,1,2,CONST,HOLD,DECEL,18.07,1,0,SIM,1
43.7,2026-09-24T13:07:07.606Z,1790255227606,50.454,57.708659,11.979292,4,1790255226906,0.7,-0.026948,-0.060522,9.819345,0,-0.0927,-0.1186,IMU,50.233,-0.1186,50,0,-0.233,0.1186,38.7,292.13,278.57,-13.56,47DE-BDC2,1,2,CONST,HOLD,DECEL,17.97,1,0,SIM,1
43.8,2026-09-24T13:07:07.706Z,1790255227706,50.454,57.708659,11.979292,4,1790255226906,0.8,-0.004434,-0.112062,9.788811,0,-0.1393,-0.1208,IMU,50.189,-0.1208,50,0,-0.189,0.1208,38.8,293.52,278.57,-14.95,47DE-BDC2,1,2,CONST,HOLD,DECEL,17.87,1,0,SIM,1
43.9,2026-09-24T13:07:07.806Z,1790255227806,50.454,57.708659,11.979292,4,1790255226906,0.9,-0.014733,-0.131843,9.879078,0,-0.1608,-0.1329,IMU,50.143,-0.1329,50,0,-0.143,0.1329,38.9,294.91,278.57,-16.34,47DE-BDC2,1,2,CONST,HOLD,DECEL,17.77,1,0,SIM,1
44,2026-09-24T13:07:07.906Z,1790255227906,50.622,57.708639,11.979525,4,1790255227906,0,-0.070034,-0.127531,9.783726,0,-0.1662,-0.138,IMU,50.622,-0.138,50,0,-0.622,0.138,39,296.3,292.6,-3.69,47DE-BDC2,1,2,CONST,HOLD,DECEL,17.67,1,0,SIM,1
44.1,2026-09-24T13:07:08.006Z,1790255228006,50.622,57.708639,11.979525,4,1790255227906,0.1,0.005092,-0.04257,9.75987,0,-0.0691,-0.1307,IMU,50.574,-0.1307,50,0,-0.574,0.1307,39.1,297.69,292.6,-5.08,47DE-BDC2,1,2,CONST,HOLD,DECEL,17.57,1,0,SIM,1
44.2,2026-09-24T13:07:08.106Z,1790255228106,50.622,57.708639,11.979525,4,1790255227906,0.2,-0.035174,-0.108896,9.763435,0,-0.1416,-0.1279,IMU,50.528,-0.1279,50,0,-0.528,0.1279,39.2,299.07,292.6,-6.47,47DE-BDC2,1,2,CONST,HOLD,DECEL,17.47,1,0,SIM,1
44.3,2026-09-24T13:07:08.206Z,1790255228206,50.622,57.708639,11.979525,4,1790255227906,0.3,-0.011565,-0.07802,9.753612,0,-0.1069,-0.1207,IMU,50.483,-0.1207,50,0,-0.483,0.1207,39.3,300.46,292.6,-7.86,47DE-BDC2,1,2,CONST,HOLD,DECEL,17.37,1,0,SIM,1
44.4,2026-09-24T13:07:08.306Z,1790255228306,50.622,57.708639,11.979525,4,1790255227906,0.4,-0.024786,-0.068205,9.783096,0,-0.0998,-0.1167,IMU,50.44,-0.1167,50,0,-0.44,0.1167,39.4,301.85,292.6,-9.25,47DE-BDC2,1,2,CONST,HOLD,DECEL,17.27,1,0,SIM,1
44.5,2026-09-24T13:07:08.406Z,1790255228406,50.622,57.708639,11.979525,4,1790255227906,0.5,-0.055562,-0.089696,9.822123,0,-0.1265,-0.1168,IMU,50.398,-0.1168,50,0,-0.398,0.1168,39.5,303.24,292.6,-10.64,47DE-BDC2,1,2,CONST,HOLD,DECEL,17.17,1,0,SIM,1
44.6,2026-09-24T13:07:08.506Z,1790255228506,50.622,57.708639,11.979525,4,1790255227906,0.6,-0.024886,-0.097636,9.793678,0,-0.1288,-0.1156,IMU,50.356,-0.1156,50,0,-0.356,0.1156,39.6,304.63,292.6,-12.02,47DE-BDC2,1,2,CONST,HOLD,DECEL,17.07,1,0,SIM,1
44.7,2026-09-24T13:07:08.606Z,1790255228606,50.622,57.708639,11.979525,4,1790255227906,0.7,0.00161,-0.070278,9.837437,0,-0.0972,-0.1081,IMU,50.317,-0.1081,50,0,-0.317,0.1081,39.7,306.02,292.6,-13.41,47DE-BDC2,1,2,CONST,HOLD,DECEL,16.97,1,0,SIM,1
44.8,2026-09-24T13:07:08.706Z,1790255228706,50.622,57.708639,11.979525,4,1790255227906,0.8,-0.011737,-0.035023,9.830657,0,-0.0649,-0.1007,IMU,50.28,-0.1007,50,0,-0.28,0.1007,39.8,307.41,292.6,-14.8,47DE-BDC2,1,2,CONST,HOLD,DECEL,16.87,1,0,SIM,1
44.9,2026-09-24T13:07:08.806Z,1790255228806,50.622,57.708639,11.979525,4,1790255227906,0.9,-0.037495,-0.029594,9.806718,0,-0.0641,-0.0937,IMU,50.245,-0.0937,50,0,-0.245,0.0937,39.9,308.8,292.6,-16.19,47DE-BDC2,1,2,CONST,HOLD,DECEL,16.77,1,1,SIM,1
45,2026-09-24T13:07:08.906Z,1790255228906,49.868,57.70862,11.979757,4,1790255228906,0,0.012506,-0.044485,9.809093,0,-0.0698,-0.0863,IMU,49.868,-0.0863,50,0,0.132,0.0863,40,310.19,306.56,-3.62,47DE-BDC2,1,2,CONST,HOLD,DECEL,16.67,1,1,SIM,1
45.1,2026-09-24T13:07:09.006Z,1790255229006,49.868,57.70862,11.979757,4,1790255228906,0.1,0.014333,-0.00988,9.785521,0,-0.0354,-0.0805,IMU,49.838,-0.0805,50,0,0.162,0.0805,40.1,311.57,306.56,-5.01,47DE-BDC2,1,2,CONST,HOLD,DECEL,16.57,1,1,SIM,1
45.2,2026-09-24T13:07:09.106Z,1790255229106,49.868,57.70862,11.979757,4,1790255228906,0.2,0.015819,-0.016945,9.813971,0,-0.0421,-0.079,IMU,49.809,-0.079,50,0,0.191,0.079,40.2,312.96,306.56,-6.4,47DE-BDC2,1,2,CONST,HOLD,DECEL,16.47,1,1,SIM,1
45.3,2026-09-24T13:07:09.206Z,1790255229206,49.868,57.70862,11.979757,4,1790255228906,0.3,-0.026752,-0.067548,9.832328,0,-0.0996,-0.0758,IMU,49.782,-0.0758,50,0,0.218,0.0758,40.3,314.35,306.56,-7.79,47DE-BDC2,1,2,CONST,HOLD,DECEL,16.37,1,1,SIM,1
45.4,2026-09-24T13:07:09.306Z,1790255229306,49.868,57.70862,11.979757,4,1790255228906,0.4,-0.009242,-0.021203,9.792181,0,-0.0507,-0.0733,IMU,49.755,-0.0733,50,0,0.245,0.0733,40.4,315.74,306.56,-9.18,47DE-BDC2,1,2,CONST,HOLD,DECEL,16.27,1,1,SIM,1
45.5,2026-09-24T13:07:09.406Z,1790255229406,49.868,57.70862,11.979757,4,1790255228906,0.5,0.029587,-0.03783,9.85217,0,-0.0603,-0.0636,IMU,49.731,-0.0636,50,0,0.269,0.0636,40.5,317.13,306.56,-10.57,47DE-BDC2,1,2,CONST,HOLD,DECEL,16.17,1,1,SIM,1
45.6,2026-09-24T13:07:09.506Z,1790255229506,49.868,57.70862,11.979757,4,1790255228906,0.6,-0.003731,-0.084639,9.803119,0,-0.1122,-0.0663,IMU,49.709,-0.0663,50,0,0.291,0.0663,40.6,318.52,306.56,-11.96,47DE-BDC2,1,2,CONST,HOLD,DECEL,16.07,1,1,SIM,1
45.7,2026-09-24T13:07:09.606Z,1790255229606,49.868,57.70862,11.979757,4,1790255228906,0.7,-0.046895,0.00333,9.79745,0,-0.0334,-0.0631,IMU,49.685,-0.0631,50,0,0.315,0.0631,40.7,319.91,306.56,-13.35,47DE-BDC2,1,2,CONST,HOLD,DECEL,15.97,1,1,SIM,1
45.8,2026-09-24T13:07:09.706Z,1790255229706,49.868,57.70862,11.979757,4,1790255228906,0.8,-0.034268,-0.02582,9.758654,0,-0.0597,-0.0604,IMU,49.663,-0.0604,50,0,0.337,0.0604,40.8,321.3,306.56,-14.73,47DE-BDC2,1,2,CONST,HOLD,DECEL,15.87,1,1,SIM,1
45.9,2026-09-24T13:07:09.806Z,1790255229806,49.868,57.70862,11.979757,4,1790255228906,0.9,0.039591,-0.071883,9.826,0,-0.0919,-0.0593,IMU,49.642,-0.0593,50,0,0.358,0.0593,40.9,322.69,306.56,-16.12,47DE-BDC2,1,2,CONST,HOLD,DECEL,15.77,1,1,SIM,1
46,2026-09-24T13:07:09.906Z,1790255229906,49.824,57.7086,11.979988,4,1790255229906,0,-0.023919,0.005431,9.799974,0,-0.0272,-0.0471,IMU,49.824,-0.0471,50,0,0.176,0.0471,41,324.07,320.41,-3.67,47DE-BDC2,1,2,CONST,HOLD,DECEL,15.67,1,1,SIM,1
46.1,2026-09-24T13:07:10.006Z,1790255230006,49.824,57.7086,11.979988,4,1790255229906,0.1,-0.011151,0.023417,9.816572,0,-0.0073,-0.0432,IMU,49.808,-0.0432,50,0,0.192,0.0432,41.1,325.46,320.41,-5.05,47DE-BDC2,1,2,CONST,HOLD,DECEL,15.57,1,1,SIM,1
46.2,2026-09-24T13:07:10.106Z,1790255230106,49.824,57.7086,11.979988,4,1790255229906,0.2,0.053842,-0.018174,9.835748,0,-0.0366,-0.0457,IMU,49.791,-0.0457,50,0,0.209,0.0457,41.2,326.85,320.41,-6.44,47DE-BDC2,1,2,CONST,HOLD,DECEL,15.47,1,1,SIM,1
46.3,2026-09-24T13:07:10.206Z,1790255230206,49.824,57.7086,11.979988,4,1790255229906,0.3,-0.005713,-0.022335,9.805178,0,-0.0513,-0.0392,IMU,49.777,-0.0392,50,0,0.223,0.0392,41.3,328.24,320.41,-7.83,47DE-BDC2,1,2,CONST,HOLD,DECEL,15.37,1,1,SIM,1
46.4,2026-09-24T13:07:10.306Z,1790255230306,49.824,57.7086,11.979988,4,1790255229906,0.4,-0.037287,-0.048265,9.794429,0,-0.0824,-0.0403,IMU,49.763,-0.0403,50,0,0.237,0.0403,41.4,329.63,320.41,-9.22,47DE-BDC2,1,2,CONST,HOLD,DECEL,15.27,1,1,SIM,1
46.5,2026-09-24T13:07:10.406Z,1790255230406,49.824,57.7086,11.979988,4,1790255229906,0.5,0.008523,-0.030776,9.817392,0,-0.057,-0.0423,IMU,49.748,-0.0423,50,0,0.252,0.0423,41.5,331.02,320.41,-10.61,47DE-BDC2,1,2,CONST,HOLD,DECEL,15.17,1,1,SIM,1
46.6,2026-09-24T13:07:10.506Z,1790255230506,49.824,57.7086,11.979988,4,1790255229906,0.6,-0.000586,0.044695,9.775364,0,0.0157,-0.0336,IMU,49.735,-0.0336,50,0,0.265,0.0336,41.6,332.41,320.41,-12,47DE-BDC2,1,2,CONST,HOLD,DECEL,15.07,1,1,SIM,1
46.7,2026-09-24T13:07:10.606Z,1790255230606,49.824,57.7086,11.979988,4,1790255229906,0.7,-0.026479,0.016228,9.807926,0,-0.0171,-0.0221,IMU,49.725,-0.0221,50,0,0.275,0.0221,41.7,333.8,320.41,-13.39,47DE-BDC2,1,2,CONST,HOLD,DECEL,14.97,1,1,SIM,1
46.8,2026-09-24T13:07:10.706Z,1790255230706,49.824,57.7086,11.979988,4,1790255229906,0.8,-0.026682,-0.011708,9.8049,0,-0.0446,-0.025,IMU,49.717,-0.025,50,0,0.283,0.025,41.8,335.19,320.41,-14.78,47DE-BDC2,1,2,CONST,HOLD,DECEL,14.87,1,1,SIM,1
46.9,2026-09-24T13:07:10.806Z,1790255230806,49.824,57.7086,11.979988,4,1790255229906,0.9,-0.011671,0.006194,9.855834,0,-0.0244,-0.0318,IMU,49.707,-0.0318,50,0,0.293,0.0318,41.9,336.57,320.41,-16.17,47DE-BDC2,1,2,CONST,HOLD,DECEL,14.77,1,1,SIM,1
47,2026-09-24T13:07:10.906Z,1790255230906,49.933,57.70858,11.980218,4,1790255230906,0,-0.073677,-0.018076,9.794395,0,-0.0593,-0.0354,IMU,49.933,-0.0354,50,0,0.067,0.0354,42,337.96,334.26,-3.7,47DE-BDC2,1,2,CONST,HOLD,DECEL,14.67,1,1,SIM,1
47.1,2026-09-24T13:07:11.006Z,1790255231006,49.933,57.70858,11.980218,4,1790255230906,0.1,-0.043449,0.007073,9.837795,0,-0.0292,-0.0376,IMU,49.92,-0.0376,50,0,0.08,0.0376,42.1,339.35,334.26,-5.09,47DE-BDC2,1,2,CONST,HOLD,DECEL,14.57,1,1,SIM,1
47.2,2026-09-24T13:07:11.106Z,1790255231106,49.933,57.70858,11.980218,4,1790255230906,0.2,0.000577,0.013928,9.853494,0,-0.0146,-0.0348,IMU,49.907,-0.0348,50,0,0.093,0.0348,42.2,340.74,334.26,-6.48,47DE-BDC2,1,2,CONST,HOLD,DECEL,14.47,1,1,SIM,1
47.3,2026-09-24T13:07:11.206Z,1790255231206,49.933,57.70858,11.980218,4,1790255230906,0.3,-0.037719,-0.003762,9.779606,0,-0.0387,-0.0321,IMU,49.896,-0.0321,50,0,0.104,0.0321,42.3,342.13,334.26,-7.87,47DE-BDC2,1,2,CONST,HOLD,DECEL,14.37,1,1,SIM,1
47.4,2026-09-24T13:07:11.306Z,1790255231306,49.933,57.70858,11.980218,4,1790255230906,0.4,0.039016,-0.018905,9.821688,0,-0.0399,-0.0287,IMU,49.885,-0.0287,50,0,0.115,0.0287,42.4,343.52,334.26,-9.26,47DE-BDC2,1,2,CONST,HOLD,DECEL,14.27,1,1,SIM,1
47.5,2026-09-24T13:07:11.406Z,1790255231406,49.933,57.70858,11.980218,4,1790255230906,0.5,-0.01864,-0.040694,9.828568,0,-0.0717,-0.0271,IMU,49.876,-0.0271,50,0,0.124,0.0271,42.5,344.91,334.26,-10.64,47DE-BDC2,1,2,CONST,HOLD,DECEL,14.17,1,1,SIM,1
47.6,2026-09-24T13:07:11.506Z,1790255231506,49.933,57.70858,11.980218,4,1790255230906,0.6,-0.024648,0.05167,9.837039,0,0.018,-0.024,IMU,49.867,-0.024,50,0,0.133,0.024,42.6,346.3,334.26,-12.03,47DE-BDC2,1,2,CONST,HOLD,DECEL,14.07,1,1,SIM,1
47.7,2026-09-24T13:07:11.606Z,1790255231606,49.933,57.70858,11.980218,4,1790255230906,0.7,0.005087,-0.030264,9.769188,0,-0.057,-0.0284,IMU,49.857,-0.0284,50,0,0.143,0.0284,42.7,347.69,334.26,-13.42,47DE-BDC2,1,2,CONST,HOLD,DECEL,13.97,1,1,SIM,1
47.8,2026-09-24T13:07:11.706Z,1790255231706,49.933,57.70858,11.980218,4,1790255230906,0.8,0.040966,0.014174,9.824259,0,-0.007,-0.0293,IMU,49.845,-0.0293,50,0,0.155,0.0293,42.8,349.07,334.26,-14.81,47DE-BDC2,1,2,CONST,HOLD,DECEL,13.87,1,1,SIM,1
47.9,2026-09-24T13:07:11.806Z,1790255231806,49.933,57.70858,11.980218,4,1790255230906,0.9,-0.042969,-0.026396,9.817765,0,-0.062,-0.0344,IMU,49.835,-0.0344,50,0,0.165,0.0344,42.9,350.46,334.26,-16.2,47DE-BDC2,1,2,CONST,HOLD,DECEL,13.77,1,1,SIM,1
48,2026-09-24T13:07:11.906Z,1790255231906,50.116,57.70856,11.980448,4,1790255231906,0,0.034085,0.014169,9.789448,0,-0.0082,-0.0259,IMU,50.116,-0.0259,50,0,-0.116,0.0259,43,351.85,348.16,-3.69,47DE-BDC2,1,2,CONST,HOLD,DECEL,13.67,1,1,SIM,1
48.1,2026-09-24T13:07:12.006Z,1790255232006,50.116,57.70856,11.980448,4,1790255231906,0.1,-0.014981,0.003518,9.748877,0,-0.0273,-0.0244,IMU,50.107,-0.0244,50,0,-0.107,0.0244,43.1,353.24,348.16,-5.08,47DE-BDC2,1,2,CONST,HOLD,DECEL,13.57,1,1,SIM,1
48.2,2026-09-24T13:07:12.106Z,1790255232106,50.116,57.70856,11.980448,4,1790255231906,0.2,0.021374,-0.00013,9.792178,0,-0.0245,-0.0285,IMU,50.098,-0.0285,50,0,-0.098,0.0285,43.2,354.63,348.16,-6.47,47DE-BDC2,1,2,CONST,HOLD,DECEL,13.47,1,1,SIM,1
48.3,2026-09-24T13:07:12.206Z,1790255232206,50.116,57.70856,11.980448,4,1790255231906,0.3,-0.0086,-0.003018,9.789571,0,-0.0327,-0.0235,IMU,50.089,-0.0235,50,0,-0.089,0.0235,43.3,356.02,348.16,-7.86,47DE-BDC2,1,2,CONST,HOLD,DECEL,13.37,1,1,SIM,1
48.4,2026-09-24T13:07:12.306Z,1790255232306,50.116,57.70856,11.980448,4,1790255231906,0.4,-0.017315,0.053378,9.803596,0,0.0211,-0.0233,IMU,50.08,-0.0233,50,0,-0.08,0.0233,43.4,357.41,348.16,-9.25,47DE-BDC2,1,2,CONST,HOLD,DECEL,13.27,1,1,SIM,1
48.5,2026-09-24T13:07:12.406Z,1790255232406,50.116,57.70856,11.980448,4,1790255231906,0.5,0.039028,0.030654,9.814477,0,0.0089,-0.0236,IMU,50.071,-0.0236,50,0,-0.071,0.0236,43.5,358.8,348.16,-10.64,47DE-BDC2,1,2,CONST,HOLD,DECEL,13.17,1,1,SIM,1
48.6,2026-09-24T13:07:12.506Z,1790255232506,50.116,57.70856,11.980448,4,1790255231906,0.6,0.001225,0.02462,9.777942,0,-0.0037,-0.0202,IMU,50.063,-0.0202,50,0,-0.063,0.0202,43.6,360.19,348.16,-12.03,47DE-BDC2,1,2,CONST,HOLD,DECEL,13.07,1,1,SIM,1
48.7,2026-09-24T13:07:12.606Z,1790255232606,50.116,57.70856,11.980448,4,1790255231906,0.7,0.032742,0.042255,9.801888,0,0.0192,-0.0162,IMU,50.057,-0.0162,50,0,-0.057,0.0162,43.7,361.57,348.16,-13.42,47DE-BDC2,1,2,CONST,HOLD,DECEL,12.97,1,1,SIM,1
48.8,2026-09-24T13:07:12.706Z,1790255232706,50.116,57.70856,11.980448,4,1790255231906,0.8,0.000695,0.013889,9.808868,0,-0.0145,-0.0153,IMU,50.051,-0.0153,50,0,-0.051,0.0153,43.8,362.96,348.16,-14.8,47DE-BDC2,1,2,CONST,HOLD,DECEL,12.87,1,1,SIM,1
48.9,2026-09-24T13:07:12.806Z,1790255232806,50.116,57.70856,11.980448,4,1790255231906,0.9,-0.020662,0.02845,9.848592,0,-0.0041,-0.0176,IMU,50.045,-0.0176,50,0,-0.045,0.0176,43.9,364.35,348.16,-16.19,47DE-BDC2,1,2,CONST,HOLD,DECEL,12.77,1,1,SIM,1
49,2026-09-24T13:07:12.906Z,1790255232906,50.16,57.708539,11.980678,4,1790255232906,0,-0.008659,0.000227,9.813683,0,-0.0296,-0.0209,IMU,50.16,-0.0209,50,0,-0.16,0.0209,44,365.74,362.09,-3.65,47DE-BDC2,1,2,CONST,HOLD,DECEL,12.67,1,1,SIM,1
49.1,2026-09-24T13:07:13.006Z,1790255233006,50.16,57.708539,11.980678,4,1790255232906,0.1,-0.018099,0.029131,9.80601,0,-0.0029,-0.0209,IMU,50.153,-0.0209,50,0,-0.153,0.0209,44.1,367.13,362.09,-5.04,47DE-BDC2,1,2,CONST,HOLD,DECEL,12.57,1,1,SIM,1
49.2,2026-09-24T13:07:13.106Z,1790255233106,50.16,57.708539,11.980678,4,1790255232906,0.2,-0.008633,-0.048583,9.844069,0,-0.0777,-0.0284,IMU,50.144,-0.0284,50,0,-0.144,0.0284,44.2,368.52,362.09,-6.43,47DE-BDC2,1,2,CONST,HOLD,DECEL,12.47,1,1,SIM,1
49.3,2026-09-24T13:07:13.206Z,1790255233206,50.16,57.708539,11.980678,4,1790255232906,0.3,-0.004641,0.031711,9.849928,0,0.002,-0.0263,IMU,50.134,-0.0263,50,0,-0.134,0.0263,44.3,369.91,362.09,-7.82,47DE-BDC2,1,2,CONST,HOLD,DECEL,12.37,1,1,SIM,1
49.4,2026-09-24T13:07:13.306Z,1790255233306,50.16,57.708539,11.980678,4,1790255232906,0.4,-0.029027,-0.036274,9.777632,0,-0.0691,-0.0291,IMU,50.124,-0.0291,50,0,-0.124,0.0291,44.4,371.3,362.09,-9.21,47DE-BDC2,1,2,CONST,HOLD,DECEL,12.27,1,1,SIM,1
49.5,2026-09-24T13:07:13.406Z,1790255233406,50.16,57.708539,11.980678,4,1790255232906,0.5,0.036048,0.050173,9.769472,0,0.0277,-0.0227,IMU,50.115,-0.0227,50,0,-0.115,0.0227,44.5,372.69,362.09,-10.6,47DE-BDC2,1,2,CONST,HOLD,DECEL,12.17,1,1,SIM,1
49.6,2026-09-24T13:07:13.506Z,1790255233506,50.16,57.708539,11.980678,4,1790255232906,0.6,-0.025802,-0.028036,9.833125,0,-0.0606,-0.0249,IMU,50.107,-0.0249,50,0,-0.107,0.0249,44.6,374.07,362.09,-11.99,47DE-BDC2,1,2,CONST,HOLD,DECEL,12.07,1,1,SIM,1
49.7,2026-09-24T13:07:13.606Z,1790255233606,50.16,57.708539,11.980678,4,1790255232906,0.7,0.025797,-0.025751,9.789223,0,-0.0489,-0.0247,IMU,50.098,-0.0247,50,0,-0.098,0.0247,44.7,375.46,362.09,-13.38,47DE-BDC2,1,2,CONST,HOLD,DECEL,11.97,1,1,SIM,1
49.8,2026-09-24T13:07:13.706Z,1790255233706,50.16,57.708539,11.980678,4,1790255232906,0.8,0.033951,0.027007,9.809878,0,0.0044,-0.0229,IMU,50.09,-0.0229,50,0,-0.09,0.0229,44.8,376.85,362.09,-14.77,47DE-BDC2,1,2,CONST,HOLD,DECEL,11.87,1,1,SIM,1
49.9,2026-09-24T13:07:13.806Z,1790255233806,50.16,57.708539,11.980678,4,1790255232906,0.9,-0.028686,0.027472,9.788147,0,-0.0063,-0.0275,IMU,50.08,-0.0275,50,0,-0.08,0.0275,44.9,378.24,362.09,-16.15,47DE-BDC2,1,2,CONST,HOLD,DECEL,11.77,1,1,SIM,1
50,2026-09-24T13:07:13.906Z,1790255233906,50.235,57.708517,11.980908,4,1790255233906,0,-0.08595,0.017913,9.82042,0,-0.0261,-0.0274,IMU,50.235,-0.0274,50,0,-0.235,0.0274,45,379.63,376.03,-3.6,47DE-BDC2,1,2,CONST,HOLD,DECEL,11.67,1,1,SIM,1
50.1,2026-09-24T13:07:14.006Z,1790255234006,50.235,57.708517,11.980908,4,1790255233906,0.1,0.046666,-0.018701,9.819893,0,-0.0383,-0.0328,IMU,50.224,-0.0328,50,0,-0.224,0.0328,45.1,381.02,376.03,-4.99,47DE-BDC2,1,2,CONST,HOLD,DECEL,11.57,1,1,SIM,1
50.2,2026-09-24T13:07:14.106Z,1790255234106,50.235,57.708517,11.980908,4,1790255233906,0.2,0.033369,0.039636,9.846247,0,0.0166,-0.0343,IMU,50.211,-0.0343,50,0,-0.211,0.0343,45.2,382.41,376.03,-6.38,47DE-BDC2,1,2,CONST,HOLD,DECEL,11.47,1,1,SIM,1
50.3,2026-09-24T13:07:14.206Z,1790255234206,50.235,57.708517,11.980908,4,1790255233906,0.3,-0.016,0.075294,9.864608,0,0.0428,-0.0253,IMU,50.2,-0.0253,50,0,-0.2,0.0253,45.3,383.8,376.03,-7.77,47DE-BDC2,1,2,CONST,HOLD,DECEL,11.37,1,1,SIM,1
50.4,2026-09-24T13:07:14.306Z,1790255234306,50.235,57.708517,11.980908,4,1790255233906,0.4,0.00993,-0.020307,9.870816,0,-0.0466,-0.0307,IMU,50.19,-0.0307,50,0,-0.19,0.0307,45.4,385.19,376.03,-9.16,47DE-BDC2,1,2,CONST,HOLD,DECEL,11.27,1,1,SIM,1
50.5,2026-09-24T13:07:14.406Z,1790255234406,50.235,57.708517,11.980908,4,1790255233906,0.5,0.033671,0.016443,9.80275,0,-0.006,-0.031,IMU,50.178,-0.031,50,0,-0.178,0.031,45.5,386.57,376.03,-10.54,47DE-BDC2,1,2,CONST,HOLD,DECEL,11.17,1,1,SIM,1
50.6,2026-09-24T13:07:14.506Z,1790255234506,50.235,57.708517,11.980908,4,1790255233906,0.6,-0.027069,-0.034993,9.842646,0,-0.0677,-0.0364,IMU,50.166,-0.0364,50,0,-0.166,0.0364,45.6,387.96,376.03,-11.93,47DE-BDC2,1,2,CONST,HOLD,DECEL,11.07,1,1,SIM,1
50.7,2026-09-24T13:07:14.606Z,1790255234606,50.235,57.708517,11.980908,4,1790255233906,0.7,-0.012736,0.019912,9.765796,0,-0.0109,-0.0335,IMU,50.153,-0.0335,50,0,-0.153,0.0335,45.7,389.35,376.03,-13.32,47DE-BDC2,1,2,CONST,HOLD,DECEL,10.97,1,1,SIM,1
50.8,2026-09-24T13:07:14.706Z,1790255234706,50.235,57.708517,11.980908,4,1790255233906,0.8,0.003056,-0.011151,9.790859,0,-0.0386,-0.0286,IMU,50.142,-0.0286,50,0,-0.142,0.0286,45.8,390.74,376.03,-14.71,47DE-BDC2,1,2,CONST,HOLD,DECEL,10.87,1,1,SIM,1
50.9,2026-09-24T13:07:14.806Z,1790255234806,50.235,57.708517,11.980908,4,1790255233906,0.9,-0.019534,-0.054098,9.766975,0,-0.0849,-0.0328,IMU,50.131,-0.0328,50,0,-0.131,0.0328,45.9,392.13,376.03,-16.1,47DE-BDC2,1,2,CONST,HOLD,DECEL,10.77,1,1,SIM,1
51,2026-09-24T13:07:14.906Z,1790255234906,49.936,57.708495,11.981138,4,1790255234906,0,-0.008298,0.008404,9.805408,0,-0.0215,-0.0371,IMU,49.936,-0.0371,50,0,0.064,0.0371,46,393.52,389.94,-3.58,47DE-BDC2,1,2,CONST,HOLD,DECEL,10.67,1,1,SIM,1
51.1,2026-09-24T13:07:15.006Z,1790255235006,49.936,57.708495,11.981138,4,1790255234906,0.1,0.03675,-0.00299,9.785253,0,-0.0245,-0.0351,IMU,49.924,-0.0351,50,0,0.076,0.0351,46.1,394.91,389.94,-4.96,47DE-BDC2,1,2,CONST,HOLD,DECEL,10.57,1,1,SIM,1
51.2,2026-09-24T13:07:15.106Z,1790255235106,49.936,57.708495,11.981138,4,1790255234906,0.2,-0.036241,-0.014927,9.800713,0,-0.0495,-0.0364,IMU,49.911,-0.0364,50,0,0.089,0.0364,46.2,396.3,389.94,-6.35,47DE-BDC2,1,2,CONST,HOLD,DECEL,10.47,1,1,SIM,1
51.3,2026-09-24T13:07:15.206Z,1790255235206,49.936,57.708495,11.981138,4,1790255234906,0.3,-0.015647,0.003291,9.803457,0,-0.0278,-0.031,IMU,49.9,-0.031,50,0,0.1,0.031,46.3,397.69,389.94,-7.74,47DE-BDC2,1,2,CONST,HOLD,DECEL,10.37,1,1,SIM,1
51.4,2026-09-24T13:07:15.306Z,1790255235306,49.936,57.708495,11.981138,4,1790255234906,0.4,0.017914,0.048341,9.800328,0,0.0225,-0.0278,IMU,49.889,-0.0278,50,0,0.111,0.0278,46.4,399.07,389.94,-9.13,47DE-BDC2,1,2,CONST,HOLD,DECEL,10.27,1,1,SIM,1
51.5,2026-09-24T13:07:15.406Z,1790255235406,49.936,57.708495,11.981138,4,1790255234906,0.5,-0.002601,-0.014337,9.83117,0,-0.0429,-0.0277,IMU,49.879,-0.0277,50,0,0.121,0.0277,46.5,400.46,389.94,-10.52,47DE-BDC2,1,2,CONST,HOLD,DECEL,10.17,1,1,SIM,1
51.6,2026-09-24T13:07:15.506Z,1790255235506,49.936,57.708495,11.981138,4,1790255234906,0.6,-0.014379,0.009982,9.845706,0,-0.0211,-0.0313,IMU,49.868,-0.0313,50,0,0.132,0.0313,46.6,401.85,389.94,-11.91,47DE-BDC2,1,2,CONST,HOLD,DECEL,10.07,1,1,SIM,1
51.7,2026-09-24T13:07:15.606Z,1790255235606,49.936,57.708495,11.981138,4,1790255234906,0.7,0.035927,0.029173,9.788539,0,0.0069,-0.0255,IMU,49.857,-0.0255,50,0,0.143,0.0255,46.7,403.24,389.94,-13.3,47DE-BDC2,1,2,CONST,HOLD,DECEL,9.97,1,1,SIM,1
51.8,2026-09-24T13:07:15.706Z,1790255235706,49.936,57.708495,11.981138,4,1790255234906,0.8,-0.040139,-0.0084,9.852426,0,-0.0439,-0.0265,IMU,49.848,-0.0265,50,0,0.152,0.0265,46.8,404.63,389.94,-14.69,47DE-BDC2,1,2,CONST,HOLD,DECEL,9.87,1,1,SIM,1
51.9,2026-09-24T13:07:15.806Z,1790255235806,49.936,57.708495,11.981138,4,1790255234906,0.9,-0.082562,-0.000621,9.813467,0,-0.0437,-0.0277,IMU,49.839,-0.0277,50,0,0.161,0.0277,46.9,406.02,389.94,-16.08,47DE-BDC2,1,2,CONST,HOLD,DECEL,9.77,1,1,SIM,1
52,2026-09-24T13:07:15.906Z,1790255235906,50.11,57.708473,11.981368,4,1790255235906,0,-0.028837,-0.009613,9.811824,0,-0.0429,-0.0278,IMU,50.11,-0.0278,50,0,-0.11,0.0278,47,407.41,403.84,-3.57,47DE-BDC2,1,2,CONST,HOLD,DECEL,9.67,1,1,SIM,1
52.1,2026-09-24T13:07:16.006Z,1790255236006,50.11,57.708473,11.981368,4,1790255235906,0.1,-0.006753,-0.016419,9.77757,0,-0.0456,-0.0267,IMU,50.1,-0.0267,50,0,-0.1,0.0267,47.1,408.8,403.84,-4.96,47DE-BDC2,1,2,CONST,HOLD,DECEL,9.57,1,1,SIM,1
52.2,2026-09-24T13:07:16.106Z,1790255236106,50.11,57.708473,11.981368,4,1790255235906,0.2,0.010756,0.003129,9.84721,0,-0.0234,-0.0247,IMU,50.092,-0.0247,50,0,-0.092,0.0247,47.2,410.19,403.84,-6.35,47DE-BDC2,1,2,CONST,HOLD,DECEL,9.47,1,1,SIM,1
52.3,2026-09-24T13:07:16.206Z,1790255236206,50.11,57.708473,11.981368,4,1790255235906,0.3,-0.001769,0.073033,9.776523,0,0.0433,-0.0211,IMU,50.083,-0.0211,50,0,-0.083,0.0211,47.3,411.57,403.84,-7.74,47DE-BDC2,1,2,CONST,HOLD,DECEL,9.37,1,1,SIM,1
52.4,2026-09-24T13:07:16.306Z,1790255236306,50.11,57.708473,11.981368,4,1790255235906,0.4,0.03317,-0.063511,9.772461,0,-0.0847,-0.0273,IMU,50.074,-0.0273,50,0,-0.074,0.0273,47.4,412.96,403.84,-9.12,47DE-BDC2,1,2,CONST,HOLD,DECEL,9.27,1,1,SIM,1
52.5,2026-09-24T13:07:16.406Z,1790255236406,50.11,57.708473,11.981368,4,1790255235906,0.5,-0.015028,0.010863,9.828475,0,-0.0203,-0.0252,IMU,50.065,-0.0252,50,0,-0.065,0.0252,47.5,414.35,403.84,-10.51,47DE-BDC2,1,2,CONST,HOLD,DECEL,9.17,1,1,SIM,1
52.6,2026-09-24T13:07:16.506Z,1790255236506,50.11,57.708473,11.981368,4,1790255235906,0.6,0.024216,0.022479,9.850066,0,-0.0019,-0.0254,IMU,50.055,-0.0254,50,0,-0.055,0.0254,47.6,415.74,403.84,-11.9,47DE-BDC2,1,2,CONST,HOLD,DECEL,9.07,1,1,SIM,1
52.7,2026-09-24T13:07:16.606Z,1790255236606,50.11,57.708473,11.981368,4,1790255235906,0.7,-0.030625,-0.026187,9.816712,0,-0.0596,-0.0281,IMU,50.046,-0.0281,50,0,-0.046,0.0281,47.7,417.13,403.84,-13.29,47DE-BDC2,1,2,CONST,HOLD,DECEL,8.97,1,1,SIM,1
52.8,2026-09-24T13:07:16.706Z,1790255236706,50.11,57.708473,11.981368,4,1790255235906,0.8,-0.025943,0.05145,9.838205,0,0.0176,-0.0211,IMU,50.037,-0.0211,50,0,-0.037,0.0211,47.8,418.52,403.84,-14.68,47DE-BDC2,1,2,CONST,HOLD,DECEL,8.87,1,1,SIM,1
52.9,2026-09-24T13:07:16.806Z,1790255236806,50.11,57.708473,11.981368,4,1790255235906,0.9,0.021295,-0.027477,9.822708,0,-0.0515,-0.0304,IMU,50.028,-0.0304,50,0,-0.028,0.0304,47.9,419.91,403.84,-16.07,47DE-BDC2,1,2,CONST,HOLD,DECEL,8.77,1,1,SIM,1
53,2026-09-24T13:07:16.906Z,1790255236906,50.03,57.70845,11.981598,4,1790255236906,0,0.027683,0.004274,9.815568,0,-0.0191,-0.0288,IMU,50.03,-0.0288,50,0,-0.03,0.0288,48,421.3,417.75,-3.55,47DE-BDC2,1,2,CONST,HOLD,DECEL,8.67,1,1,SIM,1
53.1,2026-09-24T13:07:17.006Z,1790255237006,50.03,57.70845,11.981598,4,1790255236906,0.1,-0.012583,-0.058947,9.863406,0,-0.0887,-0.0267,IMU,50.021,-0.0267,50,0,-0.021,0.0267,48.1,422.69,417.75,-4.94,47DE-BDC2,1,2,CONST,HOLD,DECEL,8.57,1,1,SIM,1
53.2,2026-09-24T13:07:17.106Z,1790255237106,50.03,57.70845,11.981598,4,1790255236906,0.2,-0.011032,-0.010323,9.815606,0,-0.0404,-0.0213,IMU,50.013,-0.0213,50,0,-0.013,0.0213,48.2,424.07,417.75,-6.33,47DE-BDC2,1,2,CONST,HOLD,DECEL,8.47,1,1,SIM,1
53.3,2026-09-24T13:07:17.206Z,1790255237206,50.03,57.70845,11.981598,4,1790255236906,0.3,-0.045402,-0.034662,9.835958,0,-0.0706,-0.0272,IMU,50.004,-0.0272,50,0,-0.004,0.0272,48.3,425.46,417.75,-7.72,47DE-BDC2,1,2,CONST,HOLD,DECEL,8.37,1,1,SIM,1
53.4,2026-09-24T13:07:17.306Z,1790255237306,50.03,57.70845,11.981598,4,1790255236906,0.4,-0.023307,0.007233,9.757895,0,-0.0252,-0.0217,IMU,49.996,-0.0217,50,0,0.004,0.0217,48.4,426.85,417.75,-9.11,47DE-BDC2,1,2,CONST,HOLD,DECEL,8.27,1,1,SIM,1
53.5,2026-09-24T13:07:17.406Z,1790255237406,50.03,57.70845,11.981598,4,1790255236906,0.5,0.022259,0.028608,9.827558,0,0.0038,-0.0234,IMU,49.988,-0.0234,50,0,0.012,0.0234,48.5,428.24,417.75,-10.49,47DE-BDC2,1,2,CONST,HOLD,DECEL,8.17,1,1,SIM,1
53.6,2026-09-24T13:07:17.506Z,1790255237506,50.03,57.70845,11.981598,4,1790255236906,0.6,0.022904,0.022411,9.8386,0,-0.0022,-0.0258,IMU,49.979,-0.0258,50,0,0.021,0.0258,48.6,429.63,417.75,-11.88,47DE-BDC2,1,2,CONST,HOLD,DECEL,8.07,1,1,SIM,1
53.7,2026-09-24T13:07:17.606Z,1790255237606,50.03,57.70845,11.981598,4,1790255236906,0.7,-0.010682,0.044813,9.832952,0,0.0138,-0.024,IMU,49.969,-0.024,50,0,0.031,0.024,48.7,431.02,417.75,-13.27,47DE-BDC2,1,2,CONST,HOLD,DECEL,7.97,1,1,SIM,1
53.8,2026-09-24T13:07:17.706Z,1790255237706,50.03,57.70845,11.981598,4,1790255236906,0.8,-0.004844,-0.000537,9.780928,0,-0.0296,-0.0202,IMU,49.962,-0.0202,50,0,0.038,0.0202,48.8,432.41,417.75,-14.66,47DE-BDC2,1,2,CONST,HOLD,DECEL,7.87,1,1,SIM,1
53.9,2026-09-24T13:07:17.806Z,1790255237806,50.03,57.70845,11.981598,4,1790255236906,0.9,-0.026363,-0.040658,9.804421,0,-0.073,-0.0284,IMU,49.953,-0.0284,50,0,0.047,0.0284,48.9,433.8,417.75,-16.05,47DE-BDC2,1,2,CONST,HOLD,DECEL,7.77,1,1,SIM,1
54,2026-09-24T13:07:17.906Z,1790255237906,50.146,57.708427,11.981827,4,1790255237906,0,-0.025332,0.037971,9.799622,0,0.0045,-0.0313,IMU,50.146,-0.0313,50,0,-0.146,0.0313,49,435.19,431.66,-3.53,47DE-BDC2,1,2,CONST,HOLD,DECEL,7.67,1,1,SIM,1
54.1,2026-09-24T13:07:18.006Z,1790255238006,50.146,57.708427,11.981827,4,1790255237906,0.1,-0.006587,-0.022994,9.788854,0,-0.052,-0.0303,IMU,50.135,-0.0303,50,0,-0.135,0.0303,49.1,436.57,431.66,-4.91,47DE-BDC2,1,2,CONST,HOLD,DECEL,7.57,1,1,SIM,1
54.2,2026-09-24T13:07:18.106Z,1790255238106,50.146,57.708427,11.981827,4,1790255237906,0.2,-0.037109,-0.001228,9.785393,0,-0.0361,-0.0297,IMU,50.124,-0.0297,50,0,-0.124,0.0297,49.2,437.96,431.66,-6.3,47DE-BDC2,1,2,CONST,HOLD,DECEL,7.47,1,1,SIM,1
54.3,2026-09-24T13:07:18.206Z,1790255238206,50.146,57.708427,11.981827,4,1790255237906,0.3,0.0006,-0.028042,9.814701,0,-0.0558,-0.031,IMU,50.112,-0.031,50,0,-0.112,0.031,49.3,439.35,431.66,-7.69,47DE-BDC2,1,2,CONST,HOLD,DECEL,7.37,1,1,SIM,1
54.4,2026-09-24T13:07:18.306Z,1790255238306,50.146,57.708427,11.981827,4,1790255237906,0.4,-0.036869,-0.023221,9.834533,0,-0.0578,-0.0321,IMU,50.1,-0.0321,50,0,-0.1,0.0321,49.4,440.74,431.66,-9.08,47DE-BDC2,1,2,CONST,HOLD,DECEL,7.27,1,1,SIM,1
54.5,2026-09-24T13:07:18.406Z,1790255238406,50.146,57.708427,11.981827,4,1790255237906,0.5,0.032039,0.001789,9.799228,0,-0.0207,-0.0302,IMU,50.089,-0.0302,50,0,-0.089,0.0302,49.5,442.13,431.66,-10.47,47DE-BDC2,1,2,CONST,HOLD,DECEL,7.17,1,1,SIM,1
54.6,2026-09-24T13:07:18.506Z,1790255238506,50.146,57.708427,11.981827,4,1790255237906,0.6,0.000997,0.044055,9.778406,0,0.0153,-0.0282,IMU,50.078,-0.0282,50,0,-0.078,0.0282,49.6,443.52,431.66,-11.86,47DE-BDC2,1,2,CONST,HOLD,DECEL,7.07,1,1,SIM,1
54.7,2026-09-24T13:07:18.606Z,1790255238606,50.146,57.708427,11.981827,4,1790255237906,0.7,-0.060557,-0.011867,9.785987,0,-0.0508,-0.022,IMU,50.07,-0.022,50,0,-0.07,0.022,49.7,444.91,431.66,-13.25,47DE-BDC2,1,2,CONST,HOLD,DECEL,6.97,1,1,SIM,1
54.8,2026-09-24T13:07:18.706Z,1790255238706,50.146,57.708427,11.981827,4,1790255237906,0.8,0.015642,0.01705,9.782028,0,-0.0086,-0.0226,IMU,50.062,-0.0226,50,0,-0.062,0.0226,49.8,446.3,431.66,-14.64,47DE-BDC2,1,2,CONST,HOLD,DECEL,6.87,1,1,SIM,1
54.9,2026-09-24T13:07:18.806Z,1790255238806,50.146,57.708427,11.981827,4,1790255237906,0.9,-0.007209,0.04657,9.805179,0,0.0162,-0.0251,IMU,50.053,-0.0251,50,0,-0.053,0.0251,49.9,447.69,431.66,-16.03,47DE-BDC2,1,2,CONST,HOLD,DECEL,6.77,1,1,SIM,1
55,2026-09-24T13:07:18.906Z,1790255238906,49.79,57.708403,11.982057,4,1790255238906,0,-0.005858,0.009091,9.766383,0,-0.0203,-0.0213,IMU,49.79,-0.0213,50,0,0.21,0.0213,50,449.07,445.54,-3.53,47DE-BDC2,1,2,CONST,HOLD,DECEL,6.67,1,1,SIM,1
55.1,2026-09-24T13:07:19.006Z,1790255239006,49.79,57.708403,11.982057,4,1790255238906,0.1,-0.01014,-0.045545,9.768741,0,-0.0748,-0.0235,IMU,49.783,-0.0235,50,0,0.217,0.0235,50.1,450.46,445.54,-4.92,47DE-BDC2,1,2,CONST,HOLD,DECEL,6.57,1,1,SIM,1
55.2,2026-09-24T13:07:19.106Z,1790255239106,49.79,57.708403,11.982057,4,1790255238906,0.2,0.03115,-0.034035,9.782848,0,-0.0561,-0.0198,IMU,49.775,-0.0198,50,0,0.225,0.0198,50.2,451.85,445.54,-6.31,47DE-BDC2,1,2,CONST,HOLD,DECEL,6.47,1,1,SIM,1
55.3,2026-09-24T13:07:19.206Z,1790255239206,49.79,57.708403,11.982057,4,1790255238906,0.3,-0.025823,0.007922,9.795921,0,-0.0251,-0.0245,IMU,49.767,-0.0245,50,0,0.233,0.0245,50.3,453.24,445.54,-7.7,47DE-BDC2,1,2,CONST,HOLD,DECEL,6.37,1,1,SIM,1
55.4,2026-09-24T13:07:19.306Z,1790255239306,49.79,57.708403,11.982057,4,1790255238906,0.4,0.007247,0.001092,9.796819,0,-0.0259,-0.0244,IMU,49.758,-0.0244,50,0,0.242,0.0244,50.4,454.63,445.54,-9.09,47DE-BDC2,1,2,CONST,HOLD,DECEL,6.27,1,1,SIM,1
55.5,2026-09-24T13:07:19.406Z,1790255239406,49.79,57.708403,11.982057,4,1790255238906,0.5,0.005435,-0.025682,9.742913,0,-0.0524,-0.0319,IMU,49.748,-0.0319,50,0,0.252,0.0319,50.5,456.02,445.54,-10.48,47DE-BDC2,1,2,CONST,HOLD,DECEL,6.17,1,1,SIM,1
55.6,2026-09-24T13:07:19.506Z,1790255239506,49.79,57.708403,11.982057,4,1790255238906,0.6,0.039956,-0.038497,9.803568,0,-0.0589,-0.029,IMU,49.738,-0.029,50,0,0.262,0.029,50.6,457.41,445.54,-11.87,47DE-BDC2,1,2,CONST,HOLD,DECEL,6.07,1,1,SIM,1
55.7,2026-09-24T13:07:19.606Z,1790255239606,49.79,57.708403,11.982057,4,1790255238906,0.7,-0.037073,0.030623,9.884933,0,-0.005,-0.0245,IMU,49.728,-0.0245,50,0,0.272,0.0245,50.7,458.8,445.54,-13.26,47DE-BDC2,1,2,CONST,HOLD,DECEL,5.97,1,1,SIM,1
55.8,2026-09-24T13:07:19.706Z,1790255239706,49.79,57.708403,11.982057,4,1790255238906,0.8,0.018194,0.000065,9.805141,0,-0.0249,-0.0287,IMU,49.719,-0.0287,50,0,0.281,0.0287,50.8,460.19,445.54,-14.65,47DE-BDC2,1,2,CONST,HOLD,DECEL,5.87,1,1,SIM,1
55.9,2026-09-24T13:07:19.806Z,1790255239806,49.79,57.708403,11.982057,4,1790255238906,0.9,-0.003139,0.011949,9.850746,0,-0.0172,-0.0275,IMU,49.708,-0.0275,50,0,0.292,0.0275,50.9,461.57,445.54,-16.03,47DE-BDC2,1,2,CONST,HOLD,DECEL,5.77,1,1,SIM,1
56,2026-09-24T13:07:19.906Z,1790255239906,50.23,57.708379,11.982286,4,1790255239906,0,0.018797,0.013109,9.810856,0,-0.012,-0.032,IMU,50.23,-0.032,50,0,-0.23,0.032,51,462.96,459.43,-3.53,47DE-BDC2,1,2,CONST,HOLD,DECEL,5.67,1,1,SIM,1
56.1,2026-09-24T13:07:20.006Z,1790255240006,50.23,57.708379,11.982286,4,1790255239906,0.1,-0.005954,0.007089,9.834579,0,-0.0224,-0.0362,IMU,50.217,-0.0362,50,0,-0.217,0.0362,51.1,464.35,459.43,-4.92,47DE-BDC2,1,2,CONST,HOLD,DECEL,5.57,1,1,SIM,1
56.2,2026-09-24T13:07:20.106Z,1790255240106,50.23,57.708379,11.982286,4,1790255239906,0.2,-0.00936,0.023548,9.808464,0,-0.0068,-0.0321,IMU,50.206,-0.0321,50,0,-0.206,0.0321,51.2,465.74,459.43,-6.31,47DE-BDC2,1,2,CONST,HOLD,DECEL,5.47,1,1,SIM,1
56.3,2026-09-24T13:07:20.206Z,1790255240206,50.23,57.708379,11.982286,4,1790255239906,0.3,-0.030299,0.091396,9.826176,0,0.0561,-0.0324,IMU,50.193,-0.0324,50,0,-0.193,0.0324,51.3,467.13,459.43,-7.7,47DE-BDC2,1,2,CONST,HOLD,DECEL,5.37,1,1,SIM,1
56.4,2026-09-24T13:07:20.306Z,1790255240306,50.23,57.708379,11.982286,4,1790255239906,0.4,-0.000848,0.019131,9.772439,0,-0.0095,-0.0315,IMU,50.181,-0.0315,50,0,-0.181,0.0315,51.4,468.52,459.43,-9.09,47DE-BDC2,1,2,CONST,HOLD,DECEL,5.27,1,1,SIM,1
56.5,2026-09-24T13:07:20.406Z,1790255240406,50.23,57.708379,11.982286,4,1790255239906,0.5,-0.033081,0.008897,9.768238,0,-0.0254,-0.0333,IMU,50.169,-0.0333,50,0,-0.169,0.0333,51.5,469.91,459.43,-10.48,47DE-BDC2,1,2,CONST,HOLD,DECEL,5.17,1,1,SIM,1
56.6,2026-09-24T13:07:20.506Z,1790255240506,50.23,57.708379,11.982286,4,1790255239906,0.6,-0.004624,0.030413,9.808667,0,0.0008,-0.0326,IMU,50.157,-0.0326,50,0,-0.157,0.0326,51.6,471.3,459.43,-11.87,47DE-BDC2,1,2,CONST,HOLD,DECEL,5.07,1,1,SIM,1
56.7,2026-09-24T13:07:20.606Z,1790255240606,50.23,57.708379,11.982286,4,1790255239906,0.7,0.024447,-0.004094,9.832755,0,-0.028,-0.027,IMU,50.147,-0.027,50,0,-0.147,0.027,51.7,472.69,459.43,-13.25,47DE-BDC2,1,2,CONST,HOLD,DECEL,4.97,1,1,SIM,1
56.8,2026-09-24T13:07:20.706Z,1790255240706,50.23,57.708379,11.982286,4,1790255239906,0.8,-0.034181,-0.036356,9.80228,0,-0.0702,-0.0325,IMU,50.136,-0.0325,50,0,-0.136,0.0325,51.8,474.07,459.43,-14.64,47DE-BDC2,1,2,CONST,HOLD,DECEL,4.87,1,1,SIM,1
56.9,2026-09-24T13:07:20.806Z,1790255240806,50.23,57.708379,11.982286,4,1790255239906,0.9,-0.001395,0.018294,9.833879,0,-0.0106,-0.0321,IMU,50.124,-0.0321,50,0,-0.124,0.0321,51.9,475.46,459.43,-16.03,47DE-BDC2,1,2,CONST,HOLD,DECEL,4.77,1,1,SIM,1
57,2026-09-24T13:07:20.906Z,1790255240906,50.06,57.708355,11.982515,4,1790255240906,0,0.021829,-0.025357,9.803795,0,-0.0493,-0.0341,IMU,50.06,-0.0341,50,0,-0.06,0.0341,52,476.85,473.36,-3.49,47DE-BDC2,1,2,CONST,HOLD,DECEL,4.67,1,1,SIM,1
57.1,2026-09-24T13:07:21.006Z,1790255241006,50.06,57.708355,11.982515,4,1790255240906,0.1,0.007836,0.024182,9.828939,0,-0.0031,-0.026,IMU,50.049,-0.026,50,0,-0.049,0.026,52.1,478.24,473.36,-4.88,47DE-BDC2,1,2,CONST,HOLD,DECEL,4.57,1,1,SIM,1
57.2,2026-09-24T13:07:21.106Z,1790255241106,50.06,57.708355,11.982515,4,1790255240906,0.2,-0.021889,-0.05561,9.808168,0,-0.0869,-0.0342,IMU,50.039,-0.0342,50,0,-0.039,0.0342,52.2,479.63,473.36,-6.27,47DE-BDC2,1,2,CONST,HOLD,DECEL,4.47,1,1,SIM,1
57.3,2026-09-24T13:07:21.206Z,1790255241206,50.06,57.708355,11.982515,4,1790255240906,0.3,-0.057191,0.061632,9.805711,0,0.0221,-0.0247,IMU,50.029,-0.0247,50,0,-0.029,0.0247,52.3,481.02,473.36,-7.66,47DE-BDC2,1,2,CONST,HOLD,DECEL,4.37,1,1,SIM,1
57.4,2026-09-24T13:07:21.306Z,1790255241306,50.06,57.708355,11.982515,4,1790255240906,0.4,0.008905,0.013777,9.770896,0,-0.013,-0.0226,IMU,50.021,-0.0226,50,0,-0.021,0.0226,52.4,482.41,473.36,-9.05,47DE-BDC2,1,2,CONST,HOLD,DECEL,4.27,1,1,SIM,1
57.5,2026-09-24T13:07:21.406Z,1790255241406,50.06,57.708355,11.982515,4,1790255240906,0.5,0.041736,-0.037363,9.799864,0,-0.0575,-0.0238,IMU,50.013,-0.0238,50,0,-0.013,0.0238,52.5,483.8,473.36,-10.44,47DE-BDC2,1,2,CONST,HOLD,DECEL,4.17,1,1,SIM,1
57.6,2026-09-24T13:07:21.506Z,1790255241506,50.06,57.708355,11.982515,4,1790255240906,0.6,-0.021796,0.039839,9.840999,0,0.0069,-0.0211,IMU,50.005,-0.0211,50,0,-0.005,0.0211,52.6,485.19,473.36,-11.82,47DE-BDC2,1,2,CONST,HOLD,DECEL,4.07,1,1,SIM,1
57.7,2026-09-24T13:07:21.606Z,1790255241606,50.06,57.708355,11.982515,4,1790255240906,0.7,-0.014599,-0.019087,9.831293,0,-0.0497,-0.0282,IMU,49.995,-0.0282,50,0,0.005,0.0282,52.7,486.57,473.36,-13.21,47DE-BDC2,1,2,CONST,HOLD,DECEL,3.97,1,1,SIM,1
57.8,2026-09-24T13:07:21.706Z,1790255241706,50.06,57.708355,11.982515,4,1790255240906,0.8,0.055052,-0.046894,9.878176,0,-0.0647,-0.0333,IMU,49.984,-0.0333,50,0,0.016,0.0333,52.8,487.96,473.36,-14.6,47DE-BDC2,1,2,CONST,HOLD,DECEL,3.87,1,1,SIM,1
57.9,2026-09-24T13:07:21.806Z,1790255241806,50.06,57.708355,11.982515,4,1790255240906,0.9,0.008067,-0.021757,9.852063,0,-0.0484,-0.0328,IMU,49.973,-0.0328,50,0,0.027,0.0328,52.9,489.35,473.36,-15.99,47DE-BDC2,1,2,CONST,HOLD,DECEL,3.77,1,1,SIM,1
58,2026-09-24T13:07:21.906Z,1790255241906,49.963,57.70833,11.982744,4,1790255241906,0,-0.032936,-0.035763,9.811002,0,-0.0694,-0.0313,IMU,49.963,-0.0313,50,0,0.037,0.0313,53,490.74,487.25,-3.49,47DE-BDC2,1,2,CONST,HOLD,DECEL,3.67,1,1,SIM,1
58.1,2026-09-24T13:07:22.006Z,1790255242006,49.963,57.70833,11.982744,4,1790255241906,0.1,-0.033681,-0.003304,9.769952,0,-0.0375,-0.0294,IMU,49.952,-0.0294,50,0,0.048,0.0294,53.1,492.13,487.25,-4.88,47DE-BDC2,1,2,CONST,HOLD,DECEL,3.57,1,1,SIM,1
58.2,2026-09-24T13:07:22.106Z,1790255242106,49.963,57.70833,11.982744,4,1790255241906,0.2,0.002006,0.024465,9.801688,0,-0.0038,-0.0218,IMU,49.943,-0.0218,50,0,0.057,0.0218,53.2,493.52,487.25,-6.27,47DE-BDC2,1,2,CONST,HOLD,DECEL,3.47,1,1,SIM,1
58.3,2026-09-24T13:07:22.206Z,1790255242206,49.963,57.70833,11.982744,4,1790255241906,0.3,0.022754,-0.000536,9.864194,0,-0.0249,-0.0208,IMU,49.936,-0.0208,50,0,0.064,0.0208,53.3,494.91,487.25,-7.66,47DE-BDC2,1,2,CONST,HOLD,DECEL,3.37,1,1,SIM,1
58.4,2026-09-24T13:07:22.306Z,1790255242306,49.963,57.70833,11.982744,4,1790255241906,0.4,0.002622,-0.015918,9.788798,0,-0.0434,-0.0207,IMU,49.929,-0.0207,50,0,0.071,0.0207,53.4,496.3,487.25,-9.04,47DE-BDC2,1,2,CONST,HOLD,DECEL,3.27,1,1,SIM,1
58.5,2026-09-24T13:07:22.406Z,1790255242406,49.963,57.70833,11.982744,4,1790255241906,0.5,0.066796,0.018753,9.801406,0,0.0022,-0.0236,IMU,49.92,-0.0236,50,0,0.08,0.0236,53.5,497.69,487.25,-10.43,47DE-BDC2,1,2,CONST,HOLD,DECEL,3.17,1,1,SIM,1
58.6,2026-09-24T13:07:22.506Z,1790255242506,49.963,57.70833,11.982744,4,1790255241906,0.6,0.026405,-0.008489,9.777641,0,-0.0318,-0.0279,IMU,49.911,-0.0279,50,0,0.089,0.0279,53.6,499.07,487.25,-11.82,47DE-BDC2,1,2,CONST,HOLD,DECEL,3.07,1,1,SIM,1
58.7,2026-09-24T13:07:22.606Z,1790255242606,49.963,57.70833,11.982744,4,1790255241906,0.7,-0.026628,-0.023381,9.794106,0,-0.056,-0.0263,IMU,49.901,-0.0263,50,0,0.099,0.0263,53.7,500.46,487.25,-13.21,47DE-BDC2,1,2,CONST,HOLD,DECEL,2.97,1,1,SIM,1
58.8,2026-09-24T13:07:22.706Z,1790255242706,49.963,57.70833,11.982744,4,1790255241906,0.8,0.028689,0.037548,9.801561,0,0.0138,-0.0303,IMU,49.89,-0.0303,50,0,0.11,0.0303,53.8,501.85,487.25,-14.6,47DE-BDC2,1,2,CONST,HOLD,DECEL,2.87,1,1,SIM,1
58.9,2026-09-24T13:07:22.806Z,1790255242806,49.963,57.70833,11.982744,4,1790255241906,0.9,-0.013654,-0.061528,9.903177,0,-0.0915,-0.0307,IMU,49.88,-0.0307,50,0,0.12,0.0307,53.9,503.24,487.25,-15.99,47DE-BDC2,1,2,CONST,HOLD,DECEL,2.77,1,1,SIM,1
59,2026-09-24T13:07:22.906Z,1790255242906,50.184,57.708305,11.982972,4,1790255242906,0,-0.009605,-0.002912,9.802617,0,-0.0328,-0.0346,IMU,50.184,-0.0346,50,0,-0.184,0.0346,54,504.63,501.16,-3.47,47DE-BDC2,1,2,CONST,HOLD,DECEL,2.67,1,1,SIM,1
59.1,2026-09-24T13:07:23.006Z,1790255243006,50.184,57.708305,11.982972,4,1790255242906,0.1,0.004684,0.026028,9.794089,0,-0.0018,-0.0253,IMU,50.173,-0.0253,50,0,-0.173,0.0253,54.1,506.02,501.16,-4.86,47DE-BDC2,1,2,CONST,HOLD,DECEL,2.57,1,1,SIM,1
59.2,2026-09-24T13:07:23.106Z,1790255243106,50.184,57.708305,11.982972,4,1790255242906,0.2,-0.000061,-0.068696,9.788182,0,-0.0958,-0.0268,IMU,50.165,-0.0268,50,0,-0.165,0.0268,54.2,507.41,501.16,-6.25,47DE-BDC2,1,2,CONST,HOLD,DECEL,2.47,1,1,SIM,1
59.3,2026-09-24T13:07:23.206Z,1790255243206,50.184,57.708305,11.982972,4,1790255242906,0.3,-0.017774,0.023016,9.821406,0,-0.0089,-0.0248,IMU,50.156,-0.0248,50,0,-0.156,0.0248,54.3,508.8,501.16,-7.63,47DE-BDC2,1,2,CONST,HOLD,DECEL,2.37,1,1,SIM,1
59.4,2026-09-24T13:07:23.306Z,1790255243306,50.184,57.708305,11.982972,4,1790255242906,0.4,0.006187,-0.022396,9.804307,0,-0.0492,-0.024,IMU,50.148,-0.024,50,0,-0.148,0.024,54.4,510.19,501.16,-9.02,47DE-BDC2,1,2,CONST,HOLD,DECEL,2.27,1,1,SIM,1
59.5,2026-09-24T13:07:23.406Z,1790255243406,50.184,57.708305,11.982972,4,1790255242906,0.5,-0.0077,0.014789,9.813443,0,-0.0151,-0.0239,IMU,50.139,-0.0239,50,0,-0.139,0.0239,54.5,511.57,501.16,-10.41,47DE-BDC2,1,2,CONST,HOLD,DECEL,2.17,1,1,SIM,1
59.6,2026-09-24T13:07:23.506Z,1790255243506,50.184,57.708305,11.982972,4,1790255242906,0.6,0.026735,-0.015801,9.753883,0,-0.0389,-0.0259,IMU,50.13,-0.0259,50,0,-0.13,0.0259,54.6,512.96,501.16,-11.8,47DE-BDC2,1,2,CONST,HOLD,DECEL,2.07,1,1,SIM,1
59.7,2026-09-24T13:07:23.606Z,1790255243606,50.184,57.708305,11.982972,4,1790255242906,0.7,-0.004267,0.071738,9.813873,0,0.0415,-0.0218,IMU,50.121,-0.0218,50,0,-0.121,0.0218,54.7,514.35,501.16,-13.19,47DE-BDC2,1,2,CONST,HOLD,DECEL,1.97,1,1,SIM,1
59.8,2026-09-24T13:07:23.706Z,1790255243706,50.184,57.708305,11.982972,4,1790255242906,0.8,-0.047112,-0.059219,9.842754,0,-0.0951,-0.0284,IMU,50.112,-0.0284,50,0,-0.112,0.0284,54.8,515.74,501.16,-14.58,47DE-BDC2,1,2,CONST,HOLD,DECEL,1.87,1,1,SIM,1
59.9,2026-09-24T13:07:23.806Z,1790255243806,50.184,57.708305,11.982972,4,1790255242906,0.9,-0.016626,0.044481,9.815707,0,0.0125,-0.026,IMU,50.102,-0.026,50,0,-0.102,0.026,54.9,517.13,501.16,-15.97,47DE-BDC2,1,2,CONST,HOLD,DECEL,1.77,1,1,SIM,1
60,2026-09-24T13:07:23.906Z,1790255243906,50.055,57.708279,11.983201,4,1790255243906,0,0.023003,0.041796,9.794318,0,0.017,-0.0245,IMU,50.055,-0.0245,50,0,-0.055,0.0245,55,518.52,515.08,-3.43,47DE-BDC2,1,2,CONST,HOLD,DECEL,1.67,1,1,SIM,1
60.1,2026-09-24T13:07:24.006Z,1790255244006,50.055,57.708279,11.983201,4,1790255243906,0.1,-0.048903,-0.013487,9.81667,0,-0.0504,-0.0306,IMU,50.046,-0.0306,50,0,-0.046,0.0306,55.1,519.91,515.08,-4.82,47DE-BDC2,1,2,CONST,HOLD,DECEL,1.57,1,1,SIM,1
60.2,2026-09-24T13:07:24.106Z,1790255244106,50.055,57.708279,11.983201,4,1790255243906,0.2,0.018889,0.044907,9.792385,0,0.0193,-0.0221,IMU,50.037,-0.0221,50,0,-0.037,0.0221,55.2,521.3,515.08,-6.21,47DE-BDC2,1,2,CONST,HOLD,DECEL,1.47,1,1,SIM,1
60.3,2026-09-24T13:07:24.206Z,1790255244206,50.055,57.708279,11.983201,4,1790255243906,0.3,0.010423,0.015993,9.805496,0,-0.0107,-0.0267,IMU,50.028,-0.0267,50,0,-0.028,0.0267,55.3,522.69,515.08,-7.6,47DE-BDC2,1,2,CONST,HOLD,DECEL,1.37,1,1,SIM,1
60.4,2026-09-24T13:07:24.306Z,1790255244306,50.055,57.708279,11.983201,4,1790255243906,0.4,0.03192,0.027929,9.775316,0,0.005,-0.0264,IMU,50.018,-0.0264,50,0,-0.018,0.0264,55.4,524.07,515.08,-8.99,47DE-BDC2,1,2,CONST,HOLD,DECEL,1.27,1,1,SIM,1
60.5,2026-09-24T13:07:24.406Z,1790255244406,50.055,57.708279,11.983201,4,1790255243906,0.5,0.039586,0.02894,9.733762,0,0.0075,-0.028,IMU,50.008,-0.028,50,0,-0.008,0.028,55.5,525.46,515.08,-10.38,47DE-BDC2,1,2,CONST,HOLD,DECEL,1.17,1,1,SIM,1
60.6,2026-09-24T13:07:24.506Z,1790255244506,50.055,57.708279,11.983201,4,1790255243906,0.6,0.045195,0.024277,9.828267,0,0.0037,-0.0258,IMU,49.998,-0.0258,50,0,0.002,0.0258,55.6,526.85,515.08,-11.77,47DE-BDC2,1,2,CONST,HOLD,DECEL,1.07,1,1,SIM,1
60.7,2026-09-24T13:07:24.606Z,1790255244606,50.055,57.708279,11.983201,4,1790255243906,0.7,-0.01565,-0.021436,9.845146,0,-0.0523,-0.0284,IMU,49.988,-0.0284,50,0,0.012,0.0284,55.7,528.24,515.08,-13.16,47DE-BDC2,1,2,CONST,HOLD,DECEL,0.97,1,1,SIM,1
60.8,2026-09-24T13:07:24.706Z,1790255244706,50.055,57.708279,11.983201,4,1790255243906,0.8,0.052041,0.005386,9.790717,0,-0.0136,-0.0248,IMU,49.979,-0.0248,50,0,0.021,0.0248,55.8,529.63,515.08,-14.55,47DE-BDC2,1,2,CONST,HOLD,DECEL,0.87,1,1,SIM,1
60.9,2026-09-24T13:07:24.806Z,1790255244806,50.055,57.708279,11.983201,4,1790255243906,0.9,-0.005265,-0.023636,9.798668,0,-0.0524,-0.0272,IMU,49.969,-0.0272,50,0,0.031,0.0272,55.9,531.02,515.08,-15.93,47DE-BDC2,1,2,CONST,HOLD,DECEL,0.77,1,1,SIM,1
61,2026-09-24T13:07:24.906Z,1790255244906,50.165,57.708253,11.983429,4,1790255244906,0,-0.00243,-0.02946,9.836688,0,-0.0578,-0.0318,IMU,50.165,-0.0318,50,0,-0.165,0.0318,56,532.41,529,-3.4,47DE-BDC2,1,2,CONST,HOLD,DECEL,0.67,1,1,SIM,1
61.1,2026-09-24T13:07:25.006Z,1790255245006,50.165,57.708253,11.983429,4,1790255244906,0.1,-0.007255,0.037873,9.759043,0,0.0078,-0.0254,IMU,50.154,-0.0254,50,0,-0.154,0.0254,56.1,533.8,529,-4.79,47DE-BDC2,1,2,CONST,HOLD,DECEL,0.57,1,1,SIM,1
61.2,2026-09-24T13:07:25.106Z,1790255245106,50.165,57.708253,11.983429,4,1790255244906,0.2,-0.024285,0.022283,9.839299,0,-0.0108,-0.0275,IMU,50.144,-0.0275,50,0,-0.144,0.0275,56.2,535.19,529,-6.18,47DE-BDC2,1,2,CONST,HOLD,DECEL,0.47,1,1,SIM,1
61.3,2026-09-24T13:07:25.206Z,1790255245206,50.165,57.708253,11.983429,4,1790255244906,0.3,-0.022911,-0.003276,9.749981,0,-0.0354,-0.0294,IMU,50.133,-0.0294,50,0,-0.133,0.0294,56.3,536.57,529,-7.57,47DE-BDC2,1,2,CONST,HOLD,DECEL,0.37,1,1,SIM,1
61.4,2026-09-24T13:07:25.306Z,1790255245306,50.165,57.708253,11.983429,4,1790255244906,0.4,-0.042793,-0.03733,9.832741,0,-0.0728,-0.0316,IMU,50.123,-0.0316,50,0,-0.123,0.0316,56.4,537.96,529,-8.96,47DE-BDC2,1,2,CONST,HOLD,DECEL,0.27,1,1,SIM,1
61.5,2026-09-24T13:07:25.406Z,1790255245406,50.165,57.708253,11.983429,4,1790255244906,0.5,0.050912,0.031563,9.775182,0,0.012,-0.0319,IMU,50.111,-0.0319,50,0,-0.111,0.0319,56.5,539.35,529,-10.35,47DE-BDC2,1,2,CONST,HOLD,DECEL,0.17,1,1,SIM,1
61.6,2026-09-24T13:07:25.506Z,1790255245506,50.165,57.708253,11.983429,4,1790255244906,0.6,0.033412,0.005514,9.807641,0,-0.0168,-0.0304,IMU,50.099,-0.0304,50,0,-0.099,0.0304,56.6,540.74,529,-11.74,47DE-BDC2,1,2,CONST,HOLD,DECEL,0.07,1,1,SIM,1
61.7,2026-09-24T13:07:25.606Z,1790255245606,50.165,57.708253,11.983429,4,1790255244906,0.7,0.014161,0.008025,9.801812,0,-0.0178,-0.0274,IMU,50.089,-0.0274,49.928,-0.6,-0.161,-0.5726,56.7,542.13,529,-13.13,47DE-BDC2,1,3,DECEL,BRAKE,CONST,9.23,1,0,SIM,1
61.8,2026-09-24T13:07:25.706Z,1790255245706,50.165,57.708253,11.983429,4,1790255244906,0.8,0.034105,-0.115624,9.844194,0,-0.136,-0.0399,IMU,50.078,-0.0399,49.712,-0.6,-0.366,-0.5601,56.8,543.51,529,-14.51,47DE-BDC2,1,3,DECEL,BRAKE,CONST,9.13,1,0,SIM,1
61.9,2026-09-24T13:07:25.806Z,1790255245806,50.165,57.708253,11.983429,4,1790255244906,0.9,-0.041054,-0.105722,9.777355,0,-0.1396,-0.0546,IMU,50.061,-0.0546,49.496,-0.6,-0.565,-0.5454,56.9,544.89,529,-15.89,47DE-BDC2,1,3,DECEL,BRAKE,CONST,9.03,1,0,SIM,1
62,2026-09-24T13:07:25.906Z,1790255245906,49.903,57.708226,11.983657,4,1790255245906,0,0.000404,-0.124057,9.773081,0,-0.1501,-0.0763,IMU,49.903,-0.0763,49.28,-0.6,-0.623,-0.5237,57,546.26,542.9,-3.36,47DE-BDC2,1,3,DECEL,BRAKE,CONST,8.93,1,0,SIM,1
62.1,2026-09-24T13:07:26.006Z,1790255246006,49.903,57.708226,11.983657,4,1790255245906,0.1,-0.011721,-0.142364,9.771562,0,-0.1703,-0.1061,IMU,49.869,-0.1061,49.064,-0.6,-0.805,-0.4939,57.1,547.63,542.9,-4.73,47DE-BDC2,1,3,DECEL,BRAKE,CONST,8.83,1,0,SIM,1
62.2,2026-09-24T13:07:26.106Z,1790255246106,49.903,57.708226,11.983657,4,1790255245906,0.2,-0.017385,-0.17948,9.808592,0,-0.208,-0.1345,IMU,49.824,-0.1345,48.848,-0.6,-0.976,-0.4655,57.2,548.99,542.9,-6.09,47DE-BDC2,1,3,DECEL,BRAKE,CONST,8.73,1,0,SIM,1
62.3,2026-09-24T13:07:26.206Z,1790255246206,49.903,57.708226,11.983657,4,1790255245906,0.3,-0.00452,-0.219523,9.807326,0,-0.245,-0.171,IMU,49.768,-0.171,48.632,-0.6,-1.136,-0.429,57.3,550.34,542.9,-7.44,47DE-BDC2,1,3,DECEL,BRAKE,CONST,8.63,0,0,SIM,1
62.4,2026-09-24T13:07:26.306Z,1790255246306,49.903,57.708226,11.983657,4,1790255245906,0.4,-0.012573,-0.264833,9.861416,0,-0.2912,-0.2012,IMU,49.7,-0.2012,48.416,-0.6,-1.284,-0.3988,57.4,551.69,542.9,-8.79,47DE-BDC2,1,3,DECEL,BRAKE,CONST,8.53,0,0,SIM,1
62.5,2026-09-24T13:07:26.406Z,1790255246406,49.903,57.708226,11.983657,4,1790255245906,0.5,-0.025369,-0.291941,9.858633,0,-0.3202,-0.226,IMU,49.622,-0.226,48.2,-0.6,-1.422,-0.374,57.5,553.03,542.9,-10.13,47DE-BDC2,1,3,DECEL,BRAKE,CONST,8.43,0,0,SIM,1
62.6,2026-09-24T13:07:26.506Z,1790255246506,49.903,57.708226,11.983657,4,1790255245906,0.6,-0.04738,-0.290505,9.804892,0,-0.3226,-0.2459,IMU,49.536,-0.2459,47.984,-0.6,-1.552,-0.3541,57.6,554.37,542.9,-11.47,47DE-BDC2,1,3,DECEL,BRAKE,CONST,8.33,0,0,SIM,1
62.7,2026-09-24T13:07:26.606Z,1790255246606,49.903,57.708226,11.983657,4,1790255245906,0.7,-0.03858,-0.296071,9.800456,0,-0.3264,-0.2643,IMU,49.444,-0.2643,47.768,-0.6,-1.676,-0.3357,57.7,555.7,542.9,-12.8,47DE-BDC2,1,3,DECEL,BRAKE_MORE,CONST,8.23,0,0,SIM,1
62.8,2026-09-24T13:07:26.706Z,1790255246706,49.903,57.708226,11.983657,4,1790255245906,0.8,-0.054901,-0.290775,9.796561,0,-0.3241,-0.2775,IMU,49.346,-0.2775,47.552,-0.6,-1.794,-0.3225,57.8,557.02,542.9,-14.12,47DE-BDC2,1,3,DECEL,BRAKE_MORE,CONST,8.13,0,0,SIM,1
62.9,2026-09-24T13:07:26.806Z,1790255246806,49.903,57.708226,11.983657,4,1790255245906,0.9,-0.112408,-0.342582,9.861771,0,-0.3856,-0.296,IMU,49.243,-0.296,47.336,-0.6,-1.907,-0.304,57.9,558.34,542.9,-15.44,47DE-BDC2,1,3,DECEL,BRAKE_MORE,CONST,8.03,0,0,SIM,1
63,2026-09-24T13:07:26.906Z,1790255246906,49.53,57.7082,11.983883,4,1790255246906,0,-0.088827,-0.276585,9.75793,0,-0.3162,-0.3063,IMU,49.53,-0.3063,47.12,-0.6,-2.41,-0.2937,58,559.65,556.71,-2.94,47DE-BDC2,1,3,DECEL,BRAKE_MORE,CONST,7.93,0,0,SIM,1
63.1,2026-09-24T13:07:27.006Z,1790255247006,49.53,57.7082,11.983883,4,1790255246906,0.1,-0.069943,-0.282054,9.825912,0,-0.3184,-0.3135,IMU,49.418,-0.3135,46.904,-0.6,-2.514,-0.2865,58.1,560.96,556.71,-4.25,47DE-BDC2,1,3,DECEL,BRAKE_MORE,CONST,7.83,0,0,SIM,1
63.2,2026-09-24T13:07:27.106Z,1790255247106,49.53,57.7082,11.983883,4,1790255246906,0.2,-0.009585,-0.361203,9.732204,0,-0.3851,-0.3284,IMU,49.302,-0.3284,46.688,-0.6,-2.614,-0.2716,58.2,562.26,556.71,-5.55,47DE-BDC2,1,3,DECEL,BRAKE_MORE,CONST,7.73,0,0,SIM,1
63.3,2026-09-24T13:07:27.206Z,1790255247206,49.53,57.7082,11.983883,4,1790255246906,0.3,-0.008913,-0.272697,9.834461,0,-0.2982,-0.3365,IMU,49.181,-0.3365,46.472,-0.6,-2.709,-0.2635,58.3,563.55,556.71,-6.84,47DE-BDC2,1,3,DECEL,BRAKE_MORE,CONST,7.63,0,0,SIM,1
63.4,2026-09-24T13:07:27.306Z,1790255247306,49.53,57.7082,11.983883,4,1790255246906,0.4,-0.040658,-0.336875,9.812453,0,-0.367,-0.3497,IMU,49.057,-0.3497,46.256,-0.6,-2.801,-0.2503,58.4,564.84,556.71,-8.13,47DE-BDC2,1,3,DECEL,BRAKE_MORE,CONST,7.53,0,0,SIM,1
63.5,2026-09-24T13:07:27.406Z,1790255247406,49.53,57.7082,11.983883,4,1790255246906,0.5,-0.060239,-0.334913,9.765747,0,-0.3684,-0.3578,IMU,48.929,-0.3578,46.04,-0.6,-2.889,-0.2422,58.5,566.12,556.71,-9.41,47DE-BDC2,1,3,DECEL,BRAKE_MORE,CONST,7.43,0,0,SIM,1
63.6,2026-09-24T13:07:27.506Z,1790255247506,49.53,57.7082,11.983883,4,1790255246906,0.6,-0.032456,-0.338054,9.832354,0,-0.3667,-0.3593,IMU,48.8,-0.3593,45.824,-0.6,-2.976,-0.2407,58.6,567.4,556.71,-10.69,47DE-BDC2,1,3,DECEL,BRAKE_MORE,CONST,7.33,0,0,SIM,1
63.7,2026-09-24T13:07:27.606Z,1790255247606,49.53,57.7082,11.983883,4,1790255246906,0.7,-0.053302,-0.311044,9.861933,0,-0.344,-0.3589,IMU,48.67,-0.3589,45.608,-0.6,-3.062,-0.2411,58.7,568.67,556.71,-11.96,47DE-BDC2,1,3,DECEL,BRAKE_MORE,CONST,7.23,0,0,SIM,1
63.8,2026-09-24T13:07:27.706Z,1790255247706,49.53,57.7082,11.983883,4,1790255246906,0.8,-0.090228,-0.432668,9.751745,0,-0.4699,-0.3729,IMU,48.538,-0.3729,45.392,-0.6,-3.146,-0.2271,58.8,569.93,556.71,-13.22,47DE-BDC2,1,3,DECEL,BRAKE_MORE,CONST,7.13,0,0,SIM,1
63.9,2026-09-24T13:07:27.806Z,1790255247806,49.53,57.7082,11.983883,4,1790255246906,0.9,-0.077972,-0.357997,9.832983,0,-0.3945,-0.3781,IMU,48.403,-0.3781,45.176,-0.6,-3.227,-0.2219,58.9,571.19,556.71,-14.48,47DE-BDC2,1,3,DECEL,BRAKE_MORE,CONST,7.03,0,0,SIM,1
64,2026-09-24T13:07:27.906Z,1790255247906,48.106,57.708173,11.984104,4,1790255247906,0,-0.111031,-0.34732,9.809327,0,-0.3899,-0.3795,IMU,48.106,-0.3795,44.96,-0.6,-3.146,-0.2205,59,572.44,570.27,-2.17,47DE-BDC2,1,3,DECEL,BRAKE_MORE,CONST,6.93,0,0,SIM,1
64.1,2026-09-24T13:07:28.006Z,1790255248006,48.106,57.708173,11.984104,4,1790255247906,0.1,-0.075241,-0.328216,9.806613,0,-0.3647,-0.3845,IMU,47.968,-0.3845,44.744,-0.6,-3.224,-0.2155,59.1,573.69,570.27,-3.41,47DE-BDC2,1,3,DECEL,BRAKE_MORE,CONST,6.83,0,0,SIM,1
64.2,2026-09-24T13:07:28.106Z,1790255248106,48.106,57.708173,11.984104,4,1790255247906,0.2,-0.061906,-0.291047,9.841038,0,-0.3258,-0.3764,IMU,47.83,-0.3764,44.528,-0.6,-3.302,-0.2236,59.2,574.93,570.27,-4.65,47DE-BDC2,1,3,DECEL,BRAKE_MORE,CONST,6.73,0,0,SIM,1
64.3,2026-09-24T13:07:28.206Z,1790255248206,48.106,57.708173,11.984104,4,1790255247906,0.3,-0.126448,-0.351001,9.81454,0,-0.3963,-0.3725,IMU,47.696,-0.3725,44.312,-0.6,-3.384,-0.2275,59.3,576.16,570.27,-5.89,47DE-BDC2,1,3,DECEL,BRAKE_MORE,CONST,6.63,0,0,SIM,1
64.4,2026-09-24T13:07:28.306Z,1790255248306,48.106,57.708173,11.984104,4,1790255247906,0.4,-0.066145,-0.314515,9.830252,0,-0.3496,-0.3775,IMU,47.56,-0.3775,44.096,-0.6,-3.464,-0.2225,59.4,577.39,570.27,-7.12,47DE-BDC2,1,3,DECEL,BRAKE_MORE,CONST,6.53,0,0,SIM,1
64.5,2026-09-24T13:07:28.406Z,1790255248406,48.106,57.708173,11.984104,4,1790255247906,0.5,-0.086716,-0.327183,9.825023,0,-0.3658,-0.3809,IMU,47.423,-0.3809,43.88,-0.6,-3.543,-0.2191,59.5,578.61,570.27,-8.34,47DE-BDC2,1,3,DECEL,BRAKE_MORE,CONST,6.43,0,0,SIM,1
64.6,2026-09-24T13:07:28.506Z,1790255248506,48.106,57.708173,11.984104,4,1790255247906,0.6,-0.030818,-0.360443,9.787035,0,-0.3883,-0.388,IMU,47.284,-0.388,43.664,-0.6,-3.62,-0.212,59.6,579.83,570.27,-9.55,47DE-BDC2,1,3,DECEL,BRAKE_MORE,CONST,6.33,0,0,SIM,1
64.7,2026-09-24T13:07:28.606Z,1790255248606,48.106,57.708173,11.984104,4,1790255247906,0.7,-0.071111,-0.31581,9.810761,0,-0.3517,-0.3834,IMU,47.145,-0.3834,43.448,-0.6,-3.697,-0.2166,59.7,581.04,570.27,-10.76,47DE-BDC2,1,3,DECEL,BRAKE_MORE,CONST,6.23,0,0,SIM,1
64.8,2026-09-24T13:07:28.706Z,1790255248706,48.106,57.708173,11.984104,4,1790255247906,0.8,-0.088831,-0.332035,9.807254,0,-0.3709,-0.385,IMU,47.006,-0.385,43.232,-0.6,-3.774,-0.215,59.8,582.24,570.27,-11.97,47DE-BDC2,1,3,DECEL,BRAKE_MORE,CONST,6.13,0,0,SIM,1
64.9,2026-09-24T13:07:28.806Z,1790255248806,48.106,57.708173,11.984104,4,1790255247906,0.9,-0.0373,-0.388034,9.768735,0,-0.4166,-0.3894,IMU,46.867,-0.3894,43.016,-0.6,-3.851,-0.2106,59.9,583.44,570.27,-13.17,47DE-BDC2,1,3,DECEL,BRAKE_MORE,CONST,6.03,0,0,SIM,1
65,2026-09-24T13:07:28.906Z,1790255248906,46.538,57.708147,11.984318,4,1790255248906,0,-0.032,-0.328096,9.804788,0,-0.3568,-0.3845,IMU,46.538,-0.3845,42.8,-0.6,-3.738,-0.2155,60,584.63,583.42,-1.21,47DE-BDC2,1,3,DECEL,BRAKE_MORE,CONST,5.93,0,0,SIM,1
65.1,2026-09-24T13:07:29.006Z,1790255249006,46.538,57.708147,11.984318,4,1790255248906,0.1,-0.081836,-0.34541,9.821063,0,-0.3828,-0.3869,IMU,46.399,-0.3869,42.584,-0.6,-3.815,-0.2131,60.1,585.82,583.42,-2.4,47DE-BDC2,1,3,DECEL,BRAKE_MORE,CONST,5.83,0,0,SIM,1
65.2,2026-09-24T13:07:29.106Z,1790255249106,46.538,57.708147,11.984318,4,1790255248906,0.2,-0.042492,-0.360613,9.816319,0,-0.3907,-0.3874,IMU,46.259,-0.3874,42.368,-0.6,-3.891,-0.2126,60.2,587,583.42,-3.58,47DE-BDC2,1,3,DECEL,BRAKE_MORE,CONST,5.73,0,0,SIM,1
65.3,2026-09-24T13:07:29.206Z,1790255249206,46.538,57.708147,11.984318,4,1790255248906,0.3,-0.067312,-0.336263,9.781677,0,-0.3711,-0.3909,IMU,46.119,-0.3909,42.152,-0.6,-3.967,-0.2091,60.3,588.17,583.42,-4.75,47DE-BDC2,1,3,DECEL,BRAKE_MORE,CONST,5.63,0,0,SIM,1
65.4,2026-09-24T13:07:29.306Z,1790255249306,46.538,57.708147,11.984318,4,1790255248906,0.4,-0.088018,-0.348935,9.793491,0,-0.3873,-0.3913,IMU,45.978,-0.3913,41.936,-0.6,-4.042,-0.2087,60.4,589.34,583.42,-5.92,47DE-BDC2,1,3,DECEL,BRAKE_MORE,CONST,5.53,0,0,SIM,1
65.5,2026-09-24T13:07:29.406Z,1790255249406,46.538,57.708147,11.984318,4,1790255248906,0.5,-0.025838,-0.305977,9.822801,0,-0.334,-0.3894,IMU,45.836,-0.3894,41.72,-0.6,-4.116,-0.2106,60.5,590.5,583.42,-7.08,47DE-BDC2,1,3,DECEL,BRAKE_MORE,CONST,5.43,0,0,SIM,1
65.6,2026-09-24T13:07:29.506Z,1790255249506,46.538,57.708147,11.984318,4,1790255248906,0.6,-0.106065,-0.338564,9.823522,0,-0.3804,-0.386,IMU,45.697,-0.386,41.504,-0.6,-4.193,-0.214,60.6,591.65,583.42,-8.24,47DE-BDC2,1,3,DECEL,BRAKE_MORE,CONST,5.33,0,0,SIM,1
65.7,2026-09-24T13:07:29.606Z,1790255249606,46.538,57.708147,11.984318,4,1790255248906,0.7,-0.039082,-0.332743,9.843422,0,-0.3627,-0.3803,IMU,45.56,-0.3803,41.288,-0.6,-4.272,-0.2197,60.7,592.8,583.42,-9.39,47DE-BDC2,1,3,DECEL,BRAKE_MORE,CONST,5.23,0,0,SIM,1
65.8,2026-09-24T13:07:29.706Z,1790255249706,46.538,57.708147,11.984318,4,1790255248906,0.8,-0.063793,-0.283655,9.803977,0,-0.3188,-0.3801,IMU,45.422,-0.3801,41.072,-0.6,-4.35,-0.2199,60.8,593.95,583.42,-10.53,47DE-BDC2,1,3,DECEL,BRAKE_MORE,CONST,5.13,0,0,SIM,1
65.9,2026-09-24T13:07:29.806Z,1790255249806,46.538,57.708147,11.984318,4,1790255248906,0.9,-0.105871,-0.392439,9.811043,0,-0.4333,-0.3847,IMU,45.284,-0.3847,40.856,-0.6,-4.428,-0.2153,60.9,595.09,583.42,-11.67,47DE-BDC2,1,3,DECEL,BRAKE_MORE,CONST,5.03,0,0,SIM,1
66,2026-09-24T13:07:29.906Z,1790255249906,45.521,57.708121,11.984527,4,1790255249906,0,-0.073249,-0.385017,9.836524,0,-0.4203,-0.3877,IMU,45.521,-0.3877,40.64,-0.6,-4.881,-0.2123,61,596.22,596.2,-0.02,47DE-BDC2,1,3,DECEL,BRAKE_MORE,CONST,4.93,0,0,SIM,1
66.1,2026-09-24T13:07:30.006Z,1790255250006,45.521,57.708121,11.984527,4,1790255249906,0.1,-0.049774,-0.362554,9.774287,0,-0.3938,-0.3829,IMU,45.383,-0.3829,40.424,-0.6,-4.959,-0.2171,61.1,597.34,596.2,-1.14,47DE-BDC2,1,3,DECEL,BRAKE_MORE,CONST,4.83,0,0,SIM,1
66.2,2026-09-24T13:07:30.106Z,1790255250106,45.521,57.708121,11.984527,4,1790255249906,0.2,-0.081437,-0.371034,9.859122,0,-0.408,-0.3911,IMU,45.244,-0.3911,40.208,-0.6,-5.036,-0.2089,61.2,598.46,596.2,-2.26,47DE-BDC2,1,3,DECEL,BRAKE_MORE,CONST,4.73,0,0,SIM,1
66.3,2026-09-24T13:07:30.206Z,1790255250206,45.521,57.708121,11.984527,4,1790255249906,0.3,-0.033005,-0.361927,9.810175,0,-0.3903,-0.389,IMU,45.104,-0.389,39.992,-0.6,-5.112,-0.211,61.3,599.58,596.2,-3.37,47DE-BDC2,1,3,DECEL,BRAKE_MORE,CONST,4.63,0,0,SIM,1
66.4,2026-09-24T13:07:30.306Z,1790255250306,45.521,57.708121,11.984527,4,1790255249906,0.4,-0.071451,-0.353879,9.817924,0,-0.3893,-0.3827,IMU,44.965,-0.3827,39.776,-0.6,-5.189,-0.2173,61.4,600.69,596.2,-4.48,47DE-BDC2,1,3,DECEL,BRAKE_MORE,CONST,4.53,0,0,SIM,1
66.5,2026-09-24T13:07:30.406Z,1790255250406,45.521,57.708121,11.984527,4,1790255249906,0.5,-0.041615,-0.356836,9.777597,0,-0.3867,-0.3861,IMU,44.827,-0.3861,39.56,-0.6,-5.267,-0.2139,61.5,601.79,596.2,-5.58,47DE-BDC2,1,3,DECEL,BRAKE_MORE,CONST,4.43,0,0,SIM,1
66.6,2026-09-24T13:07:30.506Z,1790255250506,45.521,57.708121,11.984527,4,1790255249906,0.6,-0.114398,-0.358344,9.840054,0,-0.4014,-0.3873,IMU,44.688,-0.3873,39.344,-0.6,-5.344,-0.2127,61.6,602.88,596.2,-6.68,47DE-BDC2,1,3,DECEL,BRAKE_MORE,CONST,4.33,0,0,SIM,1
66.7,2026-09-24T13:07:30.606Z,1790255250606,45.521,57.708121,11.984527,4,1790255249906,0.7,-0.023574,-0.376484,9.866365,0,-0.403,-0.3833,IMU,44.55,-0.3833,39.128,-0.6,-5.422,-0.2167,61.7,603.97,596.2,-7.77,47DE-BDC2,1,3,DECEL,BRAKE_MORE,CONST,4.23,0,0,SIM,1
66.8,2026-09-24T13:07:30.706Z,1790255250706,45.521,57.708121,11.984527,4,1790255249906,0.8,-0.032096,-0.362755,9.832795,0,-0.391,-0.3896,IMU,44.41,-0.3896,38.912,-0.6,-5.498,-0.2104,61.8,605.06,596.2,-8.85,47DE-BDC2,1,3,DECEL,BRAKE_MORE,CONST,4.13,0,0,SIM,1
66.9,2026-09-24T13:07:30.806Z,1790255250806,45.521,57.708121,11.984527,4,1790255249906,0.9,-0.093007,-0.376961,9.839389,0,-0.4159,-0.3896,IMU,44.27,-0.3896,38.696,-0.6,-5.574,-0.2104,61.9,606.14,596.2,-9.93,47DE-BDC2,1,3,DECEL,BRAKE_MORE,CONST,4.03,0,0,SIM,1
67,2026-09-24T13:07:30.906Z,1790255250906,44.135,57.708095,11.984729,4,1790255250906,0,-0.077565,-0.348592,9.804018,0,-0.3851,-0.3918,IMU,44.135,-0.3918,38.48,-0.6,-5.655,-0.2082,62,607.21,608.66,1.45,47DE-BDC2,1,3,DECEL,BRAKE_MORE,CONST,3.93,0,0,SIM,1
67.1,2026-09-24T13:07:31.006Z,1790255251006,44.135,57.708095,11.984729,4,1790255250906,0.1,-0.054946,-0.336857,9.789889,0,-0.3695,-0.394,IMU,43.993,-0.394,38.264,-0.6,-5.729,-0.206,62.1,608.27,608.66,0.38,47DE-BDC2,1,3,DECEL,BRAKE_MORE,CONST,3.83,0,0,SIM,1
67.2,2026-09-24T13:07:31.106Z,1790255251106,44.135,57.708095,11.984729,4,1790255250906,0.2,-0.036818,-0.327141,9.778219,0,-0.3566,-0.3979,IMU,43.85,-0.3979,38.048,-0.6,-5.802,-0.2021,62.2,609.33,608.66,-0.68,47DE-BDC2,1,3,DECEL,BRAKE_MORE,CONST,3.73,0,0,SIM,1
67.3,2026-09-24T13:07:31.206Z,1790255251206,44.135,57.708095,11.984729,4,1790255250906,0.3,-0.040348,-0.334323,9.761747,0,-0.3643,-0.3955,IMU,43.707,-0.3955,37.832,-0.6,-5.875,-0.2045,62.3,610.39,608.66,-1.73,47DE-BDC2,1,3,DECEL,BRAKE_MORE,CONST,3.63,0,0,SIM,1
67.4,2026-09-24T13:07:31.306Z,1790255251306,44.135,57.708095,11.984729,4,1790255250906,0.4,-0.078056,-0.367717,9.823782,0,-0.4041,-0.3949,IMU,43.565,-0.3949,37.616,-0.6,-5.949,-0.2051,62.4,611.43,608.66,-2.78,47DE-BDC2,1,3,DECEL,BRAKE_MORE,CONST,3.53,0,0,SIM,1
67.5,2026-09-24T13:07:31.406Z,1790255251406,44.135,57.708095,11.984729,4,1790255250906,0.5,-0.102819,-0.362244,9.813297,0,-0.4031,-0.395,IMU,43.423,-0.395,37.4,-0.6,-6.023,-0.205,62.5,612.48,608.66,-3.82,47DE-BDC2,1,3,DECEL,BRAKE_MORE,CONST,3.43,0,0,SIM,1
67.6,2026-09-24T13:07:31.506Z,1790255251506,44.135,57.708095,11.984729,4,1790255250906,0.6,-0.037236,-0.370716,9.792196,0,-0.3996,-0.3889,IMU,43.283,-0.3889,37.184,-0.6,-6.099,-0.2111,62.6,613.51,608.66,-4.86,47DE-BDC2,1,3,DECEL,BRAKE_MORE,CONST,3.33,0,0,SIM,1
67.7,2026-09-24T13:07:31.606Z,1790255251606,44.135,57.708095,11.984729,4,1790255250906,0.7,-0.063696,-0.35848,9.810733,0,-0.3924,-0.3942,IMU,43.141,-0.3942,36.968,-0.6,-6.173,-0.2058,62.7,614.54,608.66,-5.89,47DE-BDC2,1,3,DECEL,BRAKE_MORE,CONST,3.23,0,0,SIM,1
67.8,2026-09-24T13:07:31.706Z,1790255251706,44.135,57.708095,11.984729,4,1790255250906,0.8,-0.056965,-0.33494,9.862466,0,-0.3682,-0.3897,IMU,43,-0.3897,36.752,-0.6,-6.248,-0.2103,62.8,615.57,608.66,-6.91,47DE-BDC2,1,3,DECEL,BRAKE_MORE,CONST,3.13,0,0,SIM,1
67.9,2026-09-24T13:07:31.806Z,1790255251806,44.135,57.708095,11.984729,4,1790255250906,0.9,-0.092438,-0.325906,9.781459,0,-0.3654,-0.3881,IMU,42.861,-0.3881,36.536,-0.6,-6.325,-0.2119,62.9,616.58,608.66,-7.93,47DE-BDC2,1,3,DECEL,BRAKE_MORE,CONST,3.03,0,0,SIM,1
68,2026-09-24T13:07:31.906Z,1790255251906,42.901,57.70807,11.984925,4,1790255251906,0,-0.048781,-0.356915,9.779587,0,-0.3881,-0.388,IMU,42.901,-0.388,36.32,-0.6,-6.581,-0.212,63,617.6,620.74,3.15,47DE-BDC2,1,3,DECEL,BRAKE_MORE,CONST,2.93,0,0,SIM,1
68.1,2026-09-24T13:07:32.006Z,1790255252006,42.901,57.70807,11.984925,4,1790255251906,0.1,-0.068252,-0.402191,9.796478,0,-0.4362,-0.3917,IMU,42.76,-0.3917,36.104,-0.6,-6.656,-0.2083,63.1,618.6,620.74,2.14,47DE-BDC2,1,3,DECEL,BRAKE_MORE,CONST,2.83,0,0,SIM,1
68.2,2026-09-24T13:07:32.106Z,1790255252106,42.901,57.70807,11.984925,4,1790255251906,0.2,-0.078612,-0.298243,9.824539,0,-0.3358,-0.3857,IMU,42.621,-0.3857,35.888,-0.6,-6.733,-0.2143,63.2,619.6,620.74,1.14,47DE-BDC2,1,3,DECEL,BRAKE_MORE,CONST,2.73,0,0,SIM,1
68.3,2026-09-24T13:07:32.206Z,1790255252206,42.901,57.70807,11.984925,4,1790255251906,0.3,-0.090965,-0.385725,9.788264,0,-0.424,-0.3818,IMU,42.483,-0.3818,35.672,-0.6,-6.811,-0.2182,63.3,620.6,620.74,0.15,47DE-BDC2,1,3,DECEL,BRAKE_MORE,CONST,2.63,0,0,SIM,1
68.4,2026-09-24T13:07:32.306Z,1790255252306,42.901,57.70807,11.984925,4,1790255251906,0.4,-0.030278,-0.318735,9.839112,0,-0.3474,-0.3752,IMU,42.347,-0.3752,35.456,-0.6,-6.891,-0.2248,63.4,621.58,620.74,-0.84,47DE-BDC2,1,3,DECEL,BRAKE_MORE,CONST,2.53,0,0,SIM,1
68.5,2026-09-24T13:07:32.406Z,1790255252406,42.901,57.70807,11.984925,4,1790255251906,0.5,-0.054431,-0.355045,9.854094,0,-0.3875,-0.3756,IMU,42.211,-0.3756,35.24,-0.6,-6.971,-0.2244,63.5,622.57,620.74,-1.82,47DE-BDC2,1,3,DECEL,BRAKE_MORE,CONST,2.43,0,0,SIM,1
68.6,2026-09-24T13:07:32.506Z,1790255252506,42.901,57.70807,11.984925,4,1790255251906,0.6,-0.057142,-0.338423,9.805801,0,-0.3715,-0.3824,IMU,42.074,-0.3824,35.024,-0.6,-7.05,-0.2176,63.6,623.54,620.74,-2.8,47DE-BDC2,1,3,DECEL,BRAKE_MORE,CONST,2.33,0,0,SIM,1
68.7,2026-09-24T13:07:32.606Z,1790255252606,42.901,57.70807,11.984925,4,1790255251906,0.7,-0.031626,-0.325071,9.751443,0,-0.3536,-0.3818,IMU,41.937,-0.3818,34.808,-0.6,-7.129,-0.2182,63.7,624.51,620.74,-3.77,47DE-BDC2,1,3,DECEL,BRAKE_MORE,CONST,2.23,0,0,SIM,1
68.8,2026-09-24T13:07:32.706Z,1790255252706,42.901,57.70807,11.984925,4,1790255251906,0.8,-0.089058,-0.452934,9.817316,0,-0.4899,-0.3855,IMU,41.8,-0.3855,34.592,-0.6,-7.208,-0.2145,63.8,625.48,620.74,-4.73,47DE-BDC2,1,3,DECEL,BRAKE_MORE,CONST,2.13,0,0,SIM,1
68.9,2026-09-24T13:07:32.806Z,1790255252806,42.901,57.70807,11.984925,4,1790255251906,0.9,-0.076765,-0.364685,9.803366,0,-0.4008,-0.3837,IMU,41.661,-0.3837,34.376,-0.6,-7.285,-0.2163,63.9,626.43,620.74,-5.69,47DE-BDC2,1,3,DECEL,BRAKE_MORE,CONST,2.03,0,0,SIM,1
69,2026-09-24T13:07:32.906Z,1790255252906,41.721,57.708045,11.985116,4,1790255252906,0,-0.052468,-0.302044,9.789975,0,-0.3348,-0.3767,IMU,41.721,-0.3767,34.16,-0.6,-7.561,-0.2233,64,627.39,632.5,5.11,47DE-BDC2,1,3,DECEL,BRAKE_MORE,CONST,1.93,0,0,SIM,1
69.1,2026-09-24T13:07:33.006Z,1790255253006,41.721,57.708045,11.985116,4,1790255252906,0.1,-0.040611,-0.351339,9.809369,0,-0.3812,-0.379,IMU,41.584,-0.379,33.944,-0.6,-7.64,-0.221,64.1,628.33,632.5,4.17,47DE-BDC2,1,3,DECEL,BRAKE_MORE,CONST,1.83,0,0,SIM,1
69.2,2026-09-24T13:07:33.106Z,1790255253106,41.721,57.708045,11.985116,4,1790255252906,0.2,-0.059298,-0.357825,9.807183,0,-0.3909,-0.3859,IMU,41.447,-0.3859,33.728,-0.6,-7.719,-0.2141,64.2,629.27,632.5,3.23,47DE-BDC2,1,3,DECEL,BRAKE_MORE,CONST,1.73,0,0,SIM,1
69.3,2026-09-24T13:07:33.206Z,1790255253206,41.721,57.708045,11.985116,4,1790255252906,0.3,-0.052961,-0.386145,9.838335,0,-0.4178,-0.3867,IMU,41.308,-0.3867,33.512,-0.6,-7.796,-0.2133,64.3,630.2,632.5,2.29,47DE-BDC2,1,3,DECEL,BRAKE_MORE,CONST,1.63,0,0,SIM,1
69.4,2026-09-24T13:07:33.306Z,1790255253306,41.721,57.708045,11.985116,4,1790255252906,0.4,-0.104462,-0.368369,9.788054,0,-0.4093,-0.389,IMU,41.169,-0.389,33.296,-0.6,-7.873,-0.211,64.4,631.13,632.5,1.36,47DE-BDC2,1,3,DECEL,BRAKE_MORE,CONST,1.53,0,0,SIM,1
69.5,2026-09-24T13:07:33.406Z,1790255253406,41.721,57.708045,11.985116,4,1790255252906,0.5,-0.039496,-0.391537,9.845815,0,-0.4207,-0.3877,IMU,41.029,-0.3877,33.08,-0.6,-7.949,-0.2123,64.5,632.05,632.5,0.44,47DE-BDC2,1,3,DECEL,BRAKE_MORE,CONST,1.43,0,0,SIM,1
69.6,2026-09-24T13:07:33.506Z,1790255253506,41.721,57.708045,11.985116,4,1790255252906,0.6,-0.106575,-0.367438,9.80745,0,-0.4088,-0.3895,IMU,40.889,-0.3895,32.864,-0.6,-8.025,-0.2105,64.6,632.97,632.5,-0.47,47DE-BDC2,1,3,DECEL,BRAKE_MORE,CONST,1.33,0,0,SIM,1
69.7,2026-09-24T13:07:33.606Z,1790255253606,41.721,57.708045,11.985116,4,1790255252906,0.7,-0.078967,-0.363955,9.814284,0,-0.4005,-0.3937,IMU,40.748,-0.3937,32.648,-0.6,-8.1,-0.2063,64.7,633.88,632.5,-1.38,47DE-BDC2,1,3,DECEL,BRAKE_MORE,CONST,1.23,0,0,SIM,1
69.8,2026-09-24T13:07:33.706Z,1790255253706,41.721,57.708045,11.985116,4,1790255252906,0.8,-0.069628,-0.314769,9.82302,0,-0.3505,-0.3902,IMU,40.607,-0.3902,32.432,-0.6,-8.175,-0.2098,64.8,634.78,632.5,-2.29,47DE-BDC2,1,3,DECEL,BRAKE_MORE,CONST,1.13,0,0,SIM,1
69.9,2026-09-24T13:07:33.806Z,1790255253806,41.721,57.708045,11.985116,4,1790255252906,0.9,-0.062741,-0.370989,9.817552,0,-0.4045,-0.3907,IMU,40.467,-0.3907,32.216,-0.6,-8.251,-0.2093,64.9,635.68,632.5,-3.19,47DE-BDC2,1,3,DECEL,BRAKE_MORE,CONST,1.03,0,0,SIM,1
70,2026-09-24T13:07:33.906Z,1790255253906,40.339,57.708021,11.9853,4,1790255253906,0,-0.064292,-0.343142,9.863734,0,-0.3775,-0.3875,IMU,40.339,-0.3875,32,-0.6,-8.339,-0.2125,65,636.57,643.89,7.32,47DE-BDC2,1,3,DECEL,BRAKE_MORE,CONST,0.93,0,0,SIM,1
70.1,2026-09-24T13:07:34.006Z,1790255254006,40.339,57.708021,11.9853,4,1790255253906,0.1,-0.138433,-0.386527,9.794423,0,-0.4333,-0.391,IMU,40.199,-0.391,31.784,-0.6,-8.415,-0.209,65.1,637.46,643.89,6.43,47DE-BDC2,1,3,DECEL,BRAKE_MORE,CONST,0.83,0,0,SIM,1
70.2,2026-09-24T13:07:34.106Z,1790255254106,40.339,57.708021,11.9853,4,1790255253906,0.2,-0.083603,-0.328713,9.767157,0,-0.3665,-0.3872,IMU,40.059,-0.3872,31.568,-0.6,-8.491,-0.2128,65.2,638.34,643.89,5.55,47DE-BDC2,1,3,DECEL,BRAKE_MORE,CONST,0.73,0,0,SIM,1
70.3,2026-09-24T13:07:34.206Z,1790255254206,40.339,57.708021,11.9853,4,1790255253906,0.3,-0.086163,-0.400589,9.781353,0,-0.4377,-0.3864,IMU,39.92,-0.3864,31.352,-0.6,-8.568,-0.2136,65.3,639.21,643.89,4.68,47DE-BDC2,1,3,DECEL,BRAKE_MORE,CONST,0.63,0,0,SIM,1
70.4,2026-09-24T13:07:34.306Z,1790255254306,40.339,57.708021,11.9853,4,1790255253906,0.4,-0.091315,-0.331636,9.824789,0,-0.3709,-0.385,IMU,39.781,-0.385,31.136,-0.6,-8.645,-0.215,65.4,640.08,643.89,3.81,47DE-BDC2,1,3,DECEL,BRAKE_MORE,CONST,0.53,0,0,SIM,1
70.5,2026-09-24T13:07:34.406Z,1790255254406,40.339,57.708021,11.9853,4,1790255253906,0.5,-0.108135,-0.320809,9.791608,0,-0.3632,-0.3821,IMU,39.643,-0.3821,30.92,-0.6,-8.723,-0.2179,65.5,640.94,643.89,2.95,47DE-BDC2,1,3,DECEL,BRAKE_MORE,CONST,0.43,0,0,SIM,1
70.6,2026-09-24T13:07:34.506Z,1790255254506,40.339,57.708021,11.9853,4,1790255253906,0.6,-0.053563,-0.378077,9.833695,0,-0.4099,-0.3911,IMU,39.503,-0.3911,30.704,-0.6,-8.799,-0.2089,65.6,641.8,643.89,2.09,47DE-BDC2,1,3,DECEL,BRAKE_MORE,CONST,0.33,0,0,SIM,1
70.7,2026-09-24T13:07:34.606Z,1790255254606,40.339,57.708021,11.9853,4,1790255253906,0.7,-0.020524,-0.360034,9.823251,0,-0.3862,-0.3938,IMU,39.362,-0.3938,30.488,-0.6,-8.874,-0.2062,65.7,642.65,643.89,1.24,47DE-BDC2,1,3,DECEL,BRAKE_MORE,CONST,0.23,0,0,SIM,1
70.8,2026-09-24T13:07:34.706Z,1790255254706,40.339,57.708021,11.9853,4,1790255253906,0.8,-0.087073,-0.377338,9.812599,0,-0.4151,-0.3973,IMU,39.22,-0.3973,30.272,-0.6,-8.948,-0.2027,65.8,643.49,643.89,0.4,47DE-BDC2,1,3,DECEL,BRAKE_MORE,CONST,0.13,0,0,SIM,1
70.9,2026-09-24T13:07:34.806Z,1790255254806,40.339,57.708021,11.9853,4,1790255253906,0.9,-0.093617,-0.367552,9.760677,0,-0.4065,-0.3986,IMU,39.076,-0.3986,30.056,-0.6,-9.02,-0.2014,65.9,644.33,643.89,-0.44,47DE-BDC2,1,3,DECEL,BRAKE_MORE,CONST,0.03,0,0,SIM,1
71,2026-09-24T13:07:34.906Z,1790255254906,38.611,57.707997,11.985478,4,1790255254906,0,-0.068545,-0.323806,9.827348,0,-0.3592,-0.3918,IMU,38.611,-0.3918,30,0,-8.611,0.3918,66,645.16,654.86,9.69,47DE-BDC2,1,3,CONST,BRAKE,DECEL,9.93,0,0,SIM,1
71.1,2026-09-24T13:07:35.006Z,1790255255006,38.611,57.707997,11.985478,4,1790255254906,0.1,-0.083943,-0.563529,9.80952,0,-0.5977,-0.4287,IMU,38.464,-0.4287,30,0,-8.464,0.4287,66.1,646,654.86,8.86,47DE-BDC2,1,3,CONST,BRAKE,DECEL,9.83,0,0,SIM,1
71.2,2026-09-24T13:07:35.106Z,1790255255106,38.611,57.707997,11.985478,4,1790255254906,0.2,-0.112673,-0.77395,9.823652,0,-0.81,-0.518,IMU,38.291,-0.518,30,0,-8.291,0.518,66.2,646.83,654.86,8.03,47DE-BDC2,1,3,CONST,BRAKE,DECEL,9.73,0,0,SIM,1
71.3,2026-09-24T13:07:35.206Z,1790255255206,38.611,57.707997,11.985478,4,1790255254906,0.3,-0.160565,-0.89314,9.830602,0,-0.9358,-0.6233,IMU,38.082,-0.6233,30,0,-8.082,0.6233,66.3,647.66,654.86,7.19,47DE-BDC2,1,3,CONST,BRAKE,DECEL,9.63,0,0,SIM,1
71.4,2026-09-24T13:07:35.306Z,1790255255306,38.611,57.707997,11.985478,4,1790255254906,0.4,-0.143136,-1.071002,9.770554,0,-1.1075,-0.7425,IMU,37.832,-0.7425,30,0,-7.832,0.7425,66.4,648.5,654.86,6.36,47DE-BDC2,1,3,CONST,BRAKE,DECEL,9.53,0,0,SIM,1
71.5,2026-09-24T13:07:35.406Z,1790255255406,38.611,57.707997,11.985478,4,1790255254906,0.5,-0.250728,-1.169969,9.749095,0,-1.224,-0.863,IMU,37.538,-0.863,30,0,-7.538,0.863,66.5,649.33,654.86,5.53,47DE-BDC2,1,3,CONST,BRAKE,DECEL,9.43,0,0,SIM,1
71.6,2026-09-24T13:07:35.506Z,1790255255506,38.611,57.707997,11.985478,4,1790255254906,0.6,-0.198695,-1.222286,9.858843,0,-1.2666,-0.9651,IMU,37.205,-0.9651,30,0,-7.205,0.9651,66.6,650.16,654.86,4.69,47DE-BDC2,1,3,CONST,BRAKE,DECEL,9.33,0,0,SIM,1
71.7,2026-09-24T13:07:35.606Z,1790255255606,38.611,57.707997,11.985478,4,1790255254906,0.7,-0.221578,-1.241662,9.779723,0,-1.2895,-1.0521,IMU,36.838,-1.0521,30,0,-6.838,1.0521,66.7,651,654.86,3.86,47DE-BDC2,1,3,CONST,BRAKE,DECEL,9.23,0,0,SIM,1
71.8,2026-09-24T13:07:35.706Z,1790255255706,38.611,57.707997,11.985478,4,1790255254906,0.8,-0.249631,-1.273565,9.768506,0,-1.3258,-1.1185,IMU,36.444,-1.1185,30,0,-6.444,1.1185,66.8,651.83,654.86,3.03,47DE-BDC2,1,3,CONST,BRAKE,DECEL,9.13,0,0,SIM,1
71.9,2026-09-24T13:07:35.806Z,1790255255806,38.611,57.707997,11.985478,4,1790255254906,0.9,-0.217998,-1.202259,9.791192,0,-1.2501,-1.1669,IMU,36.029,-1.1669,30,0,-6.029,1.1669,66.9,652.66,654.86,2.19,47DE-BDC2,1,3,CONST,BRAKE,DECEL,9.03,0,0,SIM,1
72,2026-09-24T13:07:35.906Z,1790255255906,35.8,57.707974,11.985646,4,1790255255906,0,-0.23559,-1.228254,9.826913,0,-1.2789,-1.1986,IMU,35.8,-1.1986,30,0,-5.8,1.1986,67,653.5,665.19,11.7,47DE-BDC2,1,3,CONST,BRAKE,DECEL,8.93,0,0,SIM,1
72.1,2026-09-24T13:07:36.006Z,1790255256006,35.8,57.707974,11.985646,4,1790255255906,0.1,-0.251628,-1.253728,9.785433,0,-1.3067,-1.2207,IMU,35.364,-1.2207,30,0,-5.364,1.2207,67.1,654.33,665.19,10.86,47DE-BDC2,1,3,CONST,BRAKE,DECEL,8.83,0,0,SIM,1
72.2,2026-09-24T13:07:36.106Z,1790255256106,35.8,57.707974,11.985646,4,1790255255906,0.2,-0.254499,-1.171374,9.824993,0,-1.2263,-1.2215,IMU,34.924,-1.2215,30,0,-4.924,1.2215,67.2,655.16,665.19,10.03,47DE-BDC2,1,3,CONST,BRAKE,DECEL,8.73,0,0,SIM,1
72.3,2026-09-24T13:07:36.206Z,1790255256206,35.8,57.707974,11.985646,4,1790255255906,0.3,-0.231482,-1.140039,9.847039,0,-1.1914,-1.2149,IMU,34.486,-1.2149,30,0,-4.486,1.2149,67.3,656,665.19,9.2,47DE-BDC2,1,3,CONST,BRAKE,DECEL,8.63,0,0,SIM,1
72.4,2026-09-24T13:07:36.306Z,1790255256306,35.8,57.707974,11.985646,4,1790255255906,0.4,-0.119202,-1.055021,9.81659,0,-1.0877,-1.1903,IMU,34.053,-1.1903,30,0,-4.053,1.1903,67.4,656.83,665.19,8.36,47DE-BDC2,1,3,CONST,BRAKE,DECEL,8.53,0,0,SIM,1
72.5,2026-09-24T13:07:36.406Z,1790255256406,35.8,57.707974,11.985646,4,1790255255906,0.5,-0.141859,-0.972427,9.814526,0,-1.0105,-1.1507,IMU,33.633,-1.1507,30,0,-3.633,1.1507,67.5,657.66,665.19,7.53,47DE-BDC2,1,3,CONST,BRAKE,DECEL,8.43,0,0,SIM,1
72.6,2026-09-24T13:07:36.506Z,1790255256506,35.8,57.707974,11.985646,4,1790255255906,0.6,-0.145303,-0.92646,9.83554,0,-0.9659,-1.1123,IMU,33.226,-1.1123,30,0,-3.226,1.1123,67.6,658.5,665.19,6.7,47DE-BDC2,1,3,CONST,BRAKE,DECEL,8.33,0,0,SIM,1
72.7,2026-09-24T13:07:36.606Z,1790255256606,35.8,57.707974,11.985646,4,1790255255906,0.7,-0.122049,-0.852121,9.783022,0,-0.8885,-1.0595,IMU,32.837,-1.0595,30,0,-2.837,1.0595,67.7,659.33,665.19,5.86,47DE-BDC2,1,3,CONST,BRAKE,DECEL,8.23,0,0,SIM,1
72.8,2026-09-24T13:07:36.706Z,1790255256706,35.8,57.707974,11.985646,4,1790255255906,0.8,-0.088255,-0.767752,9.851389,0,-0.7997,-1.0101,IMU,32.465,-1.0101,30,0,-2.465,1.0101,67.8,660.16,665.19,5.03,47DE-BDC2,1,3,CONST,BRAKE,DECEL,8.13,0,0,SIM,1
72.9,2026-09-24T13:07:36.806Z,1790255256806,35.8,57.707974,11.985646,4,1790255255906,0.9,-0.145034,-0.817235,9.816724,0,-0.8583,-0.9599,IMU,32.113,-0.9599,30,0,-2.113,0.9599,67.9,661,665.19,4.2,47DE-BDC2,1,3,CONST,BRAKE,DECEL,8.03,0,0,SIM,1
73,2026-09-24T13:07:36.906Z,1790255256906,31.663,57.707954,11.985795,4,1790255256906,0,-0.060672,-0.644369,9.809331,0,-0.6732,-0.896,IMU,31.663,-0.896,30,0,-1.663,0.896,68,661.83,674.56,12.73,47DE-BDC2,1,3,CONST,BRAKE,DECEL,7.93,0,0,SIM,1
73.1,2026-09-24T13:07:37.006Z,1790255257006,31.663,57.707954,11.985795,4,1790255256906,0.1,-0.16432,-0.628583,9.874089,0,-0.6762,-0.8374,IMU,31.354,-0.8374,30,0,-1.354,0.8374,68.1,662.66,674.56,11.9,47DE-BDC2,1,3,CONST,BRAKE,DECEL,7.83,0,0,SIM,1
73.2,2026-09-24T13:07:37.106Z,1790255257106,31.663,57.707954,11.985795,4,1790255256906,0.2,-0.106629,-0.610035,9.840781,0,-0.6477,-0.778,IMU,31.066,-0.778,30,0,-1.066,0.778,68.2,663.5,674.56,11.07,47DE-BDC2,1,3,CONST,BRAKE,DECEL,7.73,0,0,SIM,1
73.3,2026-09-24T13:07:37.206Z,1790255257206,31.663,57.707954,11.985795,4,1790255256906,0.3,-0.095626,-0.541614,9.771787,0,-0.5782,-0.7145,IMU,30.8,-0.7145,30,0,-0.8,0.7145,68.3,664.33,674.56,10.23,47DE-BDC2,1,3,CONST,BRAKE,DECEL,7.63,1,0,SIM,1
73.4,2026-09-24T13:07:37.306Z,1790255257306,31.663,57.707954,11.985795,4,1790255256906,0.4,-0.096754,-0.443575,9.871515,0,-0.4822,-0.6523,IMU,30.556,-0.6523,30,0,-0.556,0.6523,68.4,665.16,674.56,9.4,47DE-BDC2,1,3,CONST,BRAKE,DECEL,7.53,1,0,SIM,1
73.5,2026-09-24T13:07:37.406Z,1790255257406,31.663,57.707954,11.985795,4,1790255256906,0.5,-0.10305,-0.357531,9.848599,0,-0.3985,-0.5926,IMU,30.334,-0.5926,30,0,-0.334,0.5926,68.5,666,674.56,8.57,47DE-BDC2,1,3,CONST,HOLD,DECEL,7.43,1,0,SIM,1
73.6,2026-09-24T13:07:37.506Z,1790255257506,31.663,57.707954,11.985795,4,1790255256906,0.6,-0.016388,-0.367539,9.807159,0,-0.393,-0.5316,IMU,30.134,-0.5316,30,0,-0.134,0.5316,68.6,666.83,674.56,7.73,47DE-BDC2,1,3,CONST,HOLD,DECEL,7.33,1,0,SIM,1
73.7,2026-09-24T13:07:37.606Z,1790255257606,31.663,57.707954,11.985795,4,1790255256906,0.7,-0.09352,-0.294373,9.760243,0,-0.3344,-0.482,IMU,29.953,-0.482,30,0,0.047,0.482,68.7,667.66,674.56,6.9,47DE-BDC2,1,3,CONST,HOLD,DECEL,7.23,1,0,SIM,1
73.8,2026-09-24T13:07:37.706Z,1790255257706,31.663,57.707954,11.985795,4,1790255256906,0.8,-0.087389,-0.23619,9.791115,0,-0.2761,-0.4284,IMU,29.791,-0.4284,30,0,0.209,0.4284,68.8,668.5,674.56,6.07,47DE-BDC2,1,3,CONST,HOLD,DECEL,7.13,1,0,SIM,1
73.9,2026-09-24T13:07:37.806Z,1790255257806,31.663,57.707954,11.985795,4,1790255256906,0.9,-0.045616,-0.1995,9.794464,0,-0.2327,-0.3788,IMU,29.648,-0.3788,30,0,0.352,0.3788,68.9,669.33,674.56,5.23,47DE-BDC2,1,3,CONST,HOLD,DECEL,7.03,1,0,SIM,1
74,2026-09-24T13:07:37.906Z,1790255257906,30.061,57.707934,11.985933,4,1790255257906,0,-0.019939,-0.153033,9.858091,0,-0.1826,-0.3327,IMU,30.061,-0.3327,30,0,-0.061,0.3327,69,670.16,683.14,12.97,47DE-BDC2,1,3,CONST,HOLD,DECEL,6.93,1,0,SIM,1
74.1,2026-09-24T13:07:38.006Z,1790255258006,30.061,57.707934,11.985933,4,1790255257906,0.1,-0.075086,-0.180594,9.823753,0,-0.2193,-0.2933,IMU,29.95,-0.2933,30,0,0.05,0.2933,69.1,671,683.14,12.14,47DE-BDC2,1,3,CONST,HOLD,DECEL,6.83,1,0,SIM,1
74.2,2026-09-24T13:07:38.106Z,1790255258106,30.061,57.707934,11.985933,4,1790255257906,0.2,-0.022534,-0.115741,9.818323,0,-0.1462,-0.2601,IMU,29.851,-0.2601,30,0,0.149,0.2601,69.2,671.83,683.14,11.31,47DE-BDC2,1,3,CONST,HOLD,DECEL,6.73,1,0,SIM,1
74.3,2026-09-24T13:07:38.206Z,1790255258206,30.061,57.707934,11.985933,4,1790255257906,0.3,-0.014857,-0.073808,9.778001,0,-0.1035,-0.222,IMU,29.766,-0.222,30,0,0.234,0.222,69.3,672.66,683.14,10.47,47DE-BDC2,1,3,CONST,HOLD,DECEL,6.63,1,0,SIM,1
74.4,2026-09-24T13:07:38.306Z,1790255258306,30.061,57.707934,11.985933,4,1790255257906,0.4,-0.009288,-0.074197,9.779667,0,-0.1029,-0.1876,IMU,29.694,-0.1876,30,0,0.306,0.1876,69.4,673.5,683.14,9.64,47DE-BDC2,1,3,CONST,HOLD,DECEL,6.53,1,0,SIM,1
74.5,2026-09-24T13:07:38.406Z,1790255258406,30.061,57.707934,11.985933,4,1790255257906,0.5,0.022684,-0.099955,9.844345,0,-0.1228,-0.167,IMU,29.632,-0.167,30,0,0.368,0.167,69.5,674.33,683.14,8.81,47DE-BDC2,1,3,CONST,HOLD,DECEL,6.43,1,0,SIM,1
74.6,2026-09-24T13:07:38.506Z,1790255258506,30.061,57.707934,11.985933,4,1790255257906,0.6,-0.019437,0.008954,9.771508,0,-0.0228,-0.1334,IMU,29.579,-0.1334,30,0,0.421,0.1334,69.6,675.16,683.14,7.97,47DE-BDC2,1,3,CONST,HOLD,DECEL,6.33,1,0,SIM,1
74.7,2026-09-24T13:07:38.606Z,1790255258606,30.061,57.707934,11.985933,4,1790255257906,0.7,-0.012684,-0.025128,9.833865,0,-0.0553,-0.1147,IMU,29.534,-0.1147,30,0,0.466,0.1147,69.7,676,683.14,7.14,47DE-BDC2,1,3,CONST,HOLD,DECEL,6.23,1,0,SIM,1
74.8,2026-09-24T13:07:38.706Z,1790255258706,30.061,57.707934,11.985933,4,1790255257906,0.8,0.051644,0.017799,9.820434,0,-0.0017,-0.0927,IMU,29.497,-0.0927,30,0,0.503,0.0927,69.8,676.83,683.14,6.31,47DE-BDC2,1,3,CONST,HOLD,DECEL,6.13,1,1,SIM,1
74.9,2026-09-24T13:07:38.806Z,1790255258806,30.061,57.707934,11.985933,4,1790255257906,0.9,0.012083,-0.049609,9.810016,0,-0.075,-0.0786,IMU,29.467,-0.0786,30,0,0.533,0.0786,69.9,677.66,683.14,5.47,47DE-BDC2,1,3,CONST,HOLD,DECEL,6.03,1,1,SIM,1
75,2026-09-24T13:07:38.906Z,1790255258906,30.072,57.707915,11.986067,4,1790255258906,0,0.042671,0.004185,9.810946,0,-0.0167,-0.0598,IMU,30.072,-0.0598,30,0,-0.072,0.0598,70,678.5,691.49,12.99,47DE-BDC2,1,3,CONST,HOLD,DECEL,5.93,1,1,SIM,1
75.1,2026-09-24T13:07:39.006Z,1790255259006,30.072,57.707915,11.986067,4,1790255258906,0.1,0.005075,0.010325,9.848619,0,-0.0174,-0.0422,IMU,30.055,-0.0422,30,0,-0.055,0.0422,70.1,679.33,691.49,12.16,47DE-BDC2,1,3,CONST,HOLD,DECEL,5.83,1,1,SIM,1
75.2,2026-09-24T13:07:39.106Z,1790255259106,30.072,57.707915,11.986067,4,1790255258906,0.2,0.022829,0.040151,9.818361,0,0.0152,-0.0303,IMU,30.042,-0.0303,30,0,-0.042,0.0303,70.2,680.16,691.49,11.32,47DE-BDC2,1,3,CONST,HOLD,DECEL,5.73,1,1,SIM,1
75.3,2026-09-24T13:07:39.206Z,1790255259206,30.072,57.707915,11.986067,4,1790255258906,0.3,-0.023566,0.050292,9.833031,0,0.017,-0.0227,IMU,30.032,-0.0227,30,0,-0.032,0.0227,70.3,681,691.49,10.49,47DE-BDC2,1,3,CONST,HOLD,DECEL,5.63,1,1,SIM,1
75.4,2026-09-24T13:07:39.306Z,1790255259306,30.072,57.707915,11.986067,4,1790255258906,0.4,-0.034799,0.038613,9.818363,0,0.0036,-0.0193,IMU,30.024,-0.0193,30,0,-0.024,0.0193,70.4,681.83,691.49,9.66,47DE-BDC2,1,3,CONST,HOLD,DECEL,5.53,1,1,SIM,1
75.5,2026-09-24T13:07:39.406Z,1790255259406,30.072,57.707915,11.986067,4,1790255258906,0.5,-0.012848,0.025005,9.818481,0,-0.006,-0.0101,IMU,30.02,-0.0101,30,0,-0.02,0.0101,70.5,682.66,691.49,8.82,47DE-BDC2,1,3,CONST,HOLD,DECEL,5.43,1,1,SIM,1
75.6,2026-09-24T13:07:39.506Z,1790255259506,30.072,57.707915,11.986067,4,1790255258906,0.6,-0.012595,0.05923,9.788046,0,0.0279,-0.0052,IMU,30.017,-0.0052,30,0,-0.017,0.0052,70.6,683.5,691.49,7.99,47DE-BDC2,1,3,CONST,HOLD,DECEL,5.33,1,1,SIM,1
75.7,2026-09-24T13:07:39.606Z,1790255259606,30.072,57.707915,11.986067,4,1790255258906,0.7,-0.059128,0.036856,9.809859,0,-0.0024,-0.0043,IMU,30.015,-0.0043,30,0,-0.015,0.0043,70.7,684.33,691.49,7.16,47DE-BDC2,1,3,CONST,HOLD,DECEL,5.23,1,1,SIM,1
75.8,2026-09-24T13:07:39.706Z,1790255259706,30.072,57.707915,11.986067,4,1790255258906,0.8,0.016582,0.010563,9.83915,0,-0.0151,-0.0047,IMU,30.014,-0.0047,30,0,-0.014,0.0047,70.8,685.16,691.49,6.32,47DE-BDC2,1,3,CONST,HOLD,DECEL,5.13,1,1,SIM,1
75.9,2026-09-24T13:07:39.806Z,1790255259806,30.072,57.707915,11.986067,4,1790255258906,0.9,0.013012,0.077197,9.821818,0,0.05,0.0018,IMU,30.013,0.0018,30,0,-0.013,-0.0018,70.9,686,691.49,5.49,47DE-BDC2,1,3,CONST,HOLD,DECEL,5.03,1,1,SIM,1
76,2026-09-24T13:07:39.906Z,1790255259906,29.671,57.707896,11.986201,4,1790255259906,0,0.041425,0.038382,9.823918,0,0.0167,0.0126,IMU,29.671,0.0126,30,0,0.329,-0.0126,71,686.83,699.79,12.96,47DE-BDC2,1,3,CONST,HOLD,DECEL,4.93,1,1,SIM,1
76.1,2026-09-24T13:07:40.006Z,1790255260006,29.671,57.707896,11.986201,4,1790255259906,0.1,0.023844,0.051146,9.797447,0,0.0263,0.0107,IMU,29.675,0.0107,30,0,0.325,-0.0107,71.1,687.66,699.79,12.12,47DE-BDC2,1,3,CONST,HOLD,DECEL,4.83,1,1,SIM,1
76.2,2026-09-24T13:07:40.106Z,1790255260106,29.671,57.707896,11.986201,4,1790255259906,0.2,0.014084,-0.009193,9.81521,0,-0.0349,0.0028,IMU,29.677,0.0028,30,0,0.323,-0.0028,71.2,688.5,699.79,11.29,47DE-BDC2,1,3,CONST,HOLD,DECEL,4.73,1,1,SIM,1
76.3,2026-09-24T13:07:40.206Z,1790255260206,29.671,57.707896,11.986201,4,1790255259906,0.3,0.003968,-0.007771,9.850438,0,-0.0354,-0.004,IMU,29.676,-0.004,30,0,0.324,0.004,71.3,689.33,699.79,10.46,47DE-BDC2,1,3,CONST,HOLD,DECEL,4.63,1,1,SIM,1
76.4,2026-09-24T13:07:40.306Z,1790255260306,29.671,57.707896,11.986201,4,1790255259906,0.4,0.015111,0.000424,9.807265,0,-0.0252,-0.0015,IMU,29.676,-0.0015,30,0,0.324,0.0015,71.4,690.16,699.79,9.62,47DE-BDC2,1,3,CONST,HOLD,DECEL,4.53,1,1,SIM,1
76.5,2026-09-24T13:07:40.406Z,1790255260406,29.671,57.707896,11.986201,4,1790255259906,0.5,0.002421,0.015105,9.771875,0,-0.0129,0.0031,IMU,29.677,0.0031,30,0,0.323,-0.0031,71.5,691,699.79,8.79,47DE-BDC2,1,3,CONST,HOLD,DECEL,4.43,1,1,SIM,1
76.6,2026-09-24T13:07:40.506Z,1790255260506,29.671,57.707896,11.986201,4,1790255259906,0.6,0.014874,0.013584,9.801212,0,-0.0123,0.0006,IMU,29.678,0.0006,30,0,0.322,-0.0006,71.6,691.83,699.79,7.96,47DE-BDC2,1,3,CONST,HOLD,DECEL,4.33,1,1,SIM,1
76.7,2026-09-24T13:07:40.606Z,1790255260606,29.671,57.707896,11.986201,4,1790255259906,0.7,-0.015422,0.037402,9.809232,0,0.0058,0.0015,IMU,29.679,0.0015,30,0,0.321,-0.0015,71.7,692.66,699.79,7.12,47DE-BDC2,1,3,CONST,HOLD,DECEL,4.23,1,1,SIM,1
76.8,2026-09-24T13:07:40.706Z,1790255260706,29.671,57.707896,11.986201,4,1790255259906,0.8,0.030482,0.006267,9.832998,0,-0.0169,0.0007,IMU,29.68,0.0007,30,0,0.32,-0.0007,71.8,693.5,699.79,6.29,47DE-BDC2,1,3,CONST,HOLD,DECEL,4.13,1,1,SIM,1
76.9,2026-09-24T13:07:40.806Z,1790255260806,29.671,57.707896,11.986201,4,1790255259906,0.9,0.01993,0.090122,9.798594,0,0.064,0.0101,IMU,29.682,0.0101,30,0,0.318,-0.0101,71.9,694.33,699.79,5.46,47DE-BDC2,1,3,CONST,HOLD,DECEL,4.03,1,1,SIM,1
77,2026-09-24T13:07:40.906Z,1790255260906,29.723,57.707876,11.986336,4,1790255260906,0,0.029234,-0.042528,9.755996,0,-0.0649,-0.0004,IMU,29.723,-0.0004,30,0,0.277,0.0004,72,695.16,708.04,12.87,47DE-BDC2,1,3,CONST,HOLD,DECEL,3.93,1,1,SIM,1
77.1,2026-09-24T13:07:41.006Z,1790255261006,29.723,57.707876,11.986336,4,1790255260906,0.1,0.029093,0.017469,9.820024,0,-0.006,-0.005,IMU,29.721,-0.005,30,0,0.279,0.005,72.1,696,708.04,12.04,47DE-BDC2,1,3,CONST,HOLD,DECEL,3.83,1,1,SIM,1
77.2,2026-09-24T13:07:41.106Z,1790255261106,29.723,57.707876,11.986336,4,1790255260906,0.2,0.025688,0.052054,9.872873,0,0.0273,-0.0003,IMU,29.72,-0.0003,30,0,0.28,0.0003,72.2,696.83,708.04,11.2,47DE-BDC2,1,3,CONST,HOLD,DECEL,3.73,1,1,SIM,1
77.3,2026-09-24T13:07:41.206Z,1790255261206,29.723,57.707876,11.986336,4,1790255260906,0.3,-0.005195,0.084359,9.866413,0,0.0537,0.001,IMU,29.72,0.001,30,0,0.28,-0.001,72.3,697.66,708.04,10.37,47DE-BDC2,1,3,CONST,HOLD,DECEL,3.63,1,1,SIM,1
77.4,2026-09-24T13:07:41.306Z,1790255261306,29.723,57.707876,11.986336,4,1790255260906,0.4,0.032049,0.062845,9.822941,0,0.0392,0.0041,IMU,29.721,0.0041,30,0,0.279,-0.0041,72.4,698.5,708.04,9.54,47DE-BDC2,1,3,CONST,HOLD,DECEL,3.53,1,1,SIM,1
77.5,2026-09-24T13:07:41.406Z,1790255261406,29.723,57.707876,11.986336,4,1790255260906,0.5,-0.042318,0.069249,9.801237,0,0.0325,0.003,IMU,29.721,0.003,30,0,0.279,-0.003,72.5,699.33,708.04,8.7,47DE-BDC2,1,3,CONST,HOLD,DECEL,3.43,1,1,SIM,1
77.6,2026-09-24T13:07:41.506Z,1790255261506,29.723,57.707876,11.986336,4,1790255260906,0.6,0.001261,-0.009516,9.822777,0,-0.0375,-0.0006,IMU,29.722,-0.0006,30,0,0.278,0.0006,72.6,700.16,708.04,7.87,47DE-BDC2,1,3,CONST,HOLD,DECEL,3.33,1,1,SIM,1
77.7,2026-09-24T13:07:41.606Z,1790255261606,29.723,57.707876,11.986336,4,1790255260906,0.7,0.030718,0.029238,9.801156,0,0.0059,-0.0088,IMU,29.719,-0.0088,30,0,0.281,0.0088,72.7,701,708.04,7.04,47DE-BDC2,1,3,CONST,HOLD,DECEL,3.23,1,1,SIM,1
77.8,2026-09-24T13:07:41.706Z,1790255261706,29.723,57.707876,11.986336,4,1790255260906,0.8,0.035697,-0.004855,9.867127,0,-0.027,-0.0105,IMU,29.716,-0.0105,30,0,0.284,0.0105,72.8,701.83,708.04,6.2,47DE-BDC2,1,3,CONST,HOLD,DECEL,3.13,1,1,SIM,1
77.9,2026-09-24T13:07:41.806Z,1790255261806,29.723,57.707876,11.986336,4,1790255260906,0.9,-0.028397,0.002268,9.798957,0,-0.031,-0.0081,IMU,29.714,-0.0081,30,0,0.286,0.0081,72.9,702.66,708.04,5.37,47DE-BDC2,1,3,CONST,HOLD,DECEL,3.03,1,1,SIM,1
78,2026-09-24T13:07:41.906Z,1790255261906,29.97,57.707856,11.986471,4,1790255261906,0,-0.021845,-0.028889,9.855019,0,-0.0607,-0.0137,IMU,29.97,-0.0137,30,0,0.03,0.0137,73,703.5,716.33,12.83,47DE-BDC2,1,3,CONST,HOLD,DECEL,2.93,1,1,SIM,1
78.1,2026-09-24T13:07:42.006Z,1790255262006,29.97,57.707856,11.986471,4,1790255261906,0.1,-0.012875,0.00748,9.850018,0,-0.0233,-0.016,IMU,29.965,-0.016,30,0,0.035,0.016,73.1,704.33,716.33,12,47DE-BDC2,1,3,CONST,HOLD,DECEL,2.83,1,1,SIM,1
78.2,2026-09-24T13:07:42.106Z,1790255262106,29.97,57.707856,11.986471,4,1790255261906,0.2,0.062222,0.063706,9.849067,0,0.0452,-0.0113,IMU,29.96,-0.0113,30,0,0.04,0.0113,73.2,705.16,716.33,11.16,47DE-BDC2,1,3,CONST,HOLD,DECEL,2.73,1,1,SIM,1
78.3,2026-09-24T13:07:42.206Z,1790255262206,29.97,57.707856,11.986471,4,1790255261906,0.3,-0.063811,-0.031981,9.868,0,-0.0711,-0.0151,IMU,29.956,-0.0151,30,0,0.044,0.0151,73.3,706,716.33,10.33,47DE-BDC2,1,3,CONST,HOLD,DECEL,2.63,1,1,SIM,1
78.4,2026-09-24T13:07:42.306Z,1790255262306,29.97,57.707856,11.986471,4,1790255261906,0.4,-0.018533,0.006237,9.801569,0,-0.0254,-0.0173,IMU,29.95,-0.0173,30,0,0.05,0.0173,73.4,706.83,716.33,9.5,47DE-BDC2,1,3,CONST,HOLD,DECEL,2.53,1,1,SIM,1
78.5,2026-09-24T13:07:42.406Z,1790255262406,29.97,57.707856,11.986471,4,1790255261906,0.5,0.010877,0.002596,9.812327,0,-0.0238,-0.0208,IMU,29.943,-0.0208,30,0,0.057,0.0208,73.5,707.66,716.33,8.66,47DE-BDC2,1,3,CONST,HOLD,DECEL,2.43,1,1,SIM,1
78.6,2026-09-24T13:07:42.506Z,1790255262506,29.97,57.707856,11.986471,4,1790255261906,0.6,0.025324,-0.018467,9.816264,0,-0.0421,-0.0278,IMU,29.933,-0.0278,30,0,0.067,0.0278,73.6,708.5,716.33,7.83,47DE-BDC2,1,3,CONST,HOLD,DECEL,2.33,1,1,SIM,1
78.7,2026-09-24T13:07:42.606Z,1790255262606,29.97,57.707856,11.986471,4,1790255261906,0.7,-0.017296,-0.045191,9.869145,0,-0.076,-0.0307,IMU,29.924,-0.0307,30,0,0.076,0.0307,73.7,709.33,716.33,7,47DE-BDC2,1,3,CONST,HOLD,DECEL,2.23,1,1,SIM,1
78.8,2026-09-24T13:07:42.706Z,1790255262706,29.97,57.707856,11.986471,4,1790255261906,0.8,0.067291,-0.017585,9.789097,0,-0.0338,-0.0286,IMU,29.913,-0.0286,30,0,0.087,0.0286,73.8,710.16,716.33,6.16,47DE-BDC2,1,3,CONST,HOLD,DECEL,2.13,1,1,SIM,1
78.9,2026-09-24T13:07:42.806Z,1790255262806,29.97,57.707856,11.986471,4,1790255261906,0.9,0.029358,0.040351,9.787555,0,0.0166,-0.0253,IMU,29.903,-0.0253,30,0,0.097,0.0253,73.9,711,716.33,5.33,47DE-BDC2,1,3,CONST,HOLD,DECEL,2.03,1,1,SIM,1
79,2026-09-24T13:07:42.906Z,1790255262906,29.911,57.707836,11.986606,4,1790255262906,0,0.020279,0.001311,9.835004,0,-0.0235,-0.0292,IMU,29.911,-0.0292,30,0,0.089,0.0292,74,711.83,724.64,12.81,47DE-BDC2,1,3,CONST,HOLD,DECEL,1.93,1,1,SIM,1
79.1,2026-09-24T13:07:43.006Z,1790255263006,29.911,57.707836,11.986606,4,1790255262906,0.1,0.024087,-0.029394,9.814321,0,-0.053,-0.0266,IMU,29.902,-0.0266,30,0,0.098,0.0266,74.1,712.66,724.64,11.98,47DE-BDC2,1,3,CONST,HOLD,DECEL,1.83,1,1,SIM,1
79.2,2026-09-24T13:07:43.106Z,1790255263106,29.911,57.707836,11.986606,4,1790255262906,0.2,-0.019561,0.003185,9.790505,0,-0.0285,-0.0286,IMU,29.892,-0.0286,30,0,0.108,0.0286,74.2,713.5,724.64,11.15,47DE-BDC2,1,3,CONST,HOLD,DECEL,1.73,1,1,SIM,1
79.3,2026-09-24T13:07:43.206Z,1790255263206,29.911,57.707836,11.986606,4,1790255262906,0.3,-0.010824,0.009918,9.800016,0,-0.0204,-0.0276,IMU,29.881,-0.0276,30,0,0.119,0.0276,74.3,714.33,724.64,10.31,47DE-BDC2,1,3,CONST,HOLD,DECEL,1.63,1,1,SIM,1
79.4,2026-09-24T13:07:43.306Z,1790255263306,29.911,57.707836,11.986606,4,1790255262906,0.4,-0.00283,-0.035607,9.818325,0,-0.0639,-0.0276,IMU,29.871,-0.0276,30,0,0.129,0.0276,74.4,715.16,724.64,9.48,47DE-BDC2,1,3,CONST,HOLD,DECEL,1.53,1,1,SIM,1
79.5,2026-09-24T13:07:43.406Z,1790255263406,29.911,57.707836,11.986606,4,1790255262906,0.5,0.022126,0.012665,9.833949,0,-0.012,-0.0254,IMU,29.861,-0.0254,30,0,0.139,0.0254,74.5,716,724.64,8.65,47DE-BDC2,1,3,CONST,HOLD,DECEL,1.43,1,1,SIM,1
79.6,2026-09-24T13:07:43.506Z,1790255263506,29.911,57.707836,11.986606,4,1790255262906,0.6,-0.018672,-0.003854,9.79371,0,-0.0353,-0.0301,IMU,29.851,-0.0301,30,0,0.149,0.0301,74.6,716.83,724.64,7.81,47DE-BDC2,1,3,CONST,HOLD,DECEL,1.33,1,1,SIM,1
79.7,2026-09-24T13:07:43.606Z,1790255263606,29.911,57.707836,11.986606,4,1790255262906,0.7,-0.043524,-0.019712,9.781631,0,-0.0553,-0.0262,IMU,29.842,-0.0262,30,0,0.158,0.0262,74.7,717.66,724.64,6.98,47DE-BDC2,1,3,CONST,HOLD,DECEL,1.23,1,1,SIM,1
79.8,2026-09-24T13:07:43.706Z,1790255263706,29.911,57.707836,11.986606,4,1790255262906,0.8,0.047233,-0.047365,9.812797,0,-0.0667,-0.0296,IMU,29.832,-0.0296,30,0,0.168,0.0296,74.8,718.5,724.64,6.15,47DE-BDC2,1,3,CONST,HOLD,DECEL,1.13,1,1,SIM,1
79.9,2026-09-24T13:07:43.806Z,1790255263806,29.911,57.707836,11.986606,4,1790255262906,0.9,-0.024072,0.024517,9.762016,0,-0.0082,-0.0326,IMU,29.82,-0.0326,30,0,0.18,0.0326,74.9,719.33,724.64,5.31,47DE-BDC2,1,3,CONST,HOLD,DECEL,1.03,1,1,SIM,1
80,2026-09-24T13:07:43.906Z,1790255263906,29.694,57.707815,11.98674,4,1790255263906,0,-0.031894,0.03086,9.776568,0,-0.0034,-0.0322,IMU,29.694,-0.0322,30,0,0.306,0.0322,75,720.16,732.92,12.76,47DE-BDC2,1,3,CONST,HOLD,DECEL,0.93,1,1,SIM,1
80.1,2026-09-24T13:07:44.006Z,1790255264006,29.694,57.707815,11.98674,4,1790255263906,0.1,-0.040151,-0.003093,9.841561,0,-0.0385,-0.0333,IMU,29.682,-0.0333,30,0,0.318,0.0333,75.1,721,732.92,11.92,47DE-BDC2,1,3,CONST,HOLD,DECEL,0.83,1,1,SIM,1
80.2,2026-09-24T13:07:44.106Z,1790255264106,29.694,57.707815,11.98674,4,1790255263906,0.2,0.040477,-0.004392,9.78303,0,-0.0254,-0.032,IMU,29.67,-0.032,30,0,0.33,0.032,75.2,721.83,732.92,11.09,47DE-BDC2,1,3,CONST,HOLD,DECEL,0.73,1,1,SIM,1
80.3,2026-09-24T13:07:44.206Z,1790255264206,29.694,57.707815,11.98674,4,1790255263906,0.3,-0.008318,0.061017,9.852884,0,0.0302,-0.0296,IMU,29.658,-0.0296,30,0,0.342,0.0296,75.3,722.66,732.92,10.26,47DE-BDC2,1,3,CONST,HOLD,DECEL,0.63,1,1,SIM,1
80.4,2026-09-24T13:07:44.306Z,1790255264306,29.694,57.707815,11.98674,4,1790255263906,0.4,0.055169,0.023965,9.757455,0,0.0051,-0.0286,IMU,29.647,-0.0286,30,0,0.353,0.0286,75.4,723.5,732.92,9.42,47DE-BDC2,1,3,CONST,HOLD,DECEL,0.53,1,1,SIM,1
80.5,2026-09-24T13:07:44.406Z,1790255264406,29.694,57.707815,11.98674,4,1790255263906,0.5,-0.011404,-0.013057,9.824299,0,-0.0432,-0.0258,IMU,29.638,-0.0258,30,0,0.362,0.0258,75.5,724.33,732.92,8.59,47DE-BDC2,1,3,CONST,HOLD,DECEL,0.43,1,1,SIM,1
80.6,2026-09-24T13:07:44.506Z,1790255264506,29.694,57.707815,11.98674,4,1790255263906,0.6,-0.018579,-0.015003,9.78089,0,-0.0462,-0.031,IMU,29.628,-0.031,30,0,0.372,0.031,75.6,725.16,732.92,7.76,47DE-BDC2,1,3,CONST,HOLD,DECEL,0.33,1,1,SIM,1
80.7,2026-09-24T13:07:44.606Z,1790255264606,29.694,57.707815,11.98674,4,1790255263906,0.7,-0.029158,-0.034556,9.776178,0,-0.0673,-0.0311,IMU,29.617,-0.0311,30,0,0.383,0.0311,75.7,726,732.92,6.92,47DE-BDC2,1,3,CONST,HOLD,DECEL,0.23,1,1,SIM,1
80.8,2026-09-24T13:07:44.706Z,1790255264706,29.694,57.707815,11.98674,4,1790255263906,0.8,-0.002796,-0.013159,9.893712,0,-0.042,-0.0341,IMU,29.606,-0.0341,30,0,0.394,0.0341,75.8,726.83,732.92,6.09,47DE-BDC2,1,3,CONST,HOLD,DECEL,0.13,1,1,SIM,1
80.9,2026-09-24T13:07:44.806Z,1790255264806,29.694,57.707815,11.98674,4,1790255263906,0.9,0.004694,0.028051,9.816967,0,0.0001,-0.0286,IMU,29.595,-0.0286,30,0,0.405,0.0286,75.9,727.66,732.92,5.26,47DE-BDC2,1,3,CONST,HOLD,DECEL,0.03,1,1,SIM,1
81,2026-09-24T13:07:44.906Z,1790255264906,29.948,57.707795,11.986875,4,1790255264906,0,-0.048851,0.006972,9.841394,0,-0.0301,-0.0299,IMU,29.948,-0.0299,29.84,-0.6,-0.108,-0.5701,76,728.5,741.21,12.71,47DE-BDC2,1,4,DECEL,BRAKE,PAUSE,13.81,1,0,SIM,1
81.1,2026-09-24T13:07:45.006Z,1790255265006,29.948,57.707795,11.986875,4,1790255264906,0.1,0.006878,-0.083149,9.8075,0,-0.1089,-0.0418,IMU,29.935,-0.0418,29.624,-0.6,-0.311,-0.5582,76.1,729.32,741.21,11.88,47DE-BDC2,1,4,DECEL,BRAKE,PAUSE,13.71,1,0,SIM,1
81.2,2026-09-24T13:07:45.106Z,1790255265106,29.948,57.707795,11.986875,4,1790255264906,0.2,-0.044661,-0.110473,9.801779,0,-0.1449,-0.0693,IMU,29.915,-0.0693,29.408,-0.6,-0.507,-0.5307,76.2,730.14,741.21,11.06,47DE-BDC2,1,4,DECEL,BRAKE,PAUSE,13.61,1,0,SIM,1
81.3,2026-09-24T13:07:45.206Z,1790255265206,29.948,57.707795,11.986875,4,1790255264906,0.3,0.007795,-0.159375,9.800644,0,-0.1838,-0.091,IMU,29.885,-0.091,29.192,-0.6,-0.693,-0.509,76.3,730.96,741.21,10.25,47DE-BDC2,1,4,DECEL,BRAKE,PAUSE,13.51,1,0,SIM,1
81.4,2026-09-24T13:07:45.306Z,1790255265306,29.948,57.707795,11.986875,4,1790255264906,0.4,-0.06741,-0.165757,9.814008,0,-0.2033,-0.1156,IMU,29.848,-0.1156,28.976,-0.6,-0.872,-0.4844,76.4,731.76,741.21,9.44,47DE-BDC2,1,4,DECEL,BRAKE,PAUSE,13.41,1,0,SIM,1
81.5,2026-09-24T13:07:45.406Z,1790255265406,29.948,57.707795,11.986875,4,1790255264906,0.5,-0.062186,-0.226203,9.853975,0,-0.262,-0.1489,IMU,29.799,-0.1489,28.76,-0.6,-1.039,-0.4511,76.5,732.57,741.21,8.64,47DE-BDC2,1,4,DECEL,BRAKE,PAUSE,13.31,0,0,SIM,1
81.6,2026-09-24T13:07:45.506Z,1790255265506,29.948,57.707795,11.986875,4,1790255264906,0.6,-0.03298,-0.223213,9.776566,0,-0.2537,-0.1762,IMU,29.74,-0.1762,28.544,-0.6,-1.196,-0.4238,76.6,733.36,741.21,7.84,47DE-BDC2,1,4,DECEL,BRAKE,PAUSE,13.21,0,0,SIM,1
81.7,2026-09-24T13:07:45.606Z,1790255265606,29.948,57.707795,11.986875,4,1790255264906,0.7,-0.071973,-0.227741,9.860225,0,-0.2653,-0.2049,IMU,29.67,-0.2049,28.328,-0.6,-1.342,-0.3951,76.7,734.15,741.21,7.05,47DE-BDC2,1,4,DECEL,BRAKE,PAUSE,13.11,0,0,SIM,1
81.8,2026-09-24T13:07:45.706Z,1790255265706,29.948,57.707795,11.986875,4,1790255264906,0.8,-0.047828,-0.242246,9.797787,0,-0.2751,-0.225,IMU,29.592,-0.225,28.112,-0.6,-1.48,-0.375,76.8,734.94,741.21,6.27,47DE-BDC2,1,4,DECEL,BRAKE,PAUSE,13.01,0,0,SIM,1
81.9,2026-09-24T13:07:45.806Z,1790255265806,29.948,57.707795,11.986875,4,1790255264906,0.9,-0.113342,-0.297556,9.808209,0,-0.3411,-0.2434,IMU,29.507,-0.2434,27.896,-0.6,-1.611,-0.3566,76.9,735.71,741.21,5.49,47DE-BDC2,1,4,DECEL,BRAKE,PAUSE,12.91,0,0,SIM,1
82,2026-09-24T13:07:45.906Z,1790255265906,29.182,57.707774,11.987008,4,1790255265906,0,-0.114507,-0.263652,9.804566,0,-0.3079,-0.2701,IMU,29.182,-0.2701,27.68,-0.6,-1.502,-0.3299,77,736.49,749.42,12.93,47DE-BDC2,1,4,DECEL,BRAKE_MORE,PAUSE,12.81,0,0,SIM,1
82.1,2026-09-24T13:07:46.006Z,1790255266006,29.182,57.707774,11.987008,4,1790255265906,0.1,-0.038255,-0.232423,9.814978,0,-0.2638,-0.2874,IMU,29.08,-0.2874,27.464,-0.6,-1.616,-0.3126,77.1,737.25,749.42,12.17,47DE-BDC2,1,4,DECEL,BRAKE_MORE,PAUSE,12.71,0,0,SIM,1
82.2,2026-09-24T13:07:46.106Z,1790255266106,29.182,57.707774,11.987008,4,1790255265906,0.2,-0.047345,-0.290997,9.731023,0,-0.3229,-0.3007,IMU,28.973,-0.3007,27.248,-0.6,-1.725,-0.2993,77.2,738.01,749.42,11.41,47DE-BDC2,1,4,DECEL,BRAKE_MORE,PAUSE,12.61,0,0,SIM,1
82.3,2026-09-24T13:07:46.206Z,1790255266206,29.182,57.707774,11.987008,4,1790255265906,0.3,-0.103926,-0.296201,9.791778,0,-0.3381,-0.3145,IMU,28.862,-0.3145,27.032,-0.6,-1.83,-0.2855,77.3,738.76,749.42,10.65,47DE-BDC2,1,4,DECEL,BRAKE_MORE,PAUSE,12.51,0,0,SIM,1
82.4,2026-09-24T13:07:46.306Z,1790255266306,29.182,57.707774,11.987008,4,1790255265906,0.4,-0.049534,-0.329076,9.790575,0,-0.3609,-0.3248,IMU,28.746,-0.3248,26.816,-0.6,-1.93,-0.2752,77.4,739.51,749.42,9.91,47DE-BDC2,1,4,DECEL,BRAKE_MORE,PAUSE,12.41,0,0,SIM,1
82.5,2026-09-24T13:07:46.406Z,1790255266406,29.182,57.707774,11.987008,4,1790255265906,0.5,-0.069581,-0.303445,9.824372,0,-0.3393,-0.333,IMU,28.627,-0.333,26.6,-0.6,-2.027,-0.267,77.5,740.25,749.42,9.16,47DE-BDC2,1,4,DECEL,BRAKE_MORE,PAUSE,12.31,0,0,SIM,1
82.6,2026-09-24T13:07:46.506Z,1790255266506,29.182,57.707774,11.987008,4,1790255265906,0.6,-0.018003,-0.323718,9.80464,0,-0.3501,-0.3403,IMU,28.506,-0.3403,26.384,-0.6,-2.122,-0.2597,77.6,740.99,749.42,8.43,47DE-BDC2,1,4,DECEL,BRAKE_MORE,PAUSE,12.21,0,0,SIM,1
82.7,2026-09-24T13:07:46.606Z,1790255266606,29.182,57.707774,11.987008,4,1790255265906,0.7,-0.053076,-0.342667,9.763014,0,-0.3748,-0.3458,IMU,28.383,-0.3458,26.168,-0.6,-2.215,-0.2542,77.7,741.72,749.42,7.7,47DE-BDC2,1,4,DECEL,BRAKE_MORE,PAUSE,12.11,0,0,SIM,1
82.8,2026-09-24T13:07:46.706Z,1790255266706,29.182,57.707774,11.987008,4,1790255265906,0.8,-0.093002,-0.354471,9.81455,0,-0.3936,-0.3553,IMU,28.257,-0.3553,25.952,-0.6,-2.305,-0.2447,77.8,742.44,749.42,6.97,47DE-BDC2,1,4,DECEL,BRAKE_MORE,PAUSE,12.01,0,0,SIM,1
82.9,2026-09-24T13:07:46.806Z,1790255266806,29.182,57.707774,11.987008,4,1790255265906,0.9,-0.069395,-0.307918,9.815368,0,-0.3436,-0.3567,IMU,28.129,-0.3567,25.736,-0.6,-2.393,-0.2433,77.9,743.16,749.42,6.26,47DE-BDC2,1,4,DECEL,BRAKE_MORE,PAUSE,11.91,0,0,SIM,1
83,2026-09-24T13:07:46.906Z,1790255266906,28.336,57.707753,11.987137,4,1790255266906,0,-0.064653,-0.333953,9.768947,0,-0.3683,-0.3613,IMU,28.336,-0.3613,25.52,-0.6,-2.816,-0.2387,78,743.87,757.41,13.53,47DE-BDC2,1,4,DECEL,BRAKE_MORE,PAUSE,11.81,0,0,SIM,1
83.1,2026-09-24T13:07:47.006Z,1790255267006,28.336,57.707753,11.987137,4,1790255266906,0.1,-0.063016,-0.334056,9.813154,0,-0.3682,-0.3618,IMU,28.206,-0.3618,25.304,-0.6,-2.902,-0.2382,78.1,744.58,757.41,12.83,47DE-BDC2,1,4,DECEL,BRAKE_MORE,PAUSE,11.71,0,0,SIM,1
83.2,2026-09-24T13:07:47.106Z,1790255267106,28.336,57.707753,11.987137,4,1790255266906,0.2,-0.037311,-0.327159,9.824306,0,-0.357,-0.3647,IMU,28.075,-0.3647,25.088,-0.6,-2.987,-0.2353,78.2,745.28,757.41,12.13,47DE-BDC2,1,4,DECEL,BRAKE_MORE,PAUSE,11.61,0,0,SIM,1
83.3,2026-09-24T13:07:47.206Z,1790255267206,28.336,57.707753,11.987137,4,1790255266906,0.3,-0.038356,-0.336227,9.848462,0,-0.3662,-0.3654,IMU,27.944,-0.3654,24.872,-0.6,-3.072,-0.2346,78.3,745.97,757.41,11.43,47DE-BDC2,1,4,DECEL,BRAKE_MORE,PAUSE,11.51,0,0,SIM,1
83.4,2026-09-24T13:07:47.306Z,1790255267306,28.336,57.707753,11.987137,4,1790255266906,0.4,-0.092103,-0.332716,9.842383,0,-0.3721,-0.3671,IMU,27.812,-0.3671,24.656,-0.6,-3.156,-0.2329,78.4,746.66,757.41,10.75,47DE-BDC2,1,4,DECEL,BRAKE_MORE,PAUSE,11.41,0,0,SIM,1
83.5,2026-09-24T13:07:47.406Z,1790255267406,28.336,57.707753,11.987137,4,1790255266906,0.5,-0.094837,-0.340613,9.819621,0,-0.3803,-0.3733,IMU,27.678,-0.3733,24.44,-0.6,-3.238,-0.2267,78.5,747.34,757.41,10.06,47DE-BDC2,1,4,DECEL,BRAKE_MORE,PAUSE,11.31,0,0,SIM,1
83.6,2026-09-24T13:07:47.506Z,1790255267506,28.336,57.707753,11.987137,4,1790255266906,0.6,-0.061764,-0.330578,9.816724,0,-0.3646,-0.3801,IMU,27.542,-0.3801,24.224,-0.6,-3.318,-0.2199,78.6,748.02,757.41,9.39,47DE-BDC2,1,4,DECEL,BRAKE_MORE,PAUSE,11.21,0,0,SIM,1
83.7,2026-09-24T13:07:47.606Z,1790255267606,28.336,57.707753,11.987137,4,1790255266906,0.7,-0.10284,-0.317742,9.787429,0,-0.3591,-0.3783,IMU,27.405,-0.3783,24.008,-0.6,-3.397,-0.2217,78.7,748.69,757.41,8.72,47DE-BDC2,1,4,DECEL,BRAKE_MORE,PAUSE,11.11,0,0,SIM,1
83.8,2026-09-24T13:07:47.706Z,1790255267706,28.336,57.707753,11.987137,4,1790255266906,0.8,-0.075503,-0.368291,9.794943,0,-0.4041,-0.3829,IMU,27.268,-0.3829,23.792,-0.6,-3.476,-0.2171,78.8,749.35,757.41,8.05,47DE-BDC2,1,4,DECEL,BRAKE_MORE,PAUSE,11.01,0,0,SIM,1
83.9,2026-09-24T13:07:47.806Z,1790255267806,28.336,57.707753,11.987137,4,1790255266906,0.9,-0.032229,-0.305893,9.846444,0,-0.3352,-0.376,IMU,27.132,-0.376,23.576,-0.6,-3.556,-0.224,78.9,750.01,757.41,7.4,47DE-BDC2,1,4,DECEL,BRAKE_MORE,PAUSE,10.91,0,0,SIM,1
84,2026-09-24T13:07:47.906Z,1790255267906,27.273,57.707734,11.98726,4,1790255267906,0,-0.068199,-0.339788,9.818499,0,-0.3748,-0.3761,IMU,27.273,-0.3761,23.36,-0.6,-3.913,-0.2239,79,750.66,765.13,14.47,47DE-BDC2,1,4,DECEL,BRAKE_MORE,PAUSE,10.81,0,0,SIM,1
84.1,2026-09-24T13:07:48.006Z,1790255268006,27.273,57.707734,11.98726,4,1790255267906,0.1,-0.062992,-0.353256,9.850148,0,-0.3872,-0.3798,IMU,27.136,-0.3798,23.144,-0.6,-3.992,-0.2202,79.1,751.31,765.13,13.82,47DE-BDC2,1,4,DECEL,BRAKE_MORE,PAUSE,10.71,0,0,SIM,1
84.2,2026-09-24T13:07:48.106Z,1790255268106,27.273,57.707734,11.98726,4,1790255267906,0.2,-0.080014,-0.405343,9.816156,0,-0.4414,-0.3859,IMU,26.999,-0.3859,22.928,-0.6,-4.071,-0.2141,79.2,751.95,765.13,13.18,47DE-BDC2,1,4,DECEL,BRAKE_MORE,PAUSE,10.61,0,0,SIM,1
84.3,2026-09-24T13:07:48.206Z,1790255268206,27.273,57.707734,11.98726,4,1790255267906,0.3,-0.067199,-0.339104,9.82715,0,-0.374,-0.3887,IMU,26.859,-0.3887,22.712,-0.6,-4.147,-0.2113,79.3,752.58,765.13,12.55,47DE-BDC2,1,4,DECEL,BRAKE_MORE,PAUSE,10.51,0,0,SIM,1
84.4,2026-09-24T13:07:48.306Z,1790255268306,27.273,57.707734,11.98726,4,1790255267906,0.4,-0.050857,-0.347687,9.816516,0,-0.3795,-0.388,IMU,26.72,-0.388,22.496,-0.6,-4.224,-0.212,79.4,753.21,765.13,11.92,47DE-BDC2,1,4,DECEL,BRAKE_MORE,PAUSE,10.41,0,0,SIM,1
84.5,2026-09-24T13:07:48.406Z,1790255268406,27.273,57.707734,11.98726,4,1790255267906,0.5,-0.064111,-0.369024,9.803456,0,-0.4028,-0.3819,IMU,26.582,-0.3819,22.28,-0.6,-4.302,-0.2181,79.5,753.83,765.13,11.3,47DE-BDC2,1,4,DECEL,BRAKE_MORE,PAUSE,10.31,0,0,SIM,1
84.6,2026-09-24T13:07:48.506Z,1790255268506,27.273,57.707734,11.98726,4,1790255267906,0.6,-0.075414,-0.369469,9.776205,0,-0.4052,-0.3851,IMU,26.444,-0.3851,22.064,-0.6,-4.38,-0.2149,79.6,754.45,765.13,10.68,47DE-BDC2,1,4,DECEL,BRAKE_MORE,PAUSE,10.21,0,0,SIM,1
84.7,2026-09-24T13:07:48.606Z,1790255268606,27.273,57.707734,11.98726,4,1790255267906,0.7,-0.052216,-0.369322,9.907526,0,-0.4013,-0.3856,IMU,26.305,-0.3856,21.848,-0.6,-4.457,-0.2144,79.7,755.06,765.13,10.07,47DE-BDC2,1,4,DECEL,BRAKE_MORE,PAUSE,10.11,0,0,SIM,1
84.8,2026-09-24T13:07:48.706Z,1790255268706,27.273,57.707734,11.98726,4,1790255267906,0.8,-0.013939,-0.388298,9.791427,0,-0.413,-0.388,IMU,26.166,-0.388,21.632,-0.6,-4.534,-0.212,79.8,755.66,765.13,9.47,47DE-BDC2,1,4,DECEL,BRAKE_MORE,PAUSE,10.01,0,0,SIM,1
84.9,2026-09-24T13:07:48.806Z,1790255268806,27.273,57.707734,11.98726,4,1790255267906,0.9,-0.024884,-0.368766,9.786075,0,-0.3956,-0.3865,IMU,26.026,-0.3865,21.416,-0.6,-4.61,-0.2135,79.9,756.26,765.13,8.87,47DE-BDC2,1,4,DECEL,BRAKE_MORE,PAUSE,9.91,0,0,SIM,1
85,2026-09-24T13:07:48.906Z,1790255268906,25.876,57.707715,11.987377,4,1790255268906,0,-0.055743,-0.349713,9.779666,0,-0.3823,-0.3828,IMU,25.876,-0.3828,21.2,-0.6,-4.676,-0.2172,80,756.85,772.51,15.66,47DE-BDC2,1,4,DECEL,BRAKE_MORE,PAUSE,9.81,0,0,SIM,1
85.1,2026-09-24T13:07:49.006Z,1790255269006,25.876,57.707715,11.987377,4,1790255268906,0.1,-0.038479,-0.341761,9.749399,0,-0.3713,-0.3819,IMU,25.738,-0.3819,20.984,-0.6,-4.754,-0.2181,80.1,757.44,772.51,15.07,47DE-BDC2,1,4,DECEL,BRAKE_MORE,PAUSE,9.71,0,0,SIM,1
85.2,2026-09-24T13:07:49.106Z,1790255269106,25.876,57.707715,11.987377,4,1790255268906,0.2,-0.057358,-0.354298,9.812415,0,-0.3872,-0.3831,IMU,25.601,-0.3831,20.768,-0.6,-4.833,-0.2169,80.2,758.02,772.51,14.49,47DE-BDC2,1,4,DECEL,BRAKE_MORE,PAUSE,9.61,0,0,SIM,1
85.3,2026-09-24T13:07:49.206Z,1790255269206,25.876,57.707715,11.987377,4,1790255268906,0.3,-0.117419,-0.39738,9.796005,0,-0.4401,-0.3868,IMU,25.462,-0.3868,20.552,-0.6,-4.91,-0.2132,80.3,758.59,772.51,13.92,47DE-BDC2,1,4,DECEL,BRAKE_MORE,PAUSE,9.51,0,0,SIM,1
85.4,2026-09-24T13:07:49.306Z,1790255269306,25.876,57.707715,11.987377,4,1790255268906,0.4,-0.018936,-0.325298,9.797214,0,-0.3518,-0.3861,IMU,25.323,-0.3861,20.336,-0.6,-4.987,-0.2139,80.4,759.16,772.51,13.35,47DE-BDC2,1,4,DECEL,BRAKE_MORE,PAUSE,9.41,0,0,SIM,1
85.5,2026-09-24T13:07:49.406Z,1790255269406,25.876,57.707715,11.987377,4,1790255268906,0.5,-0.058938,-0.356752,9.810919,0,-0.3899,-0.3901,IMU,25.184,-0.3901,20.12,-0.6,-5.064,-0.2099,80.5,759.72,772.51,12.79,47DE-BDC2,1,4,DECEL,BRAKE_MORE,PAUSE,9.31,0,0,SIM,1
85.6,2026-09-24T13:07:49.506Z,1790255269506,25.876,57.707715,11.987377,4,1790255268906,0.6,-0.092053,-0.393028,9.812845,0,-0.4314,-0.3952,IMU,25.043,-0.3952,19.904,-0.6,-5.139,-0.2048,80.6,760.28,772.51,12.23,47DE-BDC2,1,4,DECEL,BRAKE_MORE,PAUSE,9.21,0,0,SIM,1
85.7,2026-09-24T13:07:49.606Z,1790255269606,25.876,57.707715,11.987377,4,1790255268906,0.7,-0.103683,-0.382523,9.808511,0,-0.4231,-0.3906,IMU,24.902,-0.3906,19.688,-0.6,-5.214,-0.2094,80.7,760.83,772.51,11.68,47DE-BDC2,1,4,DECEL,BRAKE_MORE,PAUSE,9.11,0,0,SIM,1
85.8,2026-09-24T13:07:49.706Z,1790255269706,25.876,57.707715,11.987377,4,1790255268906,0.8,-0.073306,-0.353888,9.795959,0,-0.3895,-0.3908,IMU,24.761,-0.3908,19.472,-0.6,-5.289,-0.2092,80.8,761.37,772.51,11.14,47DE-BDC2,1,4,DECEL,BRAKE_MORE,PAUSE,9.01,0,0,SIM,1
85.9,2026-09-24T13:07:49.806Z,1790255269806,25.876,57.707715,11.987377,4,1790255268906,0.9,-0.058415,-0.379744,9.843237,0,-0.4125,-0.3917,IMU,24.62,-0.3917,19.256,-0.6,-5.364,-0.2083,80.9,761.91,772.51,10.6,47DE-BDC2,1,4,DECEL,BRAKE_MORE,PAUSE,8.91,0,0,SIM,1
86,2026-09-24T13:07:49.906Z,1790255269906,24.417,57.707696,11.987489,4,1790255269906,0,-0.054538,-0.336691,9.826609,0,-0.3694,-0.3845,IMU,24.417,-0.3845,19.04,-0.6,-5.377,-0.2155,81,762.44,779.5,17.06,47DE-BDC2,1,4,DECEL,BRAKE_MORE,PAUSE,8.81,0,0,SIM,1
86.1,2026-09-24T13:07:50.006Z,1790255270006,24.417,57.707696,11.987489,4,1790255269906,0.1,-0.104464,-0.34933,9.842415,0,-0.3906,-0.3841,IMU,24.278,-0.3841,18.824,-0.6,-5.454,-0.2159,81.1,762.97,779.5,16.53,47DE-BDC2,1,4,DECEL,BRAKE_MORE,PAUSE,8.71,0,0,SIM,1
86.2,2026-09-24T13:07:50.106Z,1790255270106,24.417,57.707696,11.987489,4,1790255269906,0.2,-0.080847,-0.402399,9.745605,0,-0.4384,-0.3955,IMU,24.138,-0.3955,18.608,-0.6,-5.53,-0.2045,81.2,763.49,779.5,16.01,47DE-BDC2,1,4,DECEL,BRAKE_MORE,PAUSE,8.61,0,0,SIM,1
86.3,2026-09-24T13:07:50.206Z,1790255270206,24.417,57.707696,11.987489,4,1790255269906,0.3,-0.041394,-0.375492,9.770646,0,-0.4051,-0.3926,IMU,23.997,-0.3926,18.392,-0.6,-5.605,-0.2074,81.3,764,779.5,15.5,47DE-BDC2,1,4,DECEL,BRAKE_MORE,PAUSE,8.51,0,0,SIM,1
86.4,2026-09-24T13:07:50.306Z,1790255270306,24.417,57.707696,11.987489,4,1790255269906,0.4,-0.04644,-0.319922,9.83182,0,-0.3515,-0.3937,IMU,23.855,-0.3937,18.176,-0.6,-5.679,-0.2063,81.4,764.51,779.5,14.99,47DE-BDC2,1,4,DECEL,BRAKE_MORE,PAUSE,8.41,0,0,SIM,1
86.5,2026-09-24T13:07:50.406Z,1790255270406,24.417,57.707696,11.987489,4,1790255269906,0.5,-0.026204,-0.33946,9.849784,0,-0.3672,-0.3904,IMU,23.713,-0.3904,17.96,-0.6,-5.753,-0.2096,81.5,765.01,779.5,14.49,47DE-BDC2,1,4,DECEL,BRAKE_MORE,PAUSE,8.31,0,0,SIM,1
86.6,2026-09-24T13:07:50.506Z,1790255270506,24.417,57.707696,11.987489,4,1790255269906,0.6,-0.017728,-0.327794,9.774459,0,-0.354,-0.3916,IMU,23.572,-0.3916,17.744,-0.6,-5.828,-0.2084,81.6,765.51,779.5,13.99,47DE-BDC2,1,4,DECEL,BRAKE_MORE,PAUSE,8.21,0,0,SIM,1
86.7,2026-09-24T13:07:50.606Z,1790255270606,24.417,57.707696,11.987489,4,1790255269906,0.7,-0.078416,-0.308909,9.766085,0,-0.346,-0.3852,IMU,23.432,-0.3852,17.528,-0.6,-5.904,-0.2148,81.7,766,779.5,13.5,47DE-BDC2,1,4,DECEL,BRAKE_MORE,PAUSE,8.11,0,0,SIM,1
86.8,2026-09-24T13:07:50.706Z,1790255270706,24.417,57.707696,11.987489,4,1790255269906,0.8,-0.062237,-0.393235,9.822906,0,-0.4264,-0.3879,IMU,23.293,-0.3879,17.312,-0.6,-5.981,-0.2121,81.8,766.48,779.5,13.02,47DE-BDC2,1,4,DECEL,BRAKE_MORE,PAUSE,8.01,0,0,SIM,1
86.9,2026-09-24T13:07:50.806Z,1790255270806,24.417,57.707696,11.987489,4,1790255269906,0.9,-0.083664,-0.352208,9.757955,0,-0.3896,-0.3902,IMU,23.153,-0.3902,17.096,-0.6,-6.057,-0.2098,81.9,766.96,779.5,12.54,47DE-BDC2,1,4,DECEL,BRAKE_MORE,PAUSE,7.91,0,0,SIM,1
87,2026-09-24T13:07:50.906Z,1790255270906,23.224,57.707679,11.987594,4,1790255270906,0,-0.054676,-0.321594,9.805531,0,-0.3545,-0.3902,IMU,23.224,-0.3902,16.88,-0.6,-6.344,-0.2098,82,767.43,786.11,18.68,47DE-BDC2,1,4,DECEL,BRAKE_MORE,PAUSE,7.81,0,0,SIM,1
87.1,2026-09-24T13:07:51.006Z,1790255271006,23.224,57.707679,11.987594,4,1790255270906,0.1,-0.057326,-0.329661,9.815634,0,-0.3629,-0.3879,IMU,23.084,-0.3879,16.664,-0.6,-6.42,-0.2121,82.1,767.9,786.11,18.22,47DE-BDC2,1,4,DECEL,BRAKE_MORE,PAUSE,7.71,0,0,SIM,1
87.2,2026-09-24T13:07:51.106Z,1790255271106,23.224,57.707679,11.987594,4,1790255270906,0.2,-0.046519,-0.35606,9.837163,0,-0.3871,-0.3806,IMU,22.946,-0.3806,16.448,-0.6,-6.498,-0.2194,82.2,768.36,786.11,17.76,47DE-BDC2,1,4,DECEL,BRAKE_MORE,PAUSE,7.61,0,0,SIM,1
87.3,2026-09-24T13:07:51.206Z,1790255271206,23.224,57.707679,11.987594,4,1790255270906,0.3,-0.003128,-0.329183,9.808957,0,-0.353,-0.3818,IMU,22.808,-0.3818,16.232,-0.6,-6.576,-0.2182,82.3,768.81,786.11,17.3,47DE-BDC2,1,4,DECEL,BRAKE_MORE,PAUSE,7.51,0,0,SIM,1
87.4,2026-09-24T13:07:51.306Z,1790255271306,23.224,57.707679,11.987594,4,1790255270906,0.4,-0.050286,-0.394856,9.801351,0,-0.4258,-0.3881,IMU,22.669,-0.3881,16.016,-0.6,-6.653,-0.2119,82.4,769.26,786.11,16.86,47DE-BDC2,1,4,DECEL,BRAKE_MORE,PAUSE,7.41,0,0,SIM,1
87.5,2026-09-24T13:07:51.406Z,1790255271406,23.224,57.707679,11.987594,4,1790255270906,0.5,-0.066645,-0.371223,9.810568,0,-0.4055,-0.3883,IMU,22.529,-0.3883,15.8,-0.6,-6.729,-0.2117,82.5,769.7,786.11,16.41,47DE-BDC2,1,4,DECEL,BRAKE_MORE,PAUSE,7.31,0,0,SIM,1
87.6,2026-09-24T13:07:51.506Z,1790255271506,23.224,57.707679,11.987594,4,1790255270906,0.6,-0.112825,-0.36636,9.828545,0,-0.4088,-0.3837,IMU,22.391,-0.3837,15.584,-0.6,-6.807,-0.2163,82.6,770.13,786.11,15.98,47DE-BDC2,1,4,DECEL,BRAKE_MORE,PAUSE,7.21,0,0,SIM,1
87.7,2026-09-24T13:07:51.606Z,1790255271606,23.224,57.707679,11.987594,4,1790255270906,0.7,-0.06486,-0.386274,9.820461,0,-0.42,-0.3851,IMU,22.252,-0.3851,15.368,-0.6,-6.884,-0.2149,82.7,770.56,786.11,15.55,47DE-BDC2,1,4,DECEL,BRAKE_MORE,PAUSE,7.11,0,0,SIM,1
87.8,2026-09-24T13:07:51.706Z,1790255271706,23.224,57.707679,11.987594,4,1790255270906,0.8,-0.055162,-0.382919,9.793367,0,-0.4149,-0.3868,IMU,22.114,-0.3868,15.152,-0.6,-6.962,-0.2132,82.8,770.99,786.11,15.12,47DE-BDC2,1,4,DECEL,BRAKE_MORE,PAUSE,7.01,0,0,SIM,1
87.9,2026-09-24T13:07:51.806Z,1790255271806,23.224,57.707679,11.987594,4,1790255270906,0.9,-0.022156,-0.380491,9.809857,0,-0.4068,-0.3947,IMU,21.973,-0.3947,14.936,-0.6,-7.037,-0.2053,82.9,771.41,786.11,14.71,47DE-BDC2,1,4,DECEL,BRAKE_MORE,PAUSE,6.91,0,0,SIM,1
88,2026-09-24T13:07:51.906Z,1790255271906,21.787,57.707662,11.987694,4,1790255271906,0,-0.01967,-0.275363,9.743913,0,-0.3027,-0.3893,IMU,21.787,-0.3893,14.72,-0.6,-7.067,-0.2107,83,771.82,792.36,20.55,47DE-BDC2,1,4,DECEL,BRAKE_MORE,PAUSE,6.81,0,0,SIM,1
88.1,2026-09-24T13:07:52.006Z,1790255272006,21.787,57.707662,11.987694,4,1790255271906,0.1,-0.069395,-0.377557,9.812486,0,-0.4122,-0.3909,IMU,21.646,-0.3909,14.504,-0.6,-7.142,-0.2091,83.1,772.22,792.36,20.14,47DE-BDC2,1,4,DECEL,BRAKE_MORE,PAUSE,6.71,0,0,SIM,1
88.2,2026-09-24T13:07:52.106Z,1790255272106,21.787,57.707662,11.987694,4,1790255271906,0.2,-0.077843,-0.413607,9.777366,0,-0.449,-0.3922,IMU,21.506,-0.3922,14.288,-0.6,-7.218,-0.2078,83.2,772.62,792.36,19.74,47DE-BDC2,1,4,DECEL,BRAKE_MORE,PAUSE,6.61,0,0,SIM,1
88.3,2026-09-24T13:07:52.206Z,1790255272206,21.787,57.707662,11.987694,4,1790255271906,0.3,-0.103799,-0.366477,9.77558,0,-0.4072,-0.3903,IMU,21.366,-0.3903,14.072,-0.6,-7.294,-0.2097,83.3,773.02,792.36,19.35,47DE-BDC2,1,4,DECEL,BRAKE_MORE,PAUSE,6.51,0,0,SIM,1
88.4,2026-09-24T13:07:52.306Z,1790255272306,21.787,57.707662,11.987694,4,1790255271906,0.4,0.015836,-0.399354,9.777121,0,-0.4187,-0.3983,IMU,21.223,-0.3983,13.856,-0.6,-7.367,-0.2017,83.4,773.41,792.36,18.96,47DE-BDC2,1,4,DECEL,BRAKE_MORE,PAUSE,6.41,0,0,SIM,1
88.5,2026-09-24T13:07:52.406Z,1790255272406,21.787,57.707662,11.987694,4,1790255271906,0.5,-0.074459,-0.400565,9.810823,0,-0.4357,-0.4005,IMU,21.08,-0.4005,13.64,-0.6,-7.44,-0.1995,83.5,773.79,792.36,18.58,47DE-BDC2,1,4,DECEL,BRAKE_MORE,PAUSE,6.31,0,0,SIM,1
88.6,2026-09-24T13:07:52.506Z,1790255272506,21.787,57.707662,11.987694,4,1790255271906,0.6,-0.098444,-0.349714,9.804691,0,-0.3898,-0.3971,IMU,20.937,-0.3971,13.424,-0.6,-7.513,-0.2029,83.6,774.16,792.36,18.2,47DE-BDC2,1,4,DECEL,BRAKE_MORE,PAUSE,6.21,0,0,SIM,1
88.7,2026-09-24T13:07:52.606Z,1790255272606,21.787,57.707662,11.987694,4,1790255271906,0.7,-0.028231,-0.375232,9.755658,0,-0.4025,-0.396,IMU,20.794,-0.396,13.208,-0.6,-7.586,-0.204,83.7,774.53,792.36,17.83,47DE-BDC2,1,4,DECEL,BRAKE_MORE,PAUSE,6.11,0,0,SIM,1
88.8,2026-09-24T13:07:52.706Z,1790255272706,21.787,57.707662,11.987694,4,1790255271906,0.8,-0.075086,-0.331863,9.863349,0,-0.3683,-0.392,IMU,20.651,-0.392,12.992,-0.6,-7.659,-0.208,83.8,774.9,792.36,17.47,47DE-BDC2,1,4,DECEL,BRAKE_MORE,PAUSE,6.01,0,0,SIM,1
88.9,2026-09-24T13:07:52.806Z,1790255272806,21.787,57.707662,11.987694,4,1790255271906,0.9,-0.03495,-0.345437,9.819264,0,-0.3746,-0.3908,IMU,20.511,-0.3908,12.776,-0.6,-7.735,-0.2092,83.9,775.26,792.36,17.11,47DE-BDC2,1,4,DECEL,BRAKE_MORE,PAUSE,5.91,0,0,SIM,1
89,2026-09-24T13:07:52.906Z,1790255272906,20.727,57.707646,11.987787,4,1790255272906,0,-0.103849,-0.308627,9.802577,0,-0.3503,-0.3881,IMU,20.727,-0.3881,12.56,-0.6,-8.167,-0.2119,84,775.61,798.27,22.66,47DE-BDC2,1,4,DECEL,BRAKE_MORE,PAUSE,5.81,0,0,SIM,1
89.1,2026-09-24T13:07:53.006Z,1790255273006,20.727,57.707646,11.987787,4,1790255272906,0.1,-0.060241,-0.360346,9.759385,0,-0.3935,-0.3858,IMU,20.587,-0.3858,12.344,-0.6,-8.243,-0.2142,84.1,775.95,798.27,22.32,47DE-BDC2,1,4,DECEL,BRAKE_MORE,PAUSE,5.71,0,0,SIM,1
89.2,2026-09-24T13:07:53.106Z,1790255273106,20.727,57.707646,11.987787,4,1790255272906,0.2,-0.00337,-0.345062,9.80084,0,-0.3686,-0.3896,IMU,20.448,-0.3896,12.128,-0.6,-8.32,-0.2104,84.2,776.29,798.27,21.98,47DE-BDC2,1,4,DECEL,BRAKE_MORE,PAUSE,5.61,0,0,SIM,1
89.3,2026-09-24T13:07:53.206Z,1790255273206,20.727,57.707646,11.987787,4,1790255272906,0.3,-0.073592,-0.401183,9.727024,0,-0.4359,-0.3919,IMU,20.308,-0.3919,11.912,-0.6,-8.396,-0.2081,84.3,776.63,798.27,21.64,47DE-BDC2,1,4,DECEL,BRAKE_MORE,PAUSE,5.51,0,0,SIM,1
89.4,2026-09-24T13:07:53.306Z,1790255273306,20.727,57.707646,11.987787,4,1790255272906,0.4,-0.074253,-0.393704,9.804119,0,-0.4289,-0.3958,IMU,20.166,-0.3958,11.696,-0.6,-8.47,-0.2042,84.4,776.95,798.27,21.31,47DE-BDC2,1,4,DECEL,BRAKE_MORE,PAUSE,5.41,0,0,SIM,1
89.5,2026-09-24T13:07:53.406Z,1790255273406,20.727,57.707646,11.987787,4,1790255272906,0.5,-0.102901,-0.406109,9.804217,0,-0.4461,-0.395,IMU,20.025,-0.395,11.48,-0.6,-8.545,-0.205,84.5,777.28,798.27,20.99,47DE-BDC2,1,4,DECEL,BRAKE_MORE,PAUSE,5.31,0,0,SIM,1
89.6,2026-09-24T13:07:53.506Z,1790255273506,20.727,57.707646,11.987787,4,1790255272906,0.6,-0.099873,-0.352749,9.822809,0,-0.3931,-0.3961,IMU,19.882,-0.3961,11.264,-0.6,-8.618,-0.2039,84.6,777.59,798.27,20.68,47DE-BDC2,1,4,DECEL,BRAKE_MORE,PAUSE,5.21,0,0,SIM,1
89.7,2026-09-24T13:07:53.606Z,1790255273606,20.727,57.707646,11.987787,4,1790255272906,0.7,-0.062975,-0.360203,9.782488,0,-0.3939,-0.398,IMU,19.739,-0.398,11.048,-0.6,-8.691,-0.202,84.7,777.9,798.27,20.37,47DE-BDC2,1,4,DECEL,BRAKE_MORE,PAUSE,5.11,0,0,SIM,1
89.8,2026-09-24T13:07:53.706Z,1790255273706,20.727,57.707646,11.987787,4,1790255272906,0.8,-0.018612,-0.408736,9.796145,0,-0.434,-0.3974,IMU,19.596,-0.3974,10.832,-0.6,-8.764,-0.2026,84.8,778.21,798.27,20.06,47DE-BDC2,1,4,DECEL,BRAKE_MORE,PAUSE,5.01,0,0,SIM,1
89.9,2026-09-24T13:07:53.806Z,1790255273806,20.727,57.707646,11.987787,4,1790255272906,0.9,-0.11309,-0.366012,9.810835,0,-0.4084,-0.3943,IMU,19.454,-0.3943,10.616,-0.6,-8.838,-0.2057,84.9,778.5,798.27,19.77,47DE-BDC2,1,4,DECEL,BRAKE_MORE,PAUSE,4.91,0,0,SIM,1
90,2026-09-24T13:07:53.906Z,1790255273906,19.627,57.707631,11.987875,4,1790255273906,0,-0.072303,-0.363797,9.776019,0,-0.399,-0.3934,IMU,19.627,-0.3934,10.4,-0.6,-9.227,-0.2066,85,778.8,803.87,25.08,47DE-BDC2,1,4,DECEL,BRAKE_MORE,PAUSE,4.81,0,0,SIM,1
90.1,2026-09-24T13:07:54.006Z,1790255274006,19.627,57.707631,11.987875,4,1790255273906,0.1,-0.043955,-0.361853,9.833162,0,-0.3923,-0.3931,IMU,19.485,-0.3931,10.184,-0.6,-9.301,-0.2069,85.1,779.08,803.87,24.79,47DE-BDC2,1,4,DECEL,BRAKE_MORE,PAUSE,4.71,0,0,SIM,1
90.2,2026-09-24T13:07:54.106Z,1790255274106,19.627,57.707631,11.987875,4,1790255273906,0.2,-0.058623,-0.367994,9.764084,0,-0.4007,-0.3938,IMU,19.344,-0.3938,9.968,-0.6,-9.376,-0.2062,85.2,779.36,803.87,24.51,47DE-BDC2,1,4,DECEL,BRAKE_MORE,PAUSE,4.61,0,0,SIM,1
90.3,2026-09-24T13:07:54.206Z,1790255274206,19.627,57.707631,11.987875,4,1790255273906,0.3,-0.10179,-0.3524,9.813779,0,-0.3931,-0.3909,IMU,19.203,-0.3909,9.752,-0.6,-9.451,-0.2091,85.3,779.64,803.87,24.24,47DE-BDC2,1,4,DECEL,BRAKE_MORE,PAUSE,4.51,0,0,SIM,1
90.4,2026-09-24T13:07:54.306Z,1790255274306,19.627,57.707631,11.987875,4,1790255273906,0.4,-0.072138,-0.306363,9.834399,0,-0.3426,-0.3865,IMU,19.063,-0.3865,9.536,-0.6,-9.527,-0.2135,85.4,779.9,803.87,23.97,47DE-BDC2,1,4,DECEL,BRAKE_MORE,PAUSE,4.41,0,0,SIM,1
90.5,2026-09-24T13:07:54.406Z,1790255274406,19.627,57.707631,11.987875,4,1790255273906,0.5,-0.105869,-0.357615,9.79965,0,-0.3989,-0.389,IMU,18.924,-0.389,9.32,-0.6,-9.604,-0.211,85.5,780.17,803.87,23.71,47DE-BDC2,1,4,DECEL,BRAKE_MORE,PAUSE,4.31,0,0,SIM,1
90.6,2026-09-24T13:07:54.506Z,1790255274506,19.627,57.707631,11.987875,4,1790255273906,0.6,-0.093232,-0.335748,9.808397,0,-0.3752,-0.3897,IMU,18.783,-0.3897,9.104,-0.6,-9.679,-0.2103,85.6,780.42,803.87,23.45,47DE-BDC2,1,4,DECEL,BRAKE_MORE,PAUSE,4.21,0,0,SIM,1
90.7,2026-09-24T13:07:54.606Z,1790255274606,19.627,57.707631,11.987875,4,1790255273906,0.7,-0.028257,-0.324972,9.79829,0,-0.3532,-0.3873,IMU,18.643,-0.3873,8.888,-0.6,-9.755,-0.2127,85.7,780.67,803.87,23.2,47DE-BDC2,1,4,DECEL,BRAKE_MORE,PAUSE,4.11,0,0,SIM,1
90.8,2026-09-24T13:07:54.706Z,1790255274706,19.627,57.707631,11.987875,4,1790255273906,0.8,-0.066599,-0.366563,9.792031,0,-0.4008,-0.3878,IMU,18.504,-0.3878,8.672,-0.6,-9.832,-0.2122,85.8,780.92,803.87,22.96,47DE-BDC2,1,4,DECEL,BRAKE_MORE,PAUSE,4.01,0,0,SIM,1
90.9,2026-09-24T13:07:54.806Z,1790255274806,19.627,57.707631,11.987875,4,1790255273906,0.9,-0.062978,-0.386689,9.862165,0,-0.4202,-0.3927,IMU,18.363,-0.3927,8.456,-0.6,-9.907,-0.2073,85.9,781.15,803.87,22.72,47DE-BDC2,1,4,DECEL,BRAKE_MORE,PAUSE,3.91,0,0,SIM,1
91,2026-09-24T13:07:54.906Z,1790255274906,18.178,57.707617,11.987957,4,1790255274906,0,-0.052606,-0.34663,9.765,0,-0.3787,-0.388,IMU,18.178,-0.388,8.24,-0.6,-9.938,-0.212,86,781.39,809.12,27.74,47DE-BDC2,1,4,DECEL,BRAKE_MORE,PAUSE,3.81,0,0,SIM,1
91.1,2026-09-24T13:07:55.006Z,1790255275006,18.178,57.707617,11.987957,4,1790255274906,0.1,-0.082208,-0.355154,9.857326,0,-0.3925,-0.3873,IMU,18.039,-0.3873,8.024,-0.6,-10.015,-0.2127,86.1,781.61,809.12,27.51,47DE-BDC2,1,4,DECEL,BRAKE_MORE,PAUSE,3.71,0,0,SIM,1
91.2,2026-09-24T13:07:55.106Z,1790255275106,18.178,57.707617,11.987957,4,1790255274906,0.2,-0.029682,-0.402186,9.804253,0,-0.4295,-0.3939,IMU,17.897,-0.3939,7.808,-0.6,-10.089,-0.2061,86.2,781.83,809.12,27.29,47DE-BDC2,1,4,DECEL,BRAKE_MORE,PAUSE,3.61,0,0,SIM,1
91.3,2026-09-24T13:07:55.206Z,1790255275206,18.178,57.707617,11.987957,4,1790255274906,0.3,-0.104116,-0.369912,9.853451,0,-0.4108,-0.3959,IMU,17.755,-0.3959,7.592,-0.6,-10.163,-0.2041,86.3,782.04,809.12,27.08,47DE-BDC2,1,4,DECEL,BRAKE_MORE,PAUSE,3.51,0,0,SIM,1
91.4,2026-09-24T13:07:55.306Z,1790255275306,18.178,57.707617,11.987957,4,1790255274906,0.4,-0.088001,-0.387596,9.788252,0,-0.4252,-0.3939,IMU,17.614,-0.3939,7.376,-0.6,-10.238,-0.2061,86.4,782.25,809.12,26.87,47DE-BDC2,1,4,DECEL,BRAKE_MORE,PAUSE,3.41,0,0,SIM,1
91.5,2026-09-24T13:07:55.406Z,1790255275406,18.178,57.707617,11.987957,4,1790255274906,0.5,-0.059681,-0.348084,9.777893,0,-0.3814,-0.3948,IMU,17.472,-0.3948,7.16,-0.6,-10.312,-0.2052,86.5,782.45,809.12,26.67,47DE-BDC2,1,4,DECEL,BRAKE_MORE,PAUSE,3.31,0,0,SIM,1
91.6,2026-09-24T13:07:55.506Z,1790255275506,18.178,57.707617,11.987957,4,1790255274906,0.6,-0.11988,-0.353829,9.82742,0,-0.3977,-0.4007,IMU,17.328,-0.4007,6.944,-0.6,-10.384,-0.1993,86.6,782.65,809.12,26.47,47DE-BDC2,1,4,DECEL,BRAKE_MORE,PAUSE,3.21,0,0,SIM,1
91.7,2026-09-24T13:07:55.606Z,1790255275606,18.178,57.707617,11.987957,4,1790255274906,0.7,-0.096486,-0.360424,9.816196,0,-0.4,-0.4032,IMU,17.184,-0.4032,6.728,-0.6,-10.456,-0.1968,86.7,782.84,809.12,26.28,47DE-BDC2,1,4,DECEL,BRAKE_MORE,PAUSE,3.11,0,0,SIM,1
91.8,2026-09-24T13:07:55.706Z,1790255275706,18.178,57.707617,11.987957,4,1790255274906,0.8,-0.023297,-0.421713,9.839641,0,-0.4477,-0.4041,IMU,17.04,-0.4041,6.512,-0.6,-10.528,-0.1959,86.8,783.02,809.12,26.1,47DE-BDC2,1,4,DECEL,BRAKE_MORE,PAUSE,3.01,0,0,SIM,1
91.9,2026-09-24T13:07:55.806Z,1790255275806,18.178,57.707617,11.987957,4,1790255274906,0.9,-0.141475,-0.367523,9.74754,0,-0.4147,-0.3988,IMU,16.896,-0.3988,6.296,-0.6,-10.6,-0.2012,86.9,783.2,809.12,25.92,47DE-BDC2,1,4,DECEL,BRAKE_MORE,PAUSE,2.91,0,0,SIM,1
92,2026-09-24T13:07:55.906Z,1790255275906,16.431,57.707603,11.988033,4,1790255275906,0,-0.04984,-0.373057,9.83913,0,-0.4044,-0.4036,IMU,16.431,-0.4036,6.08,-0.6,-10.351,-0.1964,87,783.37,813.93,30.56,47DE-BDC2,1,4,DECEL,BRAKE_MORE,PAUSE,2.81,0,0,SIM,1
92.1,2026-09-24T13:07:56.006Z,1790255276006,16.431,57.707603,11.988033,4,1790255275906,0.1,-0.054381,-0.398707,9.818425,0,-0.4304,-0.4003,IMU,16.286,-0.4003,5.864,-0.6,-10.422,-0.1997,87.1,783.54,813.93,30.39,47DE-BDC2,1,4,DECEL,BRAKE_MORE,PAUSE,2.71,0,0,SIM,1
92.2,2026-09-24T13:07:56.106Z,1790255276106,16.431,57.707603,11.988033,4,1790255275906,0.2,-0.048086,-0.370816,9.817048,0,-0.4018,-0.3978,IMU,16.143,-0.3978,5.648,-0.6,-10.495,-0.2022,87.2,783.7,813.93,30.23,47DE-BDC2,1,4,DECEL,BRAKE_MORE,PAUSE,2.61,0,0,SIM,1
92.3,2026-09-24T13:07:56.206Z,1790255276206,16.431,57.707603,11.988033,4,1790255275906,0.3,-0.124599,-0.344466,9.853138,0,-0.3893,-0.3941,IMU,16.001,-0.3941,5.432,-0.6,-10.569,-0.2059,87.3,783.85,813.93,30.08,47DE-BDC2,1,4,DECEL,BRAKE_MORE,PAUSE,2.51,0,0,SIM,1
92.4,2026-09-24T13:07:56.306Z,1790255276306,16.431,57.707603,11.988033,4,1790255275906,0.4,-0.084522,-0.365275,9.776816,0,-0.4026,-0.3964,IMU,15.858,-0.3964,5.216,-0.6,-10.642,-0.2036,87.4,784,813.93,29.93,47DE-BDC2,1,4,DECEL,BRAKE_MORE,PAUSE,2.41,0,0,SIM,1
92.5,2026-09-24T13:07:56.406Z,1790255276406,16.431,57.707603,11.988033,4,1790255275906,0.5,-0.041107,-0.383664,9.741249,0,-0.4131,-0.4008,IMU,15.714,-0.4008,5,-0.6,-10.714,-0.1992,87.5,784.14,813.93,29.79,47DE-BDC2,1,4,DECEL,BRAKE_MORE,PAUSE,2.31,0,0,SIM,1
92.6,2026-09-24T13:07:56.506Z,1790255276506,16.431,57.707603,11.988033,4,1790255275906,0.6,-0.053529,-0.30907,9.833723,0,-0.342,-0.3956,IMU,15.571,-0.3956,4.784,-0.6,-10.787,-0.2044,87.6,784.28,813.93,29.65,47DE-BDC2,1,4,DECEL,BRAKE_MORE,PAUSE,2.21,0,0,SIM,1
92.7,2026-09-24T13:07:56.606Z,1790255276606,16.431,57.707603,11.988033,4,1790255275906,0.7,-0.035351,-0.375926,9.81577,0,-0.4047,-0.3937,IMU,15.429,-0.3937,4.568,-0.6,-10.861,-0.2063,87.7,784.41,813.93,29.52,47DE-BDC2,1,4,DECEL,BRAKE_MORE,PAUSE,2.11,0,0,SIM,1
92.8,2026-09-24T13:07:56.706Z,1790255276706,16.431,57.707603,11.988033,4,1790255275906,0.8,-0.124328,-0.446701,9.775613,0,-0.4897,-0.3946,IMU,15.288,-0.3946,4.352,-0.6,-10.936,-0.2054,87.8,784.53,813.93,29.4,47DE-BDC2,1,4,DECEL,BRAKE_MORE,PAUSE,2.01,0,0,SIM,1
92.9,2026-09-24T13:07:56.806Z,1790255276806,16.431,57.707603,11.988033,4,1790255275906,0.9,-0.008617,-0.366861,9.800466,0,-0.391,-0.3953,IMU,15.147,-0.3953,4.136,-0.6,-11.011,-0.2047,87.9,784.65,813.93,29.28,47DE-BDC2,1,4,DECEL,BRAKE_MORE,PAUSE,1.91,0,0,SIM,1
93,2026-09-24T13:07:56.906Z,1790255276906,15.47,57.707591,11.988103,4,1790255276906,0,-0.018381,-0.345023,9.826118,0,-0.3713,-0.3923,IMU,15.47,-0.3923,3.92,-0.6,-11.55,-0.2077,88,784.76,818.36,33.6,47DE-BDC2,1,4,DECEL,BRAKE_MORE,PAUSE,1.81,0,0,SIM,1
93.1,2026-09-24T13:07:57.006Z,1790255277006,15.47,57.707591,11.988103,4,1790255276906,0.1,-0.054904,-0.353504,9.762164,0,-0.3858,-0.3889,IMU,15.329,-0.3889,3.704,-0.6,-11.625,-0.2111,88.1,784.87,818.36,33.49,47DE-BDC2,1,4,DECEL,BRAKE_MORE,PAUSE,1.71,0,0,SIM,1
93.2,2026-09-24T13:07:57.106Z,1790255277106,15.47,57.707591,11.988103,4,1790255276906,0.2,-0.064564,-0.332038,9.825291,0,-0.3666,-0.3871,IMU,15.19,-0.3871,3.488,-0.6,-11.702,-0.2129,88.2,784.97,818.36,33.39,47DE-BDC2,1,4,DECEL,BRAKE_MORE,PAUSE,1.61,0,0,SIM,1
93.3,2026-09-24T13:07:57.206Z,1790255277206,15.47,57.707591,11.988103,4,1790255276906,0.3,-0.052983,-0.294669,9.845596,0,-0.3278,-0.3751,IMU,15.053,-0.3751,3.272,-0.6,-11.781,-0.2249,88.3,785.06,818.36,33.3,47DE-BDC2,1,4,DECEL,BRAKE_MORE,PAUSE,1.51,0,0,SIM,1
93.4,2026-09-24T13:07:57.306Z,1790255277306,15.47,57.707591,11.988103,4,1790255276906,0.4,-0.090618,-0.337997,9.839312,0,-0.377,-0.3707,IMU,14.919,-0.3707,3.056,-0.6,-11.863,-0.2293,88.4,785.15,818.36,33.21,47DE-BDC2,1,4,DECEL,BRAKE_MORE,PAUSE,1.41,0,0,SIM,1
93.5,2026-09-24T13:07:57.406Z,1790255277406,15.47,57.707591,11.988103,4,1790255276906,0.5,-0.096967,-0.325275,9.811235,0,-0.3655,-0.3723,IMU,14.785,-0.3723,2.84,-0.6,-11.945,-0.2277,88.5,785.23,818.36,33.13,47DE-BDC2,1,4,DECEL,BRAKE_MORE,PAUSE,1.31,0,0,SIM,1
93.6,2026-09-24T13:07:57.506Z,1790255277506,15.47,57.707591,11.988103,4,1790255276906,0.6,-0.057111,-0.398957,9.817564,0,-0.4311,-0.38,IMU,14.649,-0.38,2.624,-0.6,-12.025,-0.22,88.6,785.31,818.36,33.05,47DE-BDC2,1,4,DECEL,BRAKE_MORE,PAUSE,1.21,0,0,SIM,1
93.7,2026-09-24T13:07:57.606Z,1790255277606,15.47,57.707591,11.988103,4,1790255276906,0.7,-0.06964,-0.400553,9.848934,0,-0.435,-0.3908,IMU,14.51,-0.3908,2.408,-0.6,-12.102,-0.2092,88.7,785.38,818.36,32.98,47DE-BDC2,1,4,DECEL,BRAKE_MORE,PAUSE,1.11,0,0,SIM,1
93.8,2026-09-24T13:07:57.706Z,1790255277706,15.47,57.707591,11.988103,4,1790255276906,0.8,-0.041891,-0.352349,9.813873,0,-0.3826,-0.386,IMU,14.371,-0.386,2.192,-0.6,-12.179,-0.214,88.8,785.44,818.36,32.92,47DE-BDC2,1,4,DECEL,BRAKE_MORE,PAUSE,1.01,0,0,SIM,1
93.9,2026-09-24T13:07:57.806Z,1790255277806,15.47,57.707591,11.988103,4,1790255276906,0.9,0.000883,-0.347905,9.855374,0,-0.3709,-0.3829,IMU,14.232,-0.3829,1.976,-0.6,-12.256,-0.2171,88.9,785.5,818.36,32.86,47DE-BDC2,1,4,DECEL,BRAKE_MORE,PAUSE,0.91,0,0,SIM,1
94,2026-09-24T13:07:57.906Z,1790255277906,14.108,57.707579,11.988167,4,1790255277906,0,-0.036829,-0.356866,9.782088,0,-0.3861,-0.3845,IMU,14.108,-0.3845,1.76,-0.6,-12.348,-0.2155,89,785.55,822.47,36.92,47DE-BDC2,1,4,DECEL,BRAKE_MORE,PAUSE,0.81,0,0,SIM,1
94.1,2026-09-24T13:07:58.006Z,1790255278006,14.108,57.707579,11.988167,4,1790255277906,0.1,-0.003507,-0.457825,9.81074,0,-0.4798,-0.3863,IMU,13.969,-0.3863,1.544,-0.6,-12.425,-0.2137,89.1,785.6,822.47,36.87,47DE-BDC2,1,4,DECEL,BRAKE_MORE,PAUSE,0.71,0,0,SIM,1
94.2,2026-09-24T13:07:58.106Z,1790255278106,14.108,57.707579,11.988167,4,1790255277906,0.2,-0.073043,-0.406768,9.768092,0,-0.4415,-0.3925,IMU,13.829,-0.3925,1.328,-0.6,-12.501,-0.2075,89.2,785.64,822.47,36.83,47DE-BDC2,1,4,DECEL,BRAKE_MORE,PAUSE,0.61,0,0,SIM,1
94.3,2026-09-24T13:07:58.206Z,1790255278206,14.108,57.707579,11.988167,4,1790255277906,0.3,-0.06795,-0.392858,9.817852,0,-0.427,-0.3965,IMU,13.687,-0.3965,1.112,-0.6,-12.575,-0.2035,89.3,785.67,822.47,36.8,47DE-BDC2,1,4,DECEL,BRAKE_MORE,PAUSE,0.51,0,0,SIM,1
94.4,2026-09-24T13:07:58.306Z,1790255278306,14.108,57.707579,11.988167,4,1790255277906,0.4,-0.037371,-0.338295,9.77261,0,-0.3678,-0.3885,IMU,13.546,-0.3885,0.896,-0.6,-12.65,-0.2115,89.4,785.7,822.47,36.77,47DE-BDC2,1,4,DECEL,BRAKE_MORE,PAUSE,0.41,0,0,SIM,1
94.5,2026-09-24T13:07:58.406Z,1790255278406,14.108,57.707579,11.988167,4,1790255277906,0.5,-0.042637,-0.329778,9.812006,0,-0.3605,-0.3847,IMU,13.407,-0.3847,0.68,-0.6,-12.727,-0.2153,89.5,785.72,822.47,36.75,47DE-BDC2,1,4,DECEL,BRAKE_MORE,PAUSE,0.31,0,0,SIM,1
94.6,2026-09-24T13:07:58.506Z,1790255278506,14.108,57.707579,11.988167,4,1790255277906,0.6,-0.078322,-0.404166,9.834996,0,-0.44,-0.3896,IMU,13.267,-0.3896,0.464,-0.6,-12.803,-0.2104,89.6,785.74,822.47,36.73,47DE-BDC2,1,4,DECEL,BRAKE_MORE,PAUSE,0.21,0,0,SIM,1
94.7,2026-09-24T13:07:58.606Z,1790255278606,14.108,57.707579,11.988167,4,1790255277906,0.7,-0.11787,-0.410859,9.791213,0,-0.4533,-0.3917,IMU,13.127,-0.3917,0.248,-0.6,-12.879,-0.2083,89.7,785.75,822.47,36.72,47DE-BDC2,1,4,DECEL,BRAKE_MORE,PAUSE,0.11,0,0,SIM,1
94.8,2026-09-24T13:07:58.706Z,1790255278706,14.108,57.707579,11.988167,4,1790255277906,0.8,-0.025484,-0.403446,9.780591,0,-0.43,-0.3962,IMU,12.986,-0.3962,0.032,-0.6,-12.954,-0.2038,89.8,785.75,822.47,36.72,47DE-BDC2,1,4,DECEL,BRAKE_MORE,PAUSE,0.01,0,0,SIM,1
94.9,2026-09-24T13:07:58.806Z,1790255278806,14.108,57.707579,11.988167,4,1790255277906,0.9,-0.045006,-0.376904,9.753592,0,-0.4071,-0.3919,IMU,12.845,-0.3919,0,0,-12.845,,89.9,785.75,822.47,36.72,47DE-BDC2,1,4,PAUSE,STOP,END,19.91,0,,SIM,1
95,2026-09-24T13:07:58.906Z,1790255278906,12.819,57.707568,11.988226,4,1790255278906,0,-0.132459,-0.660558,9.807352,0,-0.7018,-0.4392,IMU,12.819,-0.4392,0,0,-12.819,,90,785.75,826.21,40.46,47DE-BDC2,1,4,PAUSE,STOP,END,19.81,0,,SIM,1
95.1,2026-09-24T13:07:59.006Z,1790255279006,12.819,57.707568,11.988226,4,1790255278906,0.1,-0.174227,-0.82039,9.770664,0,-0.8664,-0.5301,IMU,12.642,-0.5301,0,0,-12.642,,90.1,785.75,826.21,40.46,47DE-BDC2,1,4,PAUSE,STOP,END,19.71,0,,SIM,1
95.2,2026-09-24T13:07:59.106Z,1790255279106,12.819,57.707568,11.988226,4,1790255278906,0.2,-0.171914,-1.012029,9.769548,0,-1.0547,-0.6522,IMU,12.426,-0.6522,0,0,-12.426,,90.2,785.75,826.21,40.46,47DE-BDC2,1,4,PAUSE,STOP,END,19.61,0,,SIM,1
95.3,2026-09-24T13:07:59.206Z,1790255279206,12.819,57.707568,11.988226,4,1790255278906,0.3,-0.232463,-1.078279,9.81501,0,-1.1306,-0.7809,IMU,12.163,-0.7809,0,0,-12.163,,90.3,785.75,826.21,40.46,47DE-BDC2,1,4,PAUSE,STOP,END,19.51,0,,SIM,1
95.4,2026-09-24T13:07:59.306Z,1790255279306,12.819,57.707568,11.988226,4,1790255278906,0.4,-0.199483,-1.302116,9.766295,0,-1.3451,-0.9154,IMU,11.854,-0.9154,0,0,-11.854,,90.4,785.75,826.21,40.46,47DE-BDC2,1,4,PAUSE,STOP,END,19.41,0,,SIM,1
95.5,2026-09-24T13:07:59.406Z,1790255279406,12.819,57.707568,11.988226,4,1790255278906,0.5,-0.266371,-1.3071,9.817895,0,-1.3618,-1.0469,IMU,11.495,-1.0469,0,0,-11.495,,90.5,785.75,826.21,40.46,47DE-BDC2,1,4,PAUSE,STOP,END,19.31,0,,SIM,1
95.6,2026-09-24T13:07:59.506Z,1790255279506,12.819,57.707568,11.988226,4,1790255278906,0.6,-0.250692,-1.461084,9.783214,0,-1.5106,-1.1664,IMU,11.092,-1.1664,0,0,-11.092,,90.6,785.75,826.21,40.46,47DE-BDC2,1,4,PAUSE,STOP,END,19.21,0,,SIM,1
95.7,2026-09-24T13:07:59.606Z,1790255279606,12.819,57.707568,11.988226,4,1790255278906,0.7,-0.317871,-1.545014,9.861381,0,-1.6052,-1.2774,IMU,10.648,-1.2774,0,0,-10.648,,90.7,785.75,826.21,40.46,47DE-BDC2,1,4,PAUSE,STOP,END,19.11,0,,SIM,1
95.8,2026-09-24T13:07:59.706Z,1790255279706,12.819,57.707568,11.988226,4,1790255278906,0.8,-0.294588,-1.630375,9.817673,0,-1.6851,-1.3798,IMU,10.166,-1.3798,0,0,-10.166,,90.8,785.75,826.21,40.46,47DE-BDC2,1,4,PAUSE,STOP,END,19.01,0,,SIM,1
95.9,2026-09-24T13:07:59.806Z,1790255279806,12.819,57.707568,11.988226,4,1790255278906,0.9,-0.259366,-1.713284,9.887323,0,-1.7608,-1.4671,IMU,9.651,-1.4671,0,0,-9.651,,90.9,785.75,826.21,40.46,47DE-BDC2,1,4,PAUSE,STOP,END,18.91,0,,SIM,1
96,2026-09-24T13:07:59.906Z,1790255279906,9.106,57.70756,11.988272,4,1790255279906,0,-0.313239,-1.711611,9.751774,0,-1.7681,-1.5527,IMU,9.106,-1.5527,0,0,-9.106,,91,785.75,829.26,43.5,47DE-BDC2,1,4,PAUSE,STOP,END,18.81,0,,SIM,1
96.1,2026-09-24T13:08:00.006Z,1790255280006,9.106,57.70756,11.988272,4,1790255279906,0.1,-0.332773,-1.77926,9.822415,0,-1.8383,-1.6193,IMU,8.532,-1.6193,0,0,-8.532,,91.1,785.75,829.26,43.5,47DE-BDC2,1,4,PAUSE,STOP,END,18.71,0,,SIM,1
96.2,2026-09-24T13:08:00.106Z,1790255280106,9.106,57.70756,11.988272,4,1790255279906,0.2,-0.375497,-1.790469,9.771903,0,-1.8567,-1.6789,IMU,7.936,-1.6789,0,0,-7.936,,91.2,785.75,829.26,43.5,47DE-BDC2,1,4,PAUSE,STOP,END,18.61,0,,SIM,1
96.3,2026-09-24T13:08:00.206Z,1790255280206,9.106,57.70756,11.988272,4,1790255279906,0.3,-0.324676,-1.789481,9.830018,0,-1.847,-1.7305,IMU,7.32,-1.7305,0,0,-7.32,,91.3,785.75,829.26,43.5,47DE-BDC2,1,4,PAUSE,STOP,END,18.51,0,,SIM,1
96.4,2026-09-24T13:08:00.306Z,1790255280306,9.106,57.70756,11.988272,4,1790255279906,0.4,-0.323276,-1.840856,9.853476,0,-1.8974,-1.7724,IMU,6.688,-1.7724,0,0,-6.688,,91.4,785.75,829.26,43.5,47DE-BDC2,1,4,PAUSE,STOP,END,18.41,0,,SIM,1
96.5,2026-09-24T13:08:00.406Z,1790255280406,9.106,57.70756,11.988272,4,1790255279906,0.5,-0.333744,-1.848271,9.822237,0,-1.9065,-1.8102,IMU,6.041,-1.8102,0,0,-6.041,,91.5,785.75,829.26,43.5,47DE-BDC2,1,4,PAUSE,STOP,END,18.31,0,,SIM,1
96.6,2026-09-24T13:08:00.506Z,1790255280506,9.106,57.70756,11.988272,4,1790255279906,0.6,-0.371276,-1.852679,9.836568,0,-1.9174,-1.8358,IMU,5.384,-1.8358,0,0,-5.384,,91.6,785.75,829.26,43.5,47DE-BDC2,1,4,PAUSE,STOP,END,18.21,0,,SIM,1
96.7,2026-09-24T13:08:00.606Z,1790255280606,9.106,57.70756,11.988272,4,1790255279906,0.7,-0.331534,-1.842705,9.841261,0,-1.9007,-1.8614,IMU,4.717,-1.8614,0,0,-4.717,,91.7,785.75,829.26,43.5,47DE-BDC2,1,4,PAUSE,STOP,END,18.11,0,,SIM,1
96.8,2026-09-24T13:08:00.706Z,1790255280706,9.106,57.70756,11.988272,4,1790255279906,0.8,-0.291127,-1.935091,9.8203,0,-1.9846,-1.8863,IMU,4.041,-1.8863,0,0,-4.041,,91.8,785.75,829.26,43.5,47DE-BDC2,1,4,PAUSE,STOP,END,18.01,0,,SIM,1
96.9,2026-09-24T13:08:00.806Z,1790255280806,9.106,57.70756,11.988272,4,1790255279906,0.9,-0.361878,-1.880131,9.83388,0,-1.9428,-1.9028,IMU,3.359,-1.9028,0,0,-3.359,,91.9,785.75,829.26,43.5,47DE-BDC2,1,4,PAUSE,STOP,END,17.91,0,,SIM,1
97,2026-09-24T13:08:00.906Z,1790255280906,2.368,57.707556,11.988292,4,1790255280906,0,-0.342277,-1.911852,9.785796,0,-1.9705,-1.9245,IMU,2.368,-1.9245,0,0,-2.368,,92,785.75,830.85,45.1,47DE-BDC2,1,4,PAUSE,STOP,END,17.81,0,,SIM,1
97.1,2026-09-24T13:08:01.006Z,1790255281006,2.368,57.707556,11.988292,4,1790255280906,0.1,-0.361861,-1.948475,9.755027,0,-2.0098,-1.9455,IMU,1.67,-1.9455,0,0,-1.67,,92.1,785.75,830.85,45.1,47DE-BDC2,1,4,PAUSE,STOP,END,17.71,0,,SIM,1
97.2,2026-09-24T13:08:01.106Z,1790255281106,2.368,57.707556,11.988292,4,1790255280906,0.2,-0.032626,0.002312,9.704657,0,-0.0314,-1.6152,IMU,1.018,-1.6152,0,0,-1.018,,92.2,785.75,830.85,45.1,47DE-BDC2,1,4,PAUSE,STOP,END,17.61,0,,SIM,1
97.3,2026-09-24T13:08:01.206Z,1790255281206,2.368,57.707556,11.988292,4,1790255280906,0.3,0.016537,0.000451,9.815427,0,-0.025,-1.1786,IMU,0.535,-1.1786,0,0,-0.535,,92.3,785.75,830.85,45.1,47DE-BDC2,1,4,PAUSE,STOP,END,17.51,1,,SIM,1
97.4,2026-09-24T13:08:01.306Z,1790255281306,2.368,57.707556,11.988292,4,1790255280906,0.4,0.031906,-0.03219,9.808989,0,-0.0545,-0.8629,IMU,0.182,-0.8629,0,0,-0.182,,92.4,785.75,830.85,45.1,47DE-BDC2,1,4,PAUSE,STOP,END,17.41,1,,SIM,1
97.5,2026-09-24T13:08:01.406Z,1790255281406,2.368,57.707556,11.988292,4,1790255280906,0.5,-0.031597,0.002802,9.853774,0,-0.0311,-0.6305,IMU,0,-0.6305,0,0,0,,92.5,785.75,830.85,45.1,47DE-BDC2,1,4,PAUSE,STOP,END,17.31,1,,SIM,1
97.6,2026-09-24T13:08:01.506Z,1790255281506,2.368,57.707556,11.988292,4,1790255280906,0.6,-0.015136,0.020132,9.844627,0,-0.0112,-0.4626,IMU,0,-0.4626,0,0,0,,92.6,785.75,830.85,45.1,47DE-BDC2,1,4,PAUSE,STOP,END,17.21,1,,SIM,1
97.7,2026-09-24T13:08:01.606Z,1790255281606,2.368,57.707556,11.988292,4,1790255280906,0.7,0.039853,0.050023,9.83794,0,0.0278,-0.3397,IMU,0,-0.3397,0,0,0,,92.7,785.75,830.85,45.1,47DE-BDC2,1,4,PAUSE,WAIT,END,17.11,1,,SIM,1
97.8,2026-09-24T13:08:01.706Z,1790255281706,2.368,57.707556,11.988292,4,1790255280906,0.8,0.038136,-0.025376,9.840554,0,-0.0468,-0.258,IMU,0,-0.258,0,0,0,,92.8,785.75,830.85,45.1,47DE-BDC2,1,4,PAUSE,WAIT,END,17.01,1,,SIM,1
97.9,2026-09-24T13:08:01.806Z,1790255281806,2.368,57.707556,11.988292,4,1790255280906,0.9,-0.018643,-0.01733,9.848861,0,-0.0487,-0.2018,IMU,0,-0.2018,0,0,0,,92.9,785.75,830.85,45.1,47DE-BDC2,1,4,PAUSE,WAIT,END,16.91,1,,SIM,1
98,2026-09-24T13:08:01.906Z,1790255281906,0,57.707556,11.988292,4,1790255281906,0,-0.024469,0.003833,9.789331,0,-0.0287,-0.1522,IMU,0,-0.1522,0,0,0,,93,785.75,831.18,45.43,47DE-BDC2,1,4,PAUSE,WAIT,END,16.81,1,,SIM,1
98.1,2026-09-24T13:08:02.006Z,1790255282006,0,57.707556,11.988292,4,1790255281906,0.1,-0.015553,0.052019,9.825257,0,0.0202,-0.1194,IMU,0,-0.1194,0,0,0,,93.1,785.75,831.18,45.43,47DE-BDC2,1,4,PAUSE,WAIT,END,16.71,1,,SIM,1
98.2,2026-09-24T13:08:02.106Z,1790255282106,0,57.707556,11.988292,4,1790255281906,0.2,0.061498,0.003,9.770248,0,-0.0146,-0.0947,IMU,0,-0.0947,0,0,0,,93.2,785.75,831.18,45.43,47DE-BDC2,1,4,PAUSE,WAIT,END,16.61,1,,SIM,1
98.3,2026-09-24T13:08:02.206Z,1790255282206,0,57.707556,11.988292,4,1790255281906,0.3,0.012048,-0.02272,9.794518,0,-0.0486,-0.0729,IMU,0,-0.0729,0,0,0,,93.3,785.75,831.18,45.43,47DE-BDC2,1,4,PAUSE,WAIT,END,16.51,1,,SIM,1
98.4,2026-09-24T13:08:02.306Z,1790255282306,0,57.707556,11.988292,4,1790255281906,0.4,-0.022066,-0.053816,9.825182,0,-0.0852,-0.062,IMU,0,-0.062,0,0,0,,93.4,785.75,831.18,45.43,47DE-BDC2,1,4,PAUSE,WAIT,END,16.41,1,,SIM,1
98.5,2026-09-24T13:08:02.406Z,1790255282406,0,57.707556,11.988292,4,1790255281906,0.5,-0.003455,-0.018284,9.748207,0,-0.0467,-0.0531,IMU,0,-0.0531,0,0,0,,93.5,785.75,831.18,45.43,47DE-BDC2,1,4,PAUSE,WAIT,END,16.31,1,,SIM,1
98.6,2026-09-24T13:08:02.506Z,1790255282506,0,57.707556,11.988292,4,1790255281906,0.6,0.035165,0.03756,9.809057,0,0.0148,-0.048,IMU,0,-0.048,0,0,0,,93.6,785.75,831.18,45.43,47DE-BDC2,1,4,PAUSE,WAIT,END,16.21,1,,SIM,1
98.7,2026-09-24T13:08:02.606Z,1790255282606,0,57.707556,11.988292,4,1790255281906,0.7,-0.048429,0.010408,9.826,0,-0.0265,-0.0409,IMU,0,-0.0409,0,0,0,,93.7,785.75,831.18,45.43,47DE-BDC2,1,4,PAUSE,WAIT,END,16.11,1,,SIM,1
98.8,2026-09-24T13:08:02.706Z,1790255282706,0,57.707556,11.988292,4,1790255281906,0.8,-0.053672,0.027978,9.81339,0,-0.01,-0.0422,IMU,0,-0.0422,0,0,0,,93.8,785.75,831.18,45.43,47DE-BDC2,1,4,PAUSE,WAIT,END,16.01,1,,SIM,1
98.9,2026-09-24T13:08:02.806Z,1790255282806,0,57.707556,11.988292,4,1790255281906,0.9,-0.000583,-0.035854,9.816083,0,-0.0637,-0.044,IMU,0,-0.044,0,0,0,,93.9,785.75,831.18,45.43,47DE-BDC2,1,4,PAUSE,WAIT,END,15.91,1,,SIM,1
99,2026-09-24T13:08:02.906Z,1790255282906,0,57.707556,11.988292,4,1790255282906,0,-0.021853,-0.021712,9.787073,0,-0.0534,-0.0446,IMU,0,-0.0446,0,0,0,,94,785.75,831.18,45.43,47DE-BDC2,1,4,PAUSE,WAIT,END,15.81,1,,SIM,1
99.1,2026-09-24T13:08:03.006Z,1790255283006,0,57.707556,11.988292,4,1790255282906,0.1,0.018546,0.079345,9.785138,0,0.0543,0,IMU,0,0,0,0,0,,94.1,785.75,831.18,45.43,47DE-BDC2,1,4,PAUSE,WAIT,END,15.71,1,,SIM,1
99.2,2026-09-24T13:08:03.106Z,1790255283106,0,57.707556,11.988292,4,1790255282906,0.2,-0.002216,0.047884,9.778375,0,0.0222,0,IMU,0,0,0,0,0,,94.2,785.75,831.18,45.43,47DE-BDC2,1,4,PAUSE,WAIT,END,15.61,1,,SIM,1
99.3,2026-09-24T13:08:03.206Z,1790255283206,0,57.707556,11.988292,4,1790255282906,0.3,0.010428,-0.011024,9.849545,0,-0.0324,0,IMU,0,0,0,0,0,,94.3,785.75,831.18,45.43,47DE-BDC2,1,4,PAUSE,WAIT,END,15.51,1,,SIM,1
99.4,2026-09-24T13:08:03.306Z,1790255283306,0,57.707556,11.988292,4,1790255282906,0.4,0.004001,0.023576,9.83439,0,0.0014,0,IMU,0,0,0,0,0,,94.4,785.75,831.18,45.43,47DE-BDC2,1,4,PAUSE,WAIT,END,15.41,1,,SIM,1
99.5,2026-09-24T13:08:03.406Z,1790255283406,0,57.707556,11.988292,4,1790255282906,0.5,-0.012552,-0.057014,9.823524,0,-0.0787,0,IMU,0,0,0,0,0,,94.5,785.75,831.18,45.43,47DE-BDC2,1,4,PAUSE,WAIT,END,15.31,1,,SIM,1
99.6,2026-09-24T13:08:03.506Z,1790255283506,0,57.707556,11.988292,4,1790255282906,0.6,-0.0076,-0.003405,9.790989,0,-0.0237,0,IMU,0,0,0,0,0,,94.6,785.75,831.18,45.43,47DE-BDC2,1,4,PAUSE,WAIT,END,15.21,1,,SIM,1
99.7,2026-09-24T13:08:03.606Z,1790255283606,0,57.707556,11.988292,4,1790255282906,0.7,-0.059871,-0.036466,9.814235,0,-0.0638,0,IMU,0,0,0,0,0,,94.7,785.75,831.18,45.43,47DE-BDC2,1,4,PAUSE,WAIT,END,15.11,1,,SIM,1
99.8,2026-09-24T13:08:03.706Z,1790255283706,0,57.707556,11.988292,4,1790255282906,0.8,0.024629,-0.002942,9.814192,0,-0.0152,0,IMU,0,0,0,0,0,,94.8,785.75,831.18,45.43,47DE-BDC2,1,4,PAUSE,WAIT,END,15.01,1,,SIM,1
99.9,2026-09-24T13:08:03.806Z,1790255283806,0,57.707556,11.988292,4,1790255282906,0.9,0.011972,0.014982,9.808174,0,0.0003,0,IMU,0,0,0,0,0,,94.9,785.75,831.18,45.43,47DE-BDC2,1,4,PAUSE,WAIT,END,14.91,1,,SIM,1
100,2026-09-24T13:08:03.906Z,1790255283906,0,57.707556,11.988292,4,1790255283906,0,0.066641,0.008059,9.874624,0,0.0044,0,IMU,0,0,0,0,0,,95,785.75,831.18,45.43,47DE-BDC2,1,4,PAUSE,WAIT,END,14.81,1,,SIM,1
100.1,2026-09-24T13:08:04.006Z,1790255284006,0,57.707556,11.988292,4,1790255283906,0.1,0.006062,0.028374,9.82249,0,0.0149,0,IMU,0,0,0,0,0,,95.1,785.75,831.18,45.43,47DE-BDC2,1,4,PAUSE,WAIT,END,14.71,1,,SIM,1
100.2,2026-09-24T13:08:04.106Z,1790255284106,0,57.707556,11.988292,4,1790255283906,0.2,-0.001255,0.009724,9.817225,0,-0.0047,0,IMU,0,0,0,0,0,,95.2,785.75,831.18,45.43,47DE-BDC2,1,4,PAUSE,WAIT,END,14.61,1,,SIM,1
100.3,2026-09-24T13:08:04.206Z,1790255284206,0,57.707556,11.988292,4,1790255283906,0.3,-0.00805,-0.013558,9.782977,0,-0.028,0,IMU,0,0,0,0,0,,95.3,785.75,831.18,45.43,47DE-BDC2,1,4,PAUSE,WAIT,END,14.51,1,,SIM,1
100.4,2026-09-24T13:08:04.306Z,1790255284306,0,57.707556,11.988292,4,1790255283906,0.4,-0.002445,-0.025744,9.826997,0,-0.0377,0,IMU,0,0,0,0,0,,95.4,785.75,831.18,45.43,47DE-BDC2,1,4,PAUSE,WAIT,END,14.41,1,,SIM,1
100.5,2026-09-24T13:08:04.406Z,1790255284406,0,57.707556,11.988292,4,1790255283906,0.5,-0.022099,-0.021383,9.818748,0,-0.0357,0,IMU,0,0,0,0,0,,95.5,785.75,831.18,45.43,47DE-BDC2,1,4,PAUSE,WAIT,END,14.31,1,,SIM,1
100.6,2026-09-24T13:08:04.506Z,1790255284506,0,57.707556,11.988292,4,1790255283906,0.6,-0.034839,0.00091,9.823495,0,-0.0156,0,IMU,0,0,0,0,0,,95.6,785.75,831.18,45.43,47DE-BDC2,1,4,PAUSE,WAIT,END,14.21,1,,SIM,1
100.7,2026-09-24T13:08:04.606Z,1790255284606,0,57.707556,11.988292,4,1790255283906,0.7,-0.022599,-0.00663,9.813696,0,-0.0204,0,IMU,0,0,0,0,0,,95.7,785.75,831.18,45.43,47DE-BDC2,1,4,PAUSE,WAIT,END,14.11,1,,SIM,1
100.8,2026-09-24T13:08:04.706Z,1790255284706,0,57.707556,11.988292,4,1790255283906,0.8,0.001125,-0.05825,9.802269,0,-0.0654,0,IMU,0,0,0,0,0,,95.8,785.75,831.18,45.43,47DE-BDC2,1,4,PAUSE,WAIT,END,14.01,1,,SIM,1
100.9,2026-09-24T13:08:04.806Z,1790255284806,0,57.707556,11.988292,4,1790255283906,0.9,0.048938,0.003675,9.812751,0,0.005,0,IMU,0,0,0,0,0,,95.9,785.75,831.18,45.43,47DE-BDC2,1,4,PAUSE,WAIT,END,13.91,1,,SIM,1
101,2026-09-24T13:08:04.906Z,1790255284906,0,57.707556,11.988292,4,1790255284906,0,-0.041655,-0.047967,9.778411,0,-0.0613,0,IMU,0,0,0,0,0,,96,785.75,831.18,45.43,47DE-BDC2,1,4,PAUSE,WAIT,END,13.81,1,,SIM,1
101.1,2026-09-24T13:08:05.006Z,1790255285006,0,57.707556,11.988292,4,1790255284906,0.1,0.0092,0.015795,9.799601,0,0.0114,0,IMU,0,0,0,0,0,,96.1,785.75,831.18,45.43,47DE-BDC2,1,4,PAUSE,WAIT,END,13.71,1,,SIM,1
101.2,2026-09-24T13:08:05.106Z,1790255285106,0,57.707556,11.988292,4,1790255284906,0.2,-0.035978,0.033761,9.786112,0,0.0219,0,IMU,0,0,0,0,0,,96.2,785.75,831.18,45.43,47DE-BDC2,1,4,PAUSE,WAIT,END,13.61,1,,SIM,1
101.3,2026-09-24T13:08:05.206Z,1790255285206,0,57.707556,11.988292,4,1790255284906,0.3,0.029698,0.017086,9.777799,0,0.0166,0,IMU,0,0,0,0,0,,96.3,785.75,831.18,45.43,47DE-BDC2,1,4,PAUSE,WAIT,END,13.51,1,,SIM,1
101.4,2026-09-24T13:08:05.306Z,1790255285306,0,57.707556,11.988292,4,1790255284906,0.4,0.023422,-0.035468,9.83117,0,-0.0358,0,IMU,0,0,0,0,0,,96.4,785.75,831.18,45.43,47DE-BDC2,1,4,PAUSE,WAIT,END,13.41,1,,SIM,1
101.5,2026-09-24T13:08:05.406Z,1790255285406,0,57.707556,11.988292,4,1790255284906,0.5,-0.02339,0.017953,9.850295,0,0.0081,0,IMU,0,0,0,0,0,,96.5,785.75,831.18,45.43,47DE-BDC2,1,4,PAUSE,WAIT,END,13.31,1,,SIM,1
101.6,2026-09-24T13:08:05.506Z,1790255285506,0,57.707556,11.988292,4,1790255284906,0.6,0.02515,0.050445,9.767296,0,0.0477,0,IMU,0,0,0,0,0,,96.6,785.75,831.18,45.43,47DE-BDC2,1,4,PAUSE,WAIT,END,13.21,1,,SIM,1
101.7,2026-09-24T13:08:05.606Z,1790255285606,0,57.707556,11.988292,4,1790255284906,0.7,-0.03916,0.019582,9.772484,0,0.0055,0,IMU,0,0,0,0,0,,96.7,785.75,831.18,45.43,47DE-BDC2,1,4,PAUSE,WAIT,END,13.11,1,,SIM,1
101.8,2026-09-24T13:08:05.706Z,1790255285706,0,57.707556,11.988292,4,1790255284906,0.8,0.000076,-0.011487,9.789531,0,-0.0181,0,IMU,0,0,0,0,0,,96.8,785.75,831.18,45.43,47DE-BDC2,1,4,PAUSE,WAIT,END,13.01,1,,SIM,1
101.9,2026-09-24T13:08:05.806Z,1790255285806,0,57.707556,11.988292,4,1790255284906,0.9,-0.025849,0.019481,9.865825,0,0.0084,0,IMU,0,0,0,0,0,,96.9,785.75,831.18,45.43,47DE-BDC2,1,4,PAUSE,WAIT,END,12.91,1,,SIM,1
102,2026-09-24T13:08:05.906Z,1790255285906,0,57.707556,11.988292,4,1790255285906,0,-0.010481,-0.063301,9.805835,0,-0.0695,0,IMU,0,0,0,0,0,,97,785.75,831.18,45.43,47DE-BDC2,1,4,PAUSE,WAIT,END,12.81,1,,SIM,1
102.1,2026-09-24T13:08:06.006Z,1790255286006,0,57.707556,11.988292,4,1790255285906,0.1,-0.014511,-0.008335,9.860279,0,-0.0154,0,IMU,0,0,0,0,0,,97.1,785.75,831.18,45.43,47DE-BDC2,1,4,PAUSE,WAIT,END,12.71,1,,SIM,1
102.2,2026-09-24T13:08:06.106Z,1790255286106,0,57.707556,11.988292,4,1790255285906,0.2,-0.001324,0.037082,9.822353,0,0.0312,0,IMU,0,0,0,0,0,,97.2,785.75,831.18,45.43,47DE-BDC2,1,4,PAUSE,WAIT,END,12.61,1,,SIM,1
102.3,2026-09-24T13:08:06.206Z,1790255286206,0,57.707556,11.988292,4,1790255285906,0.3,-0.012662,0.009139,9.852512,0,0.0015,0,IMU,0,0,0,0,0,,97.3,785.75,831.18,45.43,47DE-BDC2,1,4,PAUSE,WAIT,END,12.51,1,,SIM,1
102.4,2026-09-24T13:08:06.306Z,1790255286306,0,57.707556,11.988292,4,1790255285906,0.4,-0.054383,0.021548,9.773669,0,0.006,0,IMU,0,0,0,0,0,,97.4,785.75,831.18,45.43,47DE-BDC2,1,4,PAUSE,WAIT,END,12.41,1,,SIM,1
102.5,2026-09-24T13:08:06.406Z,1790255286406,0,57.707556,11.988292,4,1790255285906,0.5,-0.049538,0.00313,9.779657,0,-0.012,0,IMU,0,0,0,0,0,,97.5,785.75,831.18,45.43,47DE-BDC2,1,4,PAUSE,WAIT,END,12.31,1,,SIM,1
102.6,2026-09-24T13:08:06.506Z,1790255286506,0,57.707556,11.988292,4,1790255285906,0.6,0.013741,-0.018374,9.833642,0,-0.0216,0,IMU,0,0,0,0,0,,97.6,785.75,831.18,45.43,47DE-BDC2,1,4,PAUSE,WAIT,END,12.21,1,,SIM,1
102.7,2026-09-24T13:08:06.606Z,1790255286606,0,57.707556,11.988292,4,1790255285906,0.7,0.029991,0.018035,9.796026,0,0.0167,0,IMU,0,0,0,0,0,,97.7,785.75,831.18,45.43,47DE-BDC2,1,4,PAUSE,WAIT,END,12.11,1,,SIM,1
102.8,2026-09-24T13:08:06.706Z,1790255286706,0,57.707556,11.988292,4,1790255285906,0.8,0.006406,-0.013298,9.818122,0,-0.0168,0,IMU,0,0,0,0,0,,97.8,785.75,831.18,45.43,47DE-BDC2,1,4,PAUSE,WAIT,END,12.01,1,,SIM,1
102.9,2026-09-24T13:08:06.806Z,1790255286806,0,57.707556,11.988292,4,1790255285906,0.9,-0.040421,0.015616,9.81981,0,0.0045,0,IMU,0,0,0,0,0,,97.9,785.75,831.18,45.43,47DE-BDC2,1,4,PAUSE,WAIT,END,11.91,1,,SIM,1
103,2026-09-24T13:08:06.906Z,1790255286906,0,57.707556,11.988292,4,1790255286906,0,-0.021139,-0.00959,9.81791,0,-0.0158,0,IMU,0,0,0,0,0,,98,785.75,831.18,45.43,47DE-BDC2,1,4,PAUSE,WAIT,END,11.81,1,,SIM,1
103.1,2026-09-24T13:08:07.006Z,1790255287006,0,57.707556,11.988292,4,1790255286906,0.1,-0.060268,0.041679,9.747682,0,0.0274,0,IMU,0,0,0,0,0,,98.1,785.75,831.18,45.43,47DE-BDC2,1,4,PAUSE,WAIT,END,11.71,1,,SIM,1
103.2,2026-09-24T13:08:07.106Z,1790255287106,0,57.707556,11.988292,4,1790255286906,0.2,-0.012894,-0.037157,9.756938,0,-0.0418,0,IMU,0,0,0,0,0,,98.2,785.75,831.18,45.43,47DE-BDC2,1,4,PAUSE,WAIT,END,11.61,1,,SIM,1
103.3,2026-09-24T13:08:07.206Z,1790255287206,0,57.707556,11.988292,4,1790255286906,0.3,0.023276,-0.020422,9.768753,0,-0.0183,0,IMU,0,0,0,0,0,,98.3,785.75,831.18,45.43,47DE-BDC2,1,4,PAUSE,WAIT,END,11.51,1,,SIM,1
103.4,2026-09-24T13:08:07.306Z,1790255287306,0,57.707556,11.988292,4,1790255286906,0.4,-0.019153,0.017261,9.812093,0,0.0111,0,IMU,0,0,0,0,0,,98.4,785.75,831.18,45.43,47DE-BDC2,1,4,PAUSE,WAIT,END,11.41,1,,SIM,1
103.5,2026-09-24T13:08:07.406Z,1790255287406,0,57.707556,11.988292,4,1790255286906,0.5,-0.037491,-0.054862,9.853823,0,-0.0623,0,IMU,0,0,0,0,0,,98.5,785.75,831.18,45.43,47DE-BDC2,1,4,PAUSE,WAIT,END,11.31,1,,SIM,1
103.6,2026-09-24T13:08:07.506Z,1790255287506,0,57.707556,11.988292,4,1790255286906,0.6,-0.003378,-0.003273,9.781499,0,-0.0057,0,IMU,0,0,0,0,0,,98.6,785.75,831.18,45.43,47DE-BDC2,1,4,PAUSE,WAIT,END,11.21,1,,SIM,1
103.7,2026-09-24T13:08:07.606Z,1790255287606,0,57.707556,11.988292,4,1790255286906,0.7,0.016745,-0.015539,9.864418,0,-0.0137,0,IMU,0,0,0,0,0,,98.7,785.75,831.18,45.43,47DE-BDC2,1,4,PAUSE,WAIT,END,11.11,1,,SIM,1
103.8,2026-09-24T13:08:07.706Z,1790255287706,0,57.707556,11.988292,4,1790255286906,0.8,-0.034189,-0.053386,9.879915,0,-0.0593,0,IMU,0,0,0,0,0,,98.8,785.75,831.18,45.43,47DE-BDC2,1,4,PAUSE,WAIT,END,11.01,1,,SIM,1
103.9,2026-09-24T13:08:07.806Z,1790255287806,0,57.707556,11.988292,4,1790255286906,0.9,-0.020765,-0.023274,9.864284,0,-0.0277,0,IMU,0,0,0,0,0,,98.9,785.75,831.18,45.43,47DE-BDC2,1,4,PAUSE,WAIT,END,10.91,1,,SIM,1
104,2026-09-24T13:08:07.906Z,1790255287906,0,57.707556,11.988292,4,1790255287906,0,-0.049179,0.028756,9.782169,0,0.018,0,IMU,0,0,0,0,0,,99,785.75,831.18,45.43,47DE-BDC2,1,4,PAUSE,WAIT,END,10.81,1,,SIM,1
104.1,2026-09-24T13:08:08.006Z,1790255288006,0,57.707556,11.988292,4,1790255287906,0.1,-0.01699,-0.02735,9.763194,0,-0.0314,0,IMU,0,0,0,0,0,,99.1,785.75,831.18,45.43,47DE-BDC2,1,4,PAUSE,WAIT,END,10.71,1,,SIM,1
104.2,2026-09-24T13:08:08.106Z,1790255288106,0,57.707556,11.988292,4,1790255287906,0.2,-0.050033,-0.027451,9.804205,0,-0.0362,0,IMU,0,0,0,0,0,,99.2,785.75,831.18,45.43,47DE-BDC2,1,4,PAUSE,WAIT,END,10.61,1,,SIM,1
104.3,2026-09-24T13:08:08.206Z,1790255288206,0,57.707556,11.988292,4,1790255287906,0.3,0.041007,0.000653,9.82715,0,0.0063,0,IMU,0,0,0,0,0,,99.3,785.75,831.18,45.43,47DE-BDC2,1,4,PAUSE,WAIT,END,10.51,1,,SIM,1
104.4,2026-09-24T13:08:08.306Z,1790255288306,0,57.707556,11.988292,4,1790255287906,0.4,-0.022822,0.043806,9.809593,0,0.038,0,IMU,0,0,0,0,0,,99.4,785.75,831.18,45.43,47DE-BDC2,1,4,PAUSE,WAIT,END,10.41,1,,SIM,1
104.5,2026-09-24T13:08:08.406Z,1790255288406,0,57.707556,11.988292,4,1790255287906,0.5,-0.034744,-0.012855,9.830228,0,-0.0195,0,IMU,0,0,0,0,0,,99.5,785.75,831.18,45.43,47DE-BDC2,1,4,PAUSE,WAIT,END,10.31,1,,SIM,1
104.6,2026-09-24T13:08:08.506Z,1790255288506,0,57.707556,11.988292,4,1790255287906,0.6,-0.011184,-0.004242,9.806769,0,-0.0074,0,IMU,0,0,0,0,0,,99.6,785.75,831.18,45.43,47DE-BDC2,1,4,PAUSE,WAIT,END,10.21,1,,SIM,1
104.7,2026-09-24T13:08:08.606Z,1790255288606,0,57.707556,11.988292,4,1790255287906,0.7,0.068722,0.03488,9.816063,0,0.0443,0,IMU,0,0,0,0,0,,99.7,785.75,831.18,45.43,47DE-BDC2,1,4,PAUSE,WAIT,END,10.11,1,,SIM,1
104.8,2026-09-24T13:08:08.706Z,1790255288706,0,57.707556,11.988292,4,1790255287906,0.8,-0.04839,0.020368,9.846638,0,0.0095,0,IMU,0,0,0,0,0,,99.8,785.75,831.18,45.43,47DE-BDC2,1,4,PAUSE,WAIT,END,10.01,1,,SIM,1
104.9,2026-09-24T13:08:08.806Z,1790255288806,0,57.707556,11.988292,4,1790255287906,0.9,0.042756,0.044047,9.779516,0,0.0467,0,IMU,0,0,0,0,0,,99.9,785.75,831.18,45.43,47DE-BDC2,1,4,PAUSE,WAIT,END,9.91,1,,SIM,1
105,2026-09-24T13:08:08.906Z,1790255288906,0,57.707556,11.988292,4,1790255288906,0,-0.002181,0.022359,9.853249,0,0.0179,0,IMU,0,0,0,0,0,,100,785.75,831.18,45.43,47DE-BDC2,1,4,PAUSE,WAIT,END,9.81,1,,SIM,1
105.1,2026-09-24T13:08:09.006Z,1790255289006,0,57.707556,11.988292,4,1790255288906,0.1,0.013575,-0.020156,9.873611,0,-0.0206,0,IMU,0,0,0,0,0,,100.1,785.75,831.18,45.43,47DE-BDC2,1,4,PAUSE,WAIT,END,9.71,1,,SIM,1
105.2,2026-09-24T13:08:09.106Z,1790255289106,0,57.707556,11.988292,4,1790255288906,0.2,-0.016882,-0.013588,9.734497,0,-0.02,0,IMU,0,0,0,0,0,,100.2,785.75,831.18,45.43,47DE-BDC2,1,4,PAUSE,WAIT,END,9.61,1,,SIM,1
105.3,2026-09-24T13:08:09.206Z,1790255289206,0,57.707556,11.988292,4,1790255288906,0.3,-0.008482,-0.006743,9.789967,0,-0.0115,0,IMU,0,0,0,0,0,,100.3,785.75,831.18,45.43,47DE-BDC2,1,4,PAUSE,WAIT,END,9.51,1,,SIM,1
105.4,2026-09-24T13:08:09.306Z,1790255289306,0,57.707556,11.988292,4,1790255288906,0.4,0.067783,0.023063,9.76985,0,0.0301,0,IMU,0,0,0,0,0,,100.4,785.75,831.18,45.43,47DE-BDC2,1,4,PAUSE,WAIT,END,9.41,1,,SIM,1
105.5,2026-09-24T13:08:09.406Z,1790255289406,0,57.707556,11.988292,4,1790255288906,0.5,-0.010804,0.032177,9.843649,0,0.0252,0,IMU,0,0,0,0,0,,100.5,785.75,831.18,45.43,47DE-BDC2,1,4,PAUSE,WAIT,END,9.31,1,,SIM,1
105.6,2026-09-24T13:08:09.506Z,1790255289506,0,57.707556,11.988292,4,1790255288906,0.6,-0.000498,-0.035689,9.800196,0,-0.0394,0,IMU,0,0,0,0,0,,100.6,785.75,831.18,45.43,47DE-BDC2,1,4,PAUSE,WAIT,END,9.21,1,,SIM,1
105.7,2026-09-24T13:08:09.606Z,1790255289606,0,57.707556,11.988292,4,1790255288906,0.7,-0.052,-0.06114,9.793337,0,-0.0722,0,IMU,0,0,0,0,0,,100.7,785.75,831.18,45.43,47DE-BDC2,1,4,PAUSE,WAIT,END,9.11,1,,SIM,1
105.8,2026-09-24T13:08:09.706Z,1790255289706,0,57.707556,11.988292,4,1790255288906,0.8,-0.055925,-0.0239,9.829256,0,-0.0353,0,IMU,0,0,0,0,0,,100.8,785.75,831.18,45.43,47DE-BDC2,1,4,PAUSE,WAIT,END,9.01,1,,SIM,1
105.9,2026-09-24T13:08:09.806Z,1790255289806,0,57.707556,11.988292,4,1790255288906,0.9,0.030131,0.017319,9.852885,0,0.02,0,IMU,0,0,0,0,0,,100.9,785.75,831.18,45.43,47DE-BDC2,1,4,PAUSE,WAIT,END,8.91,1,,SIM,1
106,2026-09-24T13:08:09.906Z,1790255289906,0,57.707556,11.988292,4,1790255289906,0,-0.025342,0.008955,9.778811,0,0.0029,0,IMU,0,0,0,0,0,,101,785.75,831.18,45.43,47DE-BDC2,1,4,PAUSE,WAIT,END,8.81,1,,SIM,1
106.1,2026-09-24T13:08:10.006Z,1790255290006,0,57.707556,11.988292,4,1790255289906,0.1,0.02441,-0.005963,9.856251,0,-0.0035,0,IMU,0,0,0,0,0,,101.1,785.75,831.18,45.43,47DE-BDC2,1,4,PAUSE,WAIT,END,8.71,1,,SIM,1
106.2,2026-09-24T13:08:10.106Z,1790255290106,0,57.707556,11.988292,4,1790255289906,0.2,-0.010391,-0.019281,9.858012,0,-0.0224,0,IMU,0,0,0,0,0,,101.2,785.75,831.18,45.43,47DE-BDC2,1,4,PAUSE,WAIT,END,8.61,1,,SIM,1
106.3,2026-09-24T13:08:10.206Z,1790255290206,0,57.707556,11.988292,4,1790255289906,0.3,-0.000662,0.016092,9.802671,0,0.0141,0,IMU,0,0,0,0,0,,101.3,785.75,831.18,45.43,47DE-BDC2,1,4,PAUSE,WAIT,END,8.51,1,,SIM,1
106.4,2026-09-24T13:08:10.306Z,1790255290306,0,57.707556,11.988292,4,1790255289906,0.4,0.014253,-0.011828,9.875783,0,-0.011,0,IMU,0,0,0,0,0,,101.4,785.75,831.18,45.43,47DE-BDC2,1,4,PAUSE,WAIT,END,8.41,1,,SIM,1
106.5,2026-09-24T13:08:10.406Z,1790255290406,0,57.707556,11.988292,4,1790255289906,0.5,-0.018666,0.036474,9.858716,0,0.0315,0,IMU,0,0,0,0,0,,101.5,785.75,831.18,45.43,47DE-BDC2,1,4,PAUSE,WAIT,END,8.31,1,,SIM,1
106.6,2026-09-24T13:08:10.506Z,1790255290506,0,57.707556,11.988292,4,1790255289906,0.6,-0.026273,0.034373,9.772632,0,0.0278,0,IMU,0,0,0,0,0,,101.6,785.75,831.18,45.43,47DE-BDC2,1,4,PAUSE,WAIT,END,8.21,1,,SIM,1
106.7,2026-09-24T13:08:10.606Z,1790255290606,0,57.707556,11.988292,4,1790255289906,0.7,0.05724,0.037082,9.894341,0,0.0437,0,IMU,0,0,0,0,0,,101.7,785.75,831.18,45.43,47DE-BDC2,1,4,PAUSE,WAIT,END,8.11,1,,SIM,1
106.8,2026-09-24T13:08:10.706Z,1790255290706,0,57.707556,11.988292,4,1790255289906,0.8,0.018615,0.010916,9.834229,0,0.011,0,IMU,0,0,0,0,0,,101.8,785.75,831.18,45.43,47DE-BDC2,1,4,PAUSE,WAIT,END,8.01,1,,SIM,1
106.9,2026-09-24T13:08:10.806Z,1790255290806,0,57.707556,11.988292,4,1790255289906,0.9,0.029136,-0.008649,9.827858,0,-0.0072,0,IMU,0,0,0,0,0,,101.9,785.75,831.18,45.43,47DE-BDC2,1,4,PAUSE,WAIT,END,7.91,1,,SIM,1
107,2026-09-24T13:08:10.906Z,1790255290906,0,57.707556,11.988292,4,1790255290906,0,0.016468,0.033753,9.793922,0,0.0313,0,IMU,0,0,0,0,0,,102,785.75,831.18,45.43,47DE-BDC2,1,4,PAUSE,WAIT,END,7.81,1,,SIM,1
107.1,2026-09-24T13:08:11.006Z,1790255291006,0,57.707556,11.988292,4,1790255290906,0.1,0.00203,-0.047636,9.881931,0,-0.0516,0,IMU,0,0,0,0,0,,102.1,785.75,831.18,45.43,47DE-BDC2,1,4,PAUSE,WAIT,END,7.71,1,,SIM,1
107.2,2026-09-24T13:08:11.106Z,1790255291106,0,57.707556,11.988292,4,1790255290906,0.2,0.092469,-0.063339,9.830256,0,-0.0502,0,IMU,0,0,0,0,0,,102.2,785.75,831.18,45.43,47DE-BDC2,1,4,PAUSE,WAIT,END,7.61,1,,SIM,1
107.3,2026-09-24T13:08:11.206Z,1790255291206,0,57.707556,11.988292,4,1790255290906,0.3,0.013152,-0.00455,9.837256,0,-0.0072,0,IMU,0,0,0,0,0,,102.3,785.75,831.18,45.43,47DE-BDC2,1,4,PAUSE,WAIT,END,7.51,1,,SIM,1
107.4,2026-09-24T13:08:11.306Z,1790255291306,0,57.707556,11.988292,4,1790255290906,0.4,-0.003893,-0.038825,9.809075,0,-0.0423,0,IMU,0,0,0,0,0,,102.4,785.75,831.18,45.43,47DE-BDC2,1,4,PAUSE,WAIT,END,7.41,1,,SIM,1
107.5,2026-09-24T13:08:11.406Z,1790255291406,0,57.707556,11.988292,4,1790255290906,0.5,0.033943,0.038852,9.780972,0,0.0406,0,IMU,0,0,0,0,0,,102.5,785.75,831.18,45.43,47DE-BDC2,1,4,PAUSE,WAIT,END,7.31,1,,SIM,1
107.6,2026-09-24T13:08:11.506Z,1790255291506,0,57.707556,11.988292,4,1790255290906,0.6,0.024196,0.004023,9.829479,0,0.0038,0,IMU,0,0,0,0,0,,102.6,785.75,831.18,45.43,47DE-BDC2,1,4,PAUSE,WAIT,END,7.21,1,,SIM,1
107.7,2026-09-24T13:08:11.606Z,1790255291606,0,57.707556,11.988292,4,1790255290906,0.7,0.010516,-0.027361,9.800272,0,-0.0271,0,IMU,0,0,0,0,0,,102.7,785.75,831.18,45.43,47DE-BDC2,1,4,PAUSE,WAIT,END,7.11,1,,SIM,1
107.8,2026-09-24T13:08:11.706Z,1790255291706,0,57.707556,11.988292,4,1790255290906,0.8,0.042238,-0.023965,9.771924,0,-0.0191,0,IMU,0,0,0,0,0,,102.8,785.75,831.18,45.43,47DE-BDC2,1,4,PAUSE,WAIT,END,7.01,1,,SIM,1
107.9,2026-09-24T13:08:11.806Z,1790255291806,0,57.707556,11.988292,4,1790255290906,0.9,0.019957,-0.019503,9.783345,0,-0.0167,0,IMU,0,0,0,0,0,,102.9,785.75,831.18,45.43,47DE-BDC2,1,4,PAUSE,WAIT,END,6.91,1,,SIM,1
108,2026-09-24T13:08:11.906Z,1790255291906,0,57.707556,11.988292,4,1790255291906,0,-0.026295,0.018361,9.844282,0,0.0113,0,IMU,0,0,0,0,0,,103,785.75,831.18,45.43,47DE-BDC2,1,4,PAUSE,WAIT,END,6.81,1,,SIM,1
108.1,2026-09-24T13:08:12.006Z,1790255292006,0,57.707556,11.988292,4,1790255291906,0.1,0.013981,-0.069419,9.753623,0,-0.0676,0,IMU,0,0,0,0,0,,103.1,785.75,831.18,45.43,47DE-BDC2,1,4,PAUSE,WAIT,END,6.71,1,,SIM,1
108.2,2026-09-24T13:08:12.106Z,1790255292106,0,57.707556,11.988292,4,1790255291906,0.2,0.031948,-0.003712,9.814533,0,-0.0001,0,IMU,0,0,0,0,0,,103.2,785.75,831.18,45.43,47DE-BDC2,1,4,PAUSE,WAIT,END,6.61,1,,SIM,1
108.3,2026-09-24T13:08:12.206Z,1790255292206,0,57.707556,11.988292,4,1790255291906,0.3,0.038303,-0.009202,9.866152,0,-0.0047,0,IMU,0,0,0,0,0,,103.3,785.75,831.18,45.43,47DE-BDC2,1,4,PAUSE,WAIT,END,6.51,1,,SIM,1
108.4,2026-09-24T13:08:12.306Z,1790255292306,0,57.707556,11.988292,4,1790255291906,0.4,0.011817,0.001278,9.78349,0,0.0009,0,IMU,0,0,0,0,0,,103.4,785.75,831.18,45.43,47DE-BDC2,1,4,PAUSE,WAIT,END,6.41,1,,SIM,1
108.5,2026-09-24T13:08:12.406Z,1790255292406,0,57.707556,11.988292,4,1790255291906,0.5,0.039946,0.025619,9.878832,0,0.0296,0,IMU,0,0,0,0,0,,103.5,785.75,831.18,45.43,47DE-BDC2,1,4,PAUSE,WAIT,END,6.31,1,,SIM,1
108.6,2026-09-24T13:08:12.506Z,1790255292506,0,57.707556,11.988292,4,1790255291906,0.6,-0.024856,-0.043155,9.853059,0,-0.0484,0,IMU,0,0,0,0,0,,103.6,785.75,831.18,45.43,47DE-BDC2,1,4,PAUSE,WAIT,END,6.21,1,,SIM,1
108.7,2026-09-24T13:08:12.606Z,1790255292606,0,57.707556,11.988292,4,1790255291906,0.7,-0.022882,-0.036718,9.834038,0,-0.0418,0,IMU,0,0,0,0,0,,103.7,785.75,831.18,45.43,47DE-BDC2,1,4,PAUSE,WAIT,END,6.11,1,,SIM,1
108.8,2026-09-24T13:08:12.706Z,1790255292706,0,57.707556,11.988292,4,1790255291906,0.8,-0.024065,-0.024208,9.807609,0,-0.0305,0,IMU,0,0,0,0,0,,103.8,785.75,831.18,45.43,47DE-BDC2,1,4,PAUSE,WAIT,END,6.01,1,,SIM,1
108.9,2026-09-24T13:08:12.806Z,1790255292806,0,57.707556,11.988292,4,1790255291906,0.9,-0.023475,0.002809,9.763515,0,-0.0042,0,IMU,0,0,0,0,0,,103.9,785.75,831.18,45.43,47DE-BDC2,1,4,PAUSE,WAIT,END,5.91,1,,SIM,1
109,2026-09-24T13:08:12.906Z,1790255292906,0,57.707556,11.988292,4,1790255292906,0,0.013027,-0.014371,9.787938,0,-0.0148,0,IMU,0,0,0,0,0,,104,785.75,831.18,45.43,47DE-BDC2,1,4,PAUSE,WAIT,END,5.81,1,,SIM,1
109.1,2026-09-24T13:08:13.006Z,1790255293006,0,57.707556,11.988292,4,1790255292906,0.1,0.028381,0.042302,9.836395,0,0.0427,0,IMU,0,0,0,0,0,,104.1,785.75,831.18,45.43,47DE-BDC2,1,4,PAUSE,WAIT,END,5.71,1,,SIM,1
109.2,2026-09-24T13:08:13.106Z,1790255293106,0,57.707556,11.988292,4,1790255292906,0.2,0.028889,0.0074,9.831113,0,0.0091,0,IMU,0,0,0,0,0,,104.2,785.75,831.18,45.43,47DE-BDC2,1,4,PAUSE,WAIT,END,5.61,1,,SIM,1
109.3,2026-09-24T13:08:13.206Z,1790255293206,0,57.707556,11.988292,4,1790255292906,0.3,-0.003917,-0.000121,9.79349,0,-0.0022,0,IMU,0,0,0,0,0,,104.3,785.75,831.18,45.43,47DE-BDC2,1,4,PAUSE,WAIT,END,5.51,1,,SIM,1
109.4,2026-09-24T13:08:13.306Z,1790255293306,0,57.707556,11.988292,4,1790255292906,0.4,-0.006746,-0.011701,9.912957,0,-0.0139,0,IMU,0,0,0,0,0,,104.4,785.75,831.18,45.43,47DE-BDC2,1,4,PAUSE,WAIT,END,5.41,1,,SIM,1
109.5,2026-09-24T13:08:13.406Z,1790255293406,0,57.707556,11.988292,4,1790255292906,0.5,0.023811,0.013794,9.786426,0,0.0166,0,IMU,0,0,0,0,0,,104.5,785.75,831.18,45.43,47DE-BDC2,1,4,PAUSE,WAIT,END,5.31,1,,SIM,1
109.6,2026-09-24T13:08:13.506Z,1790255293506,0,57.707556,11.988292,4,1790255292906,0.6,-0.010673,-0.042977,9.81049,0,-0.0443,0,IMU,0,0,0,0,0,,104.6,785.75,831.18,45.43,47DE-BDC2,1,4,PAUSE,WAIT,END,5.21,1,,SIM,1
109.7,2026-09-24T13:08:13.606Z,1790255293606,0,57.707556,11.988292,4,1790255292906,0.7,0.047046,0.017879,9.789242,0,0.0255,0,IMU,0,0,0,0,0,,104.7,785.75,831.18,45.43,47DE-BDC2,1,4,PAUSE,WAIT,END,5.11,1,,SIM,1
109.8,2026-09-24T13:08:13.706Z,1790255293706,0,57.707556,11.988292,4,1790255292906,0.8,0.006604,-0.021654,9.737874,0,-0.0204,0,IMU,0,0,0,0,0,,104.8,785.75,831.18,45.43,47DE-BDC2,1,4,PAUSE,WAIT,END,5.01,1,,SIM,1
109.9,2026-09-24T13:08:13.806Z,1790255293806,0,57.707556,11.988292,4,1790255292906,0.9,0.012041,0.013736,9.825492,0,0.0159,0,IMU,0,0,0,0,0,,104.9,785.75,831.18,45.43,47DE-BDC2,1,4,PAUSE,WAIT,END,4.91,1,,SIM,1
110,2026-09-24T13:08:13.906Z,1790255293906,0,57.707556,11.988292,4,1790255293906,0,0.01301,0.00867,9.796774,0,0.0102,0,IMU,0,0,0,0,0,,105,785.75,831.18,45.43,47DE-BDC2,1,4,PAUSE,WAIT,END,4.81,1,,SIM,1
110.1,2026-09-24T13:08:14.006Z,1790255294006,0,57.707556,11.988292,4,1790255293906,0.1,0.006345,0.053397,9.816816,0,0.0523,0,IMU,0,0,0,0,0,,105.1,785.75,831.18,45.43,47DE-BDC2,1,4,PAUSE,WAIT,END,4.71,1,,SIM,1
110.2,2026-09-24T13:08:14.106Z,1790255294106,0,57.707556,11.988292,4,1790255293906,0.2,-0.003832,-0.01277,9.841751,0,-0.0142,0,IMU,0,0,0,0,0,,105.2,785.75,831.18,45.43,47DE-BDC2,1,4,PAUSE,WAIT,END,4.61,1,,SIM,1
110.3,2026-09-24T13:08:14.206Z,1790255294206,0,57.707556,11.988292,4,1790255293906,0.3,-0.047182,-0.016945,9.791841,0,-0.0263,0,IMU,0,0,0,0,0,,105.3,785.75,831.18,45.43,47DE-BDC2,1,4,PAUSE,WAIT,END,4.51,1,,SIM,1
110.4,2026-09-24T13:08:14.306Z,1790255294306,0,57.707556,11.988292,4,1790255293906,0.4,0.033946,-0.008952,9.821703,0,-0.0037,0,IMU,0,0,0,0,0,,105.4,785.75,831.18,45.43,47DE-BDC2,1,4,PAUSE,WAIT,END,4.41,1,,SIM,1
110.5,2026-09-24T13:08:14.406Z,1790255294406,0,57.707556,11.988292,4,1790255293906,0.5,0.004101,0.021735,9.769787,0,0.0218,0,IMU,0,0,0,0,0,,105.5,785.75,831.18,45.43,47DE-BDC2,1,4,PAUSE,WAIT,END,4.31,1,,SIM,1
110.6,2026-09-24T13:08:14.506Z,1790255294506,0,57.707556,11.988292,4,1790255293906,0.6,0.001076,-0.017098,9.803201,0,-0.0163,0,IMU,0,0,0,0,0,,105.6,785.75,831.18,45.43,47DE-BDC2,1,4,PAUSE,WAIT,END,4.21,1,,SIM,1
110.7,2026-09-24T13:08:14.606Z,1790255294606,0,57.707556,11.988292,4,1790255293906,0.7,0.010717,0.046264,9.84794,0,0.0475,0,IMU,0,0,0,0,0,,105.7,785.75,831.18,45.43,47DE-BDC2,1,4,PAUSE,WAIT,END,4.11,1,,SIM,1
110.8,2026-09-24T13:08:14.706Z,1790255294706,0,57.707556,11.988292,4,1790255293906,0.8,-0.014719,-0.015276,9.797554,0,-0.0181,0,IMU,0,0,0,0,0,,105.8,785.75,831.18,45.43,47DE-BDC2,1,4,PAUSE,WAIT,END,4.01,1,,SIM,1
110.9,2026-09-24T13:08:14.806Z,1790255294806,0,57.707556,11.988292,4,1790255293906,0.9,0.037266,-0.002602,9.856441,0,0.002,0,IMU,0,0,0,0,0,,105.9,785.75,831.18,45.43,47DE-BDC2,1,4,PAUSE,WAIT,END,3.91,1,,SIM,1
111,2026-09-24T13:08:14.906Z,1790255294906,0,57.707556,11.988292,4,1790255294906,0,-0.020631,0.05083,9.834627,0,0.0446,0,IMU,0,0,0,0,0,,106,785.75,831.18,45.43,47DE-BDC2,1,4,PAUSE,WAIT,END,3.81,1,,SIM,1
111.1,2026-09-24T13:08:15.006Z,1790255295006,0,57.707556,11.988292,4,1790255294906,0.1,-0.023031,-0.050608,9.792211,0,-0.0545,0,IMU,0,0,0,0,0,,106.1,785.75,831.18,45.43,47DE-BDC2,1,4,PAUSE,WAIT,END,3.71,1,,SIM,1
111.2,2026-09-24T13:08:15.106Z,1790255295106,0,57.707556,11.988292,4,1790255294906,0.2,0.008261,-0.000416,9.807736,0,0.0001,0,IMU,0,0,0,0,0,,106.2,785.75,831.18,45.43,47DE-BDC2,1,4,PAUSE,WAIT,END,3.61,1,,SIM,1
111.3,2026-09-24T13:08:15.206Z,1790255295206,0,57.707556,11.988292,4,1790255294906,0.3,-0.009519,0.004361,9.797402,0,0.0009,0,IMU,0,0,0,0,0,,106.3,785.75,831.18,45.43,47DE-BDC2,1,4,PAUSE,WAIT,END,3.51,1,,SIM,1
111.4,2026-09-24T13:08:15.306Z,1790255295306,0,57.707556,11.988292,4,1790255294906,0.4,-0.046822,-0.039443,9.781403,0,-0.0483,0,IMU,0,0,0,0,0,,106.4,785.75,831.18,45.43,47DE-BDC2,1,4,PAUSE,WAIT,END,3.41,1,,SIM,1
111.5,2026-09-24T13:08:15.406Z,1790255295406,0,57.707556,11.988292,4,1790255294906,0.5,0.002011,0.017152,9.806448,0,0.0152,0,IMU,0,0,0,0,0,,106.5,785.75,831.18,45.43,47DE-BDC2,1,4,PAUSE,WAIT,END,3.31,1,,SIM,1
111.6,2026-09-24T13:08:15.506Z,1790255295506,0,57.707556,11.988292,4,1790255294906,0.6,-0.036639,-0.030469,9.834739,0,-0.0381,0,IMU,0,0,0,0,0,,106.6,785.75,831.18,45.43,47DE-BDC2,1,4,PAUSE,WAIT,END,3.21,1,,SIM,1
111.7,2026-09-24T13:08:15.606Z,1790255295606,0,57.707556,11.988292,4,1790255294906,0.7,-0.022811,0.009391,9.820257,0,0.0038,0,IMU,0,0,0,0,0,,106.7,785.75,831.18,45.43,47DE-BDC2,1,4,PAUSE,WAIT,END,3.11,1,,SIM,1
111.8,2026-09-24T13:08:15.706Z,1790255295706,0,57.707556,11.988292,4,1790255294906,0.8,0.041347,0.03858,9.799995,0,0.0431,0,IMU,0,0,0,0,0,,106.8,785.75,831.18,45.43,47DE-BDC2,1,4,PAUSE,WAIT,END,3.01,1,,SIM,1
111.9,2026-09-24T13:08:15.806Z,1790255295806,0,57.707556,11.988292,4,1790255294906,0.9,-0.004708,-0.034097,9.797005,0,-0.0367,0,IMU,0,0,0,0,0,,106.9,785.75,831.18,45.43,47DE-BDC2,1,4,PAUSE,WAIT,END,2.91,1,,SIM,1
112,2026-09-24T13:08:15.906Z,1790255295906,0,57.707556,11.988292,4,1790255295906,0,0.004047,0.023941,9.809628,0,0.0211,0,IMU,0,0,0,0,0,,107,785.75,831.18,45.43,47DE-BDC2,1,4,PAUSE,WAIT,END,2.81,1,,SIM,1
112.1,2026-09-24T13:08:16.006Z,1790255296006,0,57.707556,11.988292,4,1790255295906,0.1,-0.057158,-0.030619,9.836784,0,-0.0437,0,IMU,0,0,0,0,0,,107.1,785.75,831.18,45.43,47DE-BDC2,1,4,PAUSE,WAIT,END,2.71,1,,SIM,1
112.2,2026-09-24T13:08:16.106Z,1790255296106,0,57.707556,11.988292,4,1790255295906,0.2,-0.023715,-0.032984,9.810515,0,-0.04,0,IMU,0,0,0,0,0,,107.2,785.75,831.18,45.43,47DE-BDC2,1,4,PAUSE,WAIT,END,2.61,1,,SIM,1
112.3,2026-09-24T13:08:16.206Z,1790255296206,0,57.707556,11.988292,4,1790255295906,0.3,0.043172,-0.009377,9.801041,0,-0.0052,0,IMU,0,0,0,0,0,,107.3,785.75,831.18,45.43,47DE-BDC2,1,4,PAUSE,WAIT,END,2.51,1,,SIM,1
112.4,2026-09-24T13:08:16.306Z,1790255296306,0,57.707556,11.988292,4,1790255295906,0.4,-0.004952,-0.005803,9.81557,0,-0.01,0,IMU,0,0,0,0,0,,107.4,785.75,831.18,45.43,47DE-BDC2,1,4,PAUSE,WAIT,END,2.41,1,,SIM,1
112.5,2026-09-24T13:08:16.406Z,1790255296406,0,57.707556,11.988292,4,1790255295906,0.5,-0.033358,0.006703,9.852973,0,-0.0031,0,IMU,0,0,0,0,0,,107.5,785.75,831.18,45.43,47DE-BDC2,1,4,PAUSE,WAIT,END,2.31,1,,SIM,1
112.6,2026-09-24T13:08:16.506Z,1790255296506,0,57.707556,11.988292,4,1790255295906,0.6,-0.011805,-0.011812,9.811551,0,-0.0175,0,IMU,0,0,0,0,0,,107.6,785.75,831.18,45.43,47DE-BDC2,1,4,PAUSE,WAIT,END,2.21,1,,SIM,1
112.7,2026-09-24T13:08:16.606Z,1790255296606,0,57.707556,11.988292,4,1790255295906,0.7,0.006248,0.017518,9.842867,0,0.0133,0,IMU,0,0,0,0,0,,107.7,785.75,831.18,45.43,47DE-BDC2,1,4,PAUSE,WAIT,END,2.11,1,,SIM,1
112.8,2026-09-24T13:08:16.706Z,1790255296706,0,57.707556,11.988292,4,1790255295906,0.8,0.000236,0.06003,9.765897,0,0.055,0,IMU,0,0,0,0,0,,107.8,785.75,831.18,45.43,47DE-BDC2,1,4,PAUSE,WAIT,END,2.01,1,,SIM,1
112.9,2026-09-24T13:08:16.806Z,1790255296806,0,57.707556,11.988292,4,1790255295906,0.9,0.011084,-0.009758,9.816854,0,-0.0118,0,IMU,0,0,0,0,0,,107.9,785.75,831.18,45.43,47DE-BDC2,1,4,PAUSE,WAIT,END,1.91,1,,SIM,1
113,2026-09-24T13:08:16.906Z,1790255296906,0,57.707556,11.988292,4,1790255296906,0,0.001691,-0.031369,9.847227,0,-0.0349,0,IMU,0,0,0,0,0,,108,785.75,831.18,45.43,47DE-BDC2,1,4,PAUSE,WAIT,END,1.81,1,,SIM,1
113.1,2026-09-24T13:08:17.006Z,1790255297006,0,57.707556,11.988292,4,1790255296906,0.1,-0.017264,0.038357,9.818128,0,0.0293,0,IMU,0,0,0,0,0,,108.1,785.75,831.18,45.43,47DE-BDC2,1,4,PAUSE,WAIT,END,1.71,1,,SIM,1
113.2,2026-09-24T13:08:17.106Z,1790255297106,0,57.707556,11.988292,4,1790255296906,0.2,-0.035886,0.010982,9.735111,0,-0.0006,0,IMU,0,0,0,0,0,,108.2,785.75,831.18,45.43,47DE-BDC2,1,4,PAUSE,WAIT,END,1.61,1,,SIM,1
113.3,2026-09-24T13:08:17.206Z,1790255297206,0,57.707556,11.988292,4,1790255296906,0.3,0.031082,-0.024062,9.799719,0,-0.0235,0,IMU,0,0,0,0,0,,108.3,785.75,831.18,45.43,47DE-BDC2,1,4,PAUSE,WAIT,END,1.51,1,,SIM,1
113.4,2026-09-24T13:08:17.306Z,1790255297306,0,57.707556,11.988292,4,1790255296906,0.4,0.001928,-0.035899,9.781722,0,-0.0399,0,IMU,0,0,0,0,0,,108.4,785.75,831.18,45.43,47DE-BDC2,1,4,PAUSE,WAIT,END,1.41,1,,SIM,1
113.5,2026-09-24T13:08:17.406Z,1790255297406,0,57.707556,11.988292,4,1790255296906,0.5,-0.02626,-0.034949,9.788459,0,-0.0436,0,IMU,0,0,0,0,0,,108.5,785.75,831.18,45.43,47DE-BDC2,1,4,PAUSE,WAIT,END,1.31,1,,SIM,1
113.6,2026-09-24T13:08:17.506Z,1790255297506,0,57.707556,11.988292,4,1790255296906,0.6,0.010499,-0.014933,9.796367,0,-0.0175,0,IMU,0,0,0,0,0,,108.6,785.75,831.18,45.43,47DE-BDC2,1,4,PAUSE,WAIT,END,1.21,1,,SIM,1
113.7,2026-09-24T13:08:17.606Z,1790255297606,0,57.707556,11.988292,4,1790255296906,0.7,0.012729,-0.016806,9.835434,0,-0.0185,0,IMU,0,0,0,0,0,,108.7,785.75,831.18,45.43,47DE-BDC2,1,4,PAUSE,WAIT,END,1.11,1,,SIM,1
113.8,2026-09-24T13:08:17.706Z,1790255297706,0,57.707556,11.988292,4,1790255296906,0.8,0.030738,-0.049309,9.838223,0,-0.0471,0,IMU,0,0,0,0,0,,108.8,785.75,831.18,45.43,47DE-BDC2,1,4,PAUSE,WAIT,END,1.01,1,,SIM,1
113.9,2026-09-24T13:08:17.806Z,1790255297806,0,57.707556,11.988292,4,1790255296906,0.9,0.00432,0.001666,9.758851,0,-0.0013,0,IMU,0,0,0,0,0,,108.9,785.75,831.18,45.43,47DE-BDC2,1,4,PAUSE,WAIT,END,0.91,1,,SIM,1
114,2026-09-24T13:08:17.906Z,1790255297906,0,57.707556,11.988292,4,1790255297906,0,-0.040963,0.038608,9.769568,0,0.0282,0,IMU,0,0,0,0,0,,109,785.75,831.18,45.43,47DE-BDC2,1,4,PAUSE,WAIT,END,0.81,1,,SIM,1
114.1,2026-09-24T13:08:18.006Z,1790255298006,0,57.707556,11.988292,4,1790255297906,0.1,0.050273,0.043654,9.800462,0,0.0483,0,IMU,0,0,0,0,0,,109.1,785.75,831.18,45.43,47DE-BDC2,1,4,PAUSE,WAIT,END,0.71,1,,SIM,1
114.2,2026-09-24T13:08:18.106Z,1790255298106,0,57.707556,11.988292,4,1790255297906,0.2,0.018808,0.006724,9.854311,0,0.0067,0,IMU,0,0,0,0,0,,109.2,785.75,831.18,45.43,47DE-BDC2,1,4,PAUSE,WAIT,END,0.61,1,,SIM,1
114.3,2026-09-24T13:08:18.206Z,1790255298206,0,57.707556,11.988292,4,1790255297906,0.3,0.036474,-0.034637,9.80473,0,-0.0315,0,IMU,0,0,0,0,0,,109.3,785.75,831.18,45.43,47DE-BDC2,1,4,PAUSE,WAIT,END,0.51,1,,SIM,1
114.4,2026-09-24T13:08:18.306Z,1790255298306,0,57.707556,11.988292,4,1790255297906,0.4,0.024989,0.005933,9.798421,0,0.0065,0,IMU,0,0,0,0,0,,109.4,785.75,831.18,45.43,47DE-BDC2,1,4,PAUSE,WAIT,END,0.41,1,,SIM,1
114.5,2026-09-24T13:08:18.406Z,1790255298406,0,57.707556,11.988292,4,1790255297906,0.5,0.008618,-0.012232,9.783642,0,-0.0141,0,IMU,0,0,0,0,0,,109.5,785.75,831.18,45.43,47DE-BDC2,1,4,PAUSE,WAIT,END,0.31,1,,SIM,1
114.6,2026-09-24T13:08:18.506Z,1790255298506,0,57.707556,11.988292,4,1790255297906,0.6,0.007599,-0.003497,9.816416,0,-0.0058,0,IMU,0,0,0,0,0,,109.6,785.75,831.18,45.43,47DE-BDC2,1,4,PAUSE,WAIT,END,0.21,1,,SIM,1
114.7,2026-09-24T13:08:18.606Z,1790255298606,0,57.707556,11.988292,4,1790255297906,0.7,0.005658,0.039439,9.842808,0,0.0364,0,IMU,0,0,0,0,0,,109.7,785.75,831.18,45.43,47DE-BDC2,1,4,PAUSE,WAIT,END,0.11,1,,SIM,1
114.8,2026-09-24T13:08:18.706Z,1790255298706,0,57.707556,11.988292,4,1790255297906,0.8,0.021254,-0.002228,9.788272,0,-0.0016,0,IMU,0,0,0,0,0,,109.8,785.75,831.18,45.43,47DE-BDC2,1,4,PAUSE,WAIT,END,0.01,1,,SIM,1
114.9,2026-09-24T13:08:18.806Z,1790255298806,0,57.707556,11.988292,4,1790255297906,0.9,0.002383,0.000273,9.855009,0,-0.002,0,IMU,0,0,0,0,,,109.9,785.75,831.18,45.43,47DE-BDC2,1,4,END,DONE,,0,,,SIM,1
115,2026-09-24T13:08:18.906Z,1790255298906,0,57.707556,11.988292,4,1790255298906,0,-0.056276,-0.044839,9.794991,0,-0.0562,0,IMU,0,0,0,0,,,110,785.75,831.18,45.43,47DE-BDC2,1,4,END,DONE,,0,,,SIM,1
115.1,2026-09-24T13:08:19.006Z,1790255299006,0,57.707556,11.988292,4,1790255298906,0.1,0.018791,-0.003664,9.791774,0,-0.0023,0,IMU,0,0,0,0,,,110.1,785.75,831.18,45.43,47DE-BDC2,1,4,END,DONE,,0,,,SIM,1
115.2,2026-09-24T13:08:19.106Z,1790255299106,0,57.707556,11.988292,4,1790255298906,0.2,0.025116,0.034383,9.808104,0,0.0362,0,IMU,0,0,0,0,,,110.2,785.75,831.18,45.43,47DE-BDC2,1,4,END,DONE,,0,,,SIM,1
115.3,2026-09-24T13:08:19.206Z,1790255299206,0,57.707556,11.988292,4,1790255298906,0.3,0.004747,-0.00476,9.783019,0,-0.0058,0,IMU,0,0,0,0,,,110.3,785.75,831.18,45.43,47DE-BDC2,1,4,END,DONE,,0,,,SIM,1
115.4,2026-09-24T13:08:19.306Z,1790255299306,0,57.707556,11.988292,4,1790255298906,0.4,-0.028471,-0.010048,9.817911,0,-0.0163,0,IMU,0,0,0,0,,,110.4,785.75,831.18,45.43,47DE-BDC2,1,4,END,DONE,,0,,,SIM,1
115.5,2026-09-24T13:08:19.406Z,1790255299406,0,57.707556,11.988292,4,1790255298906,0.5,0.006244,0.015258,9.828035,0,0.0144,0,IMU,0,0,0,0,,,110.5,785.75,831.18,45.43,47DE-BDC2,1,4,END,DONE,,0,,,SIM,1
115.6,2026-09-24T13:08:19.506Z,1790255299506,0,57.707556,11.988292,4,1790255298906,0.6,0.016417,-0.028246,9.78994,0,-0.0261,0,IMU,0,0,0,0,,,110.6,785.75,831.18,45.43,47DE-BDC2,1,4,END,DONE,,0,,,SIM,1
115.7,2026-09-24T13:08:19.606Z,1790255299606,0,57.707556,11.988292,4,1790255298906,0.7,-0.027832,-0.039115,9.762179,0,-0.0437,0,IMU,0,0,0,0,,,110.7,785.75,831.18,45.43,47DE-BDC2,1,4,END,DONE,,0,,,SIM,1
115.8,2026-09-24T13:08:19.706Z,1790255299706,0,57.707556,11.988292,4,1790255298906,0.8,0.017321,0.037853,9.830024,0,0.0397,0,IMU,0,0,0,0,,,110.8,785.75,831.18,45.43,47DE-BDC2,1,4,END,DONE,,0,,,SIM,1
115.9,2026-09-24T13:08:19.806Z,1790255299806,0,57.707556,11.988292,4,1790255298906,0.9,0.0195,-0.037151,9.786868,0,-0.0321,0,IMU,0,0,0,0,,,110.9,785.75,831.18,45.43,47DE-BDC2,1,4,END,DONE,,0,,,SIM,1
116,2026-09-24T13:08:19.906Z,1790255299906,0,57.707556,11.988292,4,1790255299906,0,0.02519,0.015179,9.81344,0,0.0207,0,IMU,0,0,0,0,,,111,785.75,831.18,45.43,47DE-BDC2,1,4,END,DONE,,0,,,SIM,1
116.1,2026-09-24T13:08:20.006Z,1790255300006,0,57.707556,11.988292,4,1790255299906,0.1,-0.001288,0.011675,9.86496,0,0.0122,0,IMU,0,0,0,0,,,111.1,785.75,831.18,45.43,47DE-BDC2,1,4,END,DONE,,0,,,SIM,1
116.2,2026-09-24T13:08:20.106Z,1790255300106,0,57.707556,11.988292,4,1790255299906,0.2,-0.012264,0.033838,9.878974,0,0.032,0,IMU,0,0,0,0,,,111.2,785.75,831.18,45.43,47DE-BDC2,1,4,END,DONE,,0,,,SIM,1
116.3,2026-09-24T13:08:20.206Z,1790255300206,0,57.707556,11.988292,4,1790255299906,0.3,0.050476,-0.025446,9.848151,0,-0.0155,0,IMU,0,0,0,0,,,111.3,785.75,831.18,45.43,47DE-BDC2,1,4,END,DONE,,0,,,SIM,1
116.4,2026-09-24T13:08:20.306Z,1790255300306,0,57.707556,11.988292,4,1790255299906,0.4,-0.01591,-0.049865,9.809507,0,-0.0507,0,IMU,0,0,0,0,,,111.4,785.75,831.18,45.43,47DE-BDC2,1,4,END,DONE,,0,,,SIM,1
116.5,2026-09-24T13:08:20.406Z,1790255300406,0,57.707556,11.988292,4,1790255299906,0.5,-0.004667,0.001,9.819925,0,0.001,0,IMU,0,0,0,0,,,111.5,785.75,831.18,45.43,47DE-BDC2,1,4,END,DONE,,0,,,SIM,1
116.6,2026-09-24T13:08:20.506Z,1790255300506,0,57.707556,11.988292,4,1790255299906,0.6,-0.022122,-0.005003,9.781863,0,-0.0075,0,IMU,0,0,0,0,,,111.6,785.75,831.18,45.43,47DE-BDC2,1,4,END,DONE,,0,,,SIM,1
116.7,2026-09-24T13:08:20.606Z,1790255300606,0,57.707556,11.988292,4,1790255299906,0.7,0.031533,0.016615,9.784171,0,0.0229,0,IMU,0,0,0,0,,,111.7,785.75,831.18,45.43,47DE-BDC2,1,4,END,DONE,,0,,,SIM,1
116.8,2026-09-24T13:08:20.706Z,1790255300706,0,57.707556,11.988292,4,1790255299906,0.8,-0.008794,-0.042975,9.842215,0,-0.0428,0,IMU,0,0,0,0,,,111.8,785.75,831.18,45.43,47DE-BDC2,1,4,END,DONE,,0,,,SIM,1
116.9,2026-09-24T13:08:20.806Z,1790255300806,0,57.707556,11.988292,4,1790255299906,0.9,0.031483,0.033926,9.809619,0,0.0395,0,IMU,0,0,0,0,,,111.9,785.75,831.18,45.43,47DE-BDC2,1,4,END,DONE,,0,,,SIM,1
